[{"k":"领取失败","v":""},{"k":"获得","v":""},{"k":"获得","v":""},{"k":"该比赛报名已达最大人数，请选择其他比赛！","v":""},{"k":"该赛事因为报名人数不足已经取消。","v":""},{"k":"该赛事已经结束。","v":""},{"k":"您报名的","v":""},{"k":"因为报名人数不足已经取消，您的所有报名费用/门票已经返还给您！","v":""},{"k":"您报名的比赛将于3分钟后开始！","v":""},{"k":"录音时间太短，请重试","v":""},{"k":"您已成功添加此好友。","v":""},{"k":"您已拒绝此条好友申请。","v":""},{"k":"此用户名或者ID不存在","v":""},{"k":"已向对方发送好友申请。","v":""},{"k":"您的好友数量已达到上限","v":""},{"k":"该用户已是您的好友","v":""},{"k":"皇家同花顺","v":""},{"k":"同花顺","v":""},{"k":"葫芦","v":""},{"k":"同花","v":""},{"k":"三条","v":""},{"k":"两对","v":""},{"k":"高牌","v":""},{"k":"本局重购次数已达上限","v":""},{"k":"重购次数已达上限","v":""},{"k":"拥有筹码小于或等于初始筹码时才能进行重购","v":""},{"k":"本局增购次数已达上限","v":""},{"k":"增购次数已达上限","v":""},{"k":"当前阶段无法重购","v":""},{"k":"当前阶段无法增购","v":""},{"k":"重购成功,{0}筹码将在下局增加","v":""},{"k":"增购成功,{0}筹码将在下局增加","v":""},{"k":"重购成功,筹码将在下局增加","v":""},{"k":"增购成功,筹码将在下局增加","v":""},{"k":"当前阶段无法增购","v":""},{"k":"全下","v":""},{"k":"过牌","v":""},{"k":"加注","v":""},{"k":"思考中","v":""},{"k":"亮牌","v":""},{"k":"gamlbingmanager进入房间：reqEnterRoom","v":""},{"k":"手牌张数大于2","v":""},{"k":"手牌张数大于2","v":""},{"k":"已存在相同的牌","v":""},{"k":"出现了，推送先于房间数据过来：","v":""},{"k":"游客","v":""},{"k":"网络连接超时！","v":""},{"k":"网络超时","v":""},{"k":"网络异常","v":""},{"k":"连接服务器失败","v":""},{"k":"发送协议出错","v":""},{"k":"提示","v":""},{"k":"这个方法不能被调用，请调用上面的dispatchNotifyByParams(string id)","v":""},{"k":"初级场","v":""},{"k":"中级场","v":""},{"k":"高级场","v":""},{"k":"领奖信息保存成功","v":""},{"k":"物品不存在或数量不够","v":""},{"k":"您获得了","v":""},{"k":"金币","v":""},{"k":"冠","v":""},{"k":"季","v":""},{"k":"存入成功","v":""},{"k":"取出成功","v":""},{"k":"您输入的密码错误，请重新输入！","v":""},{"k":"您的原密码不正确！","v":""},{"k":"登录token不能为空","v":""},{"k":"登录失败","v":""},{"k":"登录验证已失效，请重新登录游戏！","v":""},{"k":"重新登录","v":""},{"k":"服务器信息为空！","v":""},{"k":"服务器正在维护中...","v":""},{"k":"正在加载场景资源.....","v":""},{"k":"钻石数量不足，是否前往充值？","v":""},{"k":"钻石数量不足，是否前往充值？","v":""},{"k":"金币数量不足，是否前往充值？","v":""},{"k":"已说话","v":""},{"k":"已弃牌","v":""},{"k":"在说话","v":""},{"k":"一局开始显示筹码：","v":""},{"k":"一局开始","v":""},{"k":"坐下显示筹码：","v":""},{"k":"在比牌！","v":""},{"k":"等待说话！","v":""},{"k":"等待下一局显示筹码：","v":""},{"k":"等待下一局","v":""},{"k":"showBankRoll小于显示筹码：","v":""},{"k":"showBankRoll显示筹码：","v":""},{"k":"万亿","v":""},{"k":"亿","v":""},{"k":"红点不能重复添加到同一容器上！","v":""},{"k":"已到最底部","v":""},{"k":"下拉以继续","v":""},{"k":"每日任务","v":""},{"k":"每周任务","v":""},{"k":"成长任务","v":""},{"k":"每日任务","v":""},{"k":"成长任务","v":""},{"k":"亲爱的","v":""},{"k":"亲爱的玩家","v":""},{"k":"您输入的手机号错误，请重新输入！","v":""},{"k":"您输入的验证码错误，请重新输入！","v":""},{"k":"微信昵称","v":""},{"k":"未绑定","v":""},{"k":"打开微信绑定","v":""},{"k":"仅需","v":""},{"k":"剩余买入比赛次数:{0}","v":""},{"k":"比赛筹码输光了,是否花费{0}金币重新购买{1}比赛筹码?","v":""},{"k":"是否花费{0}金币重新购买{1}比赛筹码?","v":""},{"k":"剩余买入比赛次数:{0}","v":""},{"k":"比赛筹码输光了,是否花费{0}金币重新购买{1}比赛筹码?","v":""},{"k":"是否花费{0}金币增购{1}比赛筹码?","v":""},{"k":"比赛已结束","v":""},{"k":"重购/增加购阶段已结束","v":""},{"k":"赛况","v":""},{"k":"排名","v":""},{"k":"奖励","v":""},{"k":"退赛成功，您的门票已返回账户","v":""},{"k":"退赛成功，报名费已返回账户","v":""},{"k":"比赛已经开启，不可退赛。","v":""},{"k":"提示：主动退赛仅退还报名费，服务费将不予退还。","v":""},{"k":"免费","v":""},{"k":"服务费 ","v":""},{"k":"金币","v":""},{"k":"服务费 ","v":""},{"k":"门票1张","v":""},{"k":"（延迟报名","v":""},{"k":"人","v":""},{"k":"可重购比赛，次数：","v":""},{"k":"次","v":""},{"k":"，第","v":""},{"k":"个盲注级别前可用","v":""},{"k":"金币","v":""},{"k":"兑换","v":""},{"k":"比赛筹码","v":""},{"k":"可增购比赛，次数：","v":""},{"k":"次","v":""},{"k":"，第","v":""},{"k":"个盲注级别前可用","v":""},{"k":"金币","v":""},{"k":"兑换","v":""},{"k":"比赛筹码","v":""},{"k":"赛事列表","v":""},{"k":"已报名","v":""},{"k":"我的门票","v":""},{"k":"最近赛况","v":""},{"k":"请输入一个新的昵称","v":""},{"k":"修改成功","v":""},{"k":"男","v":""},{"k":"万","v":""},{"k":"请先输入6位数的密码再创建房间！","v":""},{"k":"请先输入6位数的密码再创建房间！","v":""},{"k":"您的金币不足","v":""},{"k":",请补充金币或者选择较低场次。","v":""},{"k":"请选择盲注级别！","v":""},{"k":"审核中","v":""},{"k":"未通过","v":""},{"k":"好友","v":""},{"k":"收到礼物","v":""},{"k":"好友请求","v":""},{"k":"收到礼物","v":""},{"k":"好友请求","v":""},{"k":"您已成功领取好友赠送的","v":""},{"k":"金币！","v":""},{"k":"一直听说你的牌技不错，快来和我较量较量。我已经在玩{0}，你不来吗？","v":""},{"k":"未检测到麦克风设备或没有使用麦克风权限！","v":""},{"k":"上一条音频数据上传中","v":""},{"k":"恭喜您进入奖励圈","v":""},{"k":"恭喜您进入比赛最终桌,继续加油哦","v":""},{"k":"比赛进行{0}分钟,剩余比赛人数:{1}","v":""},{"k":"为了公平起见,已为您重新配桌","v":""},{"k":"均码:","v":""},{"k":"均码:---","v":""},{"k":"已达到最大盲注","v":""},{"k":"下次涨盲:","v":""},{"k":"下局盲注将增长至:","v":""},{"k":",前注:","v":""},{"k":"您报名的","v":""},{"k":"因为报名人数不足已经取消，您的所有报名费用/门票已经返还给您！","v":""},{"k":"您报名的比赛因为报名人数不足已经取消，您的所有报名费用/门票已经返还给您！","v":""},{"k":"状态变更：","v":""},{"k":"全下","v":""},{"k":"跟注","v":""},{"k":"发牌出现异常!","v":""},{"k":"比赛中途离开，系统将会帮您托管，您可在“我的比赛”重新进入比赛,是否确认离开？","v":""},{"k":"你是该房间的房主，你退出房间后该房间在所有玩家都离开后将被收回，您是否确定退出？","v":""},{"k":"点：","v":""},{"k":"唯一编码：","v":""},{"k":"弹出互动窗口","v":""},{"k":"金币已达上限！","v":""},{"k":"百人大战未开启","v":""},{"k":"玩法介绍","v":""},{"k":"牌型介绍","v":""},{"k":"功能键介绍","v":""},{"k":"金币","v":""},{"k":"您完成了计时奖励第","v":""},{"k":"仅需","v":""},{"k":"购买","v":""},{"k":"本周榜单","v":""},{"k":"开奖信息","v":""},{"k":"购买记录","v":""},{"k":"购买一局","v":""},{"k":"购买每局","v":""},{"k":"请选择要买入项","v":""},{"k":"您牌桌外的剩余金币不足。","v":""},{"k":"您当前不在房间中,无法邀请好友","v":""},{"k":"您未选择要邀请的好友","v":""},{"k":"好友邀请已发送","v":""},{"k":"你的好友","v":""},{"k":"现在邀请您一起游戏！","v":""},{"k":"已在房间内","v":""},{"k":"退出比赛后，比赛将进入托管状态，是否确认退出？","v":""},{"k":"是否退出并解散当前房间,进入被邀请房间?","v":""},{"k":"今日","v":""},{"k":"服务器维护中！","v":""},{"k":"您的账号或密码为空，请重新输入！","v":""},{"k":"请安装微信后重启本游戏！","v":""},{"k":"用户必须同意用户协议才可进行登录！","v":""},{"k":"您的账号或密码为空，请重新输入！","v":""},{"k":"系统邮箱","v":""},{"k":"私人邮箱","v":""},{"k":"系统邮箱","v":""},{"k":"跑马灯内容为空！","v":""},{"k":"您报名的比赛将于00:60秒后开始！","v":""},{"k":"您报名的比赛将于","v":""},{"k":"秒后开始！","v":""},{"k":"比赛即将开始","v":""},{"k":"第","v":""},{"k":"恭喜你获得了","v":""},{"k":"奖励！","v":""},{"k":"您没有获得任何奖励","v":""},{"k":"我在{0}10元话费锦标赛中获得了冠军。服吗？不服来战！","v":""},{"k":"您未安装微信，分享失败。","v":""},{"k":"等待发货","v":""},{"k":"信息错误，已返回","v":""},{"k":"初级场","v":""},{"k":"中级场","v":""},{"k":"对不起，您的金币不足最小买入","v":""},{"k":"私人房仅对VIP开放，您现在还不是VIP，是否马上开通？","v":""},{"k":"立即开通VIP","v":""},{"k":"已领取","v":""},{"k":"领奖信息","v":""},{"k":"兑换成功，我们将于1-5个工作日内进行发货。","v":""},{"k":"兑换成功，我们将于1-3个工作日内充值到您的手机。","v":""},{"k":"领奖信息必须填写完整！","v":""},{"k":"收件人输入长度不得大于6个字符","v":""},{"k":"请输入有效的手机号码","v":""},{"k":"请输入有效的qq号码","v":""},{"k":"请输入正确格式的邮箱","v":""},{"k":"详细地址的输入长度不得大于35个字符","v":""},{"k":"财富","v":""},{"k":"等级","v":""},{"k":"全部","v":""},{"k":"好友","v":""},{"k":"*手机号不能为空","v":""},{"k":"*手机号格式不正确","v":""},{"k":"*请填写手机验证码","v":""},{"k":"存款","v":""},{"k":"提现","v":""},{"k":"修改密码","v":""},{"k":"*新密码两次不一致","v":""},{"k":"密码修改成功","v":""},{"k":"0万","v":""},{"k":"存入金币不能低于1万","v":""},{"k":"密码不能为空","v":""},{"k":"密码长度为6位","v":""},{"k":"取出金额不能为空","v":""},{"k":"当前可存金币不足一万","v":""},{"k":"保险箱金币为0","v":""},{"k":"*新密码两次不一致","v":""},{"k":"*两次密码不一致","v":""},{"k":"*密码长度为6位","v":""},{"k":"*两次密码不一致","v":""},{"k":"您报名的比赛将于","v":""},{"k":"秒后开始，是否立即进入比赛？","v":""},{"k":"您报名的比赛将于","v":""},{"k":"秒后开始，是否立即进入比赛？","v":""},{"k":"微信","v":""},{"k":"朋友圈","v":""},{"k":"钻石","v":""},{"k":"是否花费{0}钻石，购买{1}？","v":""},{"k":"测试","v":""},{"k":"距离下次领奖时间00:00","v":""},{"k":"您已领取","v":""},{"k":"全部计时奖励","v":""},{"k":"距离下次领奖时间","v":""},{"k":"距离下次领奖时间00:00","v":""},{"k":"第","v":""},{"k":"距离下次领奖时间","v":""},{"k":"资料","v":""},{"k":"概况","v":""},{"k":"当前玩家不在线","v":""},{"k":"正在游戏大厅","v":""},{"k":"在{0}：{1}，{2}买入","v":""},{"k":"确定删除此好友？","v":""},{"k":"我的VIP","v":""},{"k":"VIP介绍","v":""},{"k":"开通会员","v":""},{"k":"续费会员","v":""},{"k":"续费会员","v":""},{"k":"点","v":""},{"k":"领取","v":""},{"k":"秒","v":""},{"k":"剩余人数:","v":""},{"k":"今日","v":""},{"k":"即将开始","v":""},{"k":"免费","v":""},{"k":"托管中","v":""},{"k":"延迟报名","v":""},{"k":"房卡(     x","v":""},{"k":"元","v":""},{"k":"是否花费{0}元，购买{1}？","v":""},{"k":"离线","v":""},{"k":"在线","v":""},{"k":"您已成功赠送给此好友","v":""},{"k":"金币！","v":""},{"k":"赠送给您","v":""},{"k":"好友金币","v":""},{"k":"是否花费{0}元，购买{1}？","v":""},{"k":"请先取消购买再选择","v":""},{"k":"离线","v":""},{"k":"在线","v":""},{"k":"已发货","v":""},{"k":"已充值","v":""},{"k":"等待发货","v":""},{"k":"信息错误","v":""},{"k":"您尚未填写领奖信息，请填写后再领取奖品","v":""},{"k":"今天","v":""},{"k":"冠军","v":""},{"k":"等级：","v":""},{"k":"成长值：","v":""},{"k":"天","v":""},{"k":"请先选择图片","v":""},{"k":"头像上传完成，请等待审核","v":""},{"k":"头像上传失败，请稍后重试！","v":""},{"k":"没有使用相册的权限","v":""},{"k":"选择图片失败,请尝试其他图片","v":""},{"k":"请先选择图片","v":""},{"k":"头像上传完成,请等待审核","v":""},{"k":"游客","v":""},{"k":"游客","v":""},{"k":"昵称不能为空","v":""},{"k":"昵称不能大于6个字","v":""},{"k":"昵称只能为汉字、英文和数字","v":""},{"k":"您输入的昵称包含屏蔽词","v":""},{"k":"*密码不能为空","v":""},{"k":"*密码长度为","v":""},{"k":"*密码长度为","v":""},{"k":"位","v":""},{"k":"*密码两次不一致","v":""},{"k":"发送验证码","v":""},{"k":"重新发送","v":""},{"k":"保险箱功能仅对VIP用户开放","v":""},{"k":"您开通了VIP，保险箱以为您免费开放，请尽快设定您的保险箱密码!","v":""},{"k":"非法支付","v":""},{"k":"支付失败","v":""},{"k":"token不能为空","v":""},{"k":"微信支付接口不存在","v":""},{"k":"登录类型错误","v":""},{"k":"微信授权openid为空","v":""},{"k":"请求支付数据返回错误","v":""},{"k":"请求支付失败，请检查网络是否正常","v":""},{"k":"非微信打开无法分享","v":""},{"k":"分享成功","v":""},{"k":"onComplete不为空时，thisObject不能为空","v":""},{"k":"连接失败","v":""},{"k":"重新登录","v":""},{"k":"登录验证失效或网络连接断开，点击确认重新登录游戏！","v":""},{"k":"网络断开","v":""},{"k":"登录验证已失效，点击确认重新登录游戏！","v":""},{"k":"网络断开","v":""},{"k":"网络连接断开，请检查您的网络是否正常，点击确认重试！","v":""},{"k":"验证错误","v":""},{"k":"连接服务器验证错误","v":""},{"k":"登录失效","v":""},{"k":"登录验证失效，请重新登录游戏！","v":""},{"k":"网络超时","v":""},{"k":"网络连接超时，请检查您的网络是否正常并重试！","v":""},{"k":"该账号在其它地方登录，确定回到登录界面。","v":""},{"k":"连接失败","v":""},{"k":"登录验证失效或服务器主动断开连接！","v":""},{"k":"发送协议出错","v":""},{"k":"下载出错，请到应用商店下载","v":""},{"k":"版本号获取错误，请检查安装包是否完整","v":""},{"k":"加载版本文件失败！点击确定重新加载！","v":""},{"k":"有新版本(","v":""},{"k":")更新，需要更新才能进入游戏，点击确定前往更新!","v":""},{"k":"有新版本(","v":""},{"k":")更新，是否前往更新？","v":""},{"k":"版本文件解析错误！点击确定重新加载！","v":""},{"k":"客户端版本与服务器版本不匹配，请更新客户端再进游戏。","v":""},{"k":"前往下载","v":""},{"k":"游戏停机维护中，届时将无法登录游戏，请各位相互转告。具体开服时间可能会根据实际情况通告，敬请谅解。","v":""},{"k":"登录类型列表长度不可能为0","v":""},{"k":"未选择任何图片","v":""},{"k":"图片类型不正确","v":""},{"k":"图片不能大于","v":""},{"k":"创建Sproto对象失败!","v":""},{"k":"创建Sproto对象失败!","v":""},{"k":"yyyy年MM月dd日 hh时mm分ss秒","v":""},{"k":"yyyy年MM月dd日","v":""},{"k":"hh时mm分ss秒","v":""},{"k":"yyyy年MM月dd日 hh时mm分","v":""},{"k":"万","v":""},{"k":"正在进入游戏...","v":""},{"k":"正在加载资源...","v":""},{"k":"金币达人-1","v":""},{"k":"拥有金币数","v":""},{"k":"金币达人-2","v":""},{"k":"拥有金币数","v":""},{"k":"金币达人-3","v":""},{"k":"拥有金币数","v":""},{"k":"金币达人-4","v":""},{"k":"拥有金币数","v":""},{"k":"金币达人-5","v":""},{"k":"拥有金币数","v":""},{"k":"金币达人-6","v":""},{"k":"拥有金币数","v":""},{"k":"好友达人-1","v":""},{"k":"拥有好友数","v":""},{"k":"好友达人-2","v":""},{"k":"拥有好友数","v":""},{"k":"好友达人-3","v":""},{"k":"拥有好友数","v":""},{"k":"好友达人-4","v":""},{"k":"拥有好友数","v":""},{"k":"好友达人-5","v":""},{"k":"拥有好友数","v":""},{"k":"好友达人-6","v":""},{"k":"拥有好友数","v":""},{"k":"等级达人-1","v":""},{"k":"游戏等级达到","v":""},{"k":"等级达人-2","v":""},{"k":"游戏等级达到","v":""},{"k":"等级达人-3","v":""},{"k":"游戏等级达到","v":""},{"k":"等级达人-4","v":""},{"k":"游戏等级达到","v":""},{"k":"等级达人-5","v":""},{"k":"游戏等级达到","v":""},{"k":"等级达人-6","v":""},{"k":"游戏等级达到","v":""},{"k":"对子达人-1","v":""},{"k":"以对子胜出牌局数","v":""},{"k":"对子达人-2","v":""},{"k":"以对子胜出牌局数","v":""},{"k":"对子达人-3","v":""},{"k":"以对子胜出牌局数","v":""},{"k":"对子达人-4","v":""},{"k":"以对子胜出牌局数","v":""},{"k":"对子达人-5","v":""},{"k":"以对子胜出牌局数","v":""},{"k":"对子达人-6","v":""},{"k":"以对子胜出牌局数","v":""},{"k":"两对达人-1","v":""},{"k":"以两队胜出牌局数","v":""},{"k":"两对达人-2","v":""},{"k":"以两队胜出牌局数","v":""},{"k":"两对达人-3","v":""},{"k":"以两队胜出牌局数","v":""},{"k":"两对达人-4","v":""},{"k":"以两队胜出牌局数","v":""},{"k":"两对达人-5","v":""},{"k":"以两队胜出牌局数","v":""},{"k":"两对达人-6","v":""},{"k":"以两队胜出牌局数","v":""},{"k":"三条达人-1","v":""},{"k":"以三条胜出牌局数","v":""},{"k":"三条达人-2","v":""},{"k":"以三条胜出牌局数","v":""},{"k":"三条达人-3","v":""},{"k":"以三条胜出牌局数","v":""},{"k":"三条达人-4","v":""},{"k":"以三条胜出牌局数","v":""},{"k":"三条达人-5","v":""},{"k":"以三条胜出牌局数","v":""},{"k":"三条达人-6","v":""},{"k":"以三条胜出牌局数","v":""},{"k":"顺子达人-1","v":""},{"k":"以顺子胜出牌局数","v":""},{"k":"顺子达人-2","v":""},{"k":"以顺子胜出牌局数","v":""},{"k":"顺子达人-3","v":""},{"k":"以顺子胜出牌局数","v":""},{"k":"顺子达人-4","v":""},{"k":"以顺子胜出牌局数","v":""},{"k":"顺子达人-5","v":""},{"k":"以顺子胜出牌局数","v":""},{"k":"顺子达人-6","v":""},{"k":"以顺子胜出牌局数","v":""},{"k":"同花达人-1","v":""},{"k":"以同花胜出牌局数","v":""},{"k":"同花达人-2","v":""},{"k":"以同花胜出牌局数","v":""},{"k":"同花达人-3","v":""},{"k":"以同花胜出牌局数","v":""},{"k":"同花达人-4","v":""},{"k":"以同花胜出牌局数","v":""},{"k":"同花达人-5","v":""},{"k":"以同花胜出牌局数","v":""},{"k":"同花达人-6","v":""},{"k":"以同花胜出牌局数","v":""},{"k":"葫芦达人-1","v":""},{"k":"以葫芦胜出牌局数","v":""},{"k":"葫芦达人-2","v":""},{"k":"以葫芦胜出牌局数","v":""},{"k":"葫芦达人-3","v":""},{"k":"以葫芦胜出牌局数","v":""},{"k":"葫芦达人-4","v":""},{"k":"以葫芦胜出牌局数","v":""},{"k":"葫芦达人-5","v":""},{"k":"以葫芦胜出牌局数","v":""},{"k":"葫芦达人-6","v":""},{"k":"以葫芦胜出牌局数","v":""},{"k":"四条达人-1","v":""},{"k":"以四条胜出牌局数","v":""},{"k":"四条达人-2","v":""},{"k":"以四条胜出牌局数","v":""},{"k":"四条达人-3","v":""},{"k":"以四条胜出牌局数","v":""},{"k":"四条达人-4","v":""},{"k":"以四条胜出牌局数","v":""},{"k":"四条达人-5","v":""},{"k":"以四条胜出牌局数","v":""},{"k":"四条达人-6","v":""},{"k":"以四条胜出牌局数","v":""},{"k":"同花顺达人-1","v":""},{"k":"以同花顺胜出牌局数","v":""},{"k":"同花顺达人-2","v":""},{"k":"以同花顺胜出牌局数","v":""},{"k":"同花顺达人-3","v":""},{"k":"以同花顺胜出牌局数","v":""},{"k":"同花顺达人-4","v":""},{"k":"以同花顺胜出牌局数","v":""},{"k":"同花顺达人-5","v":""},{"k":"以同花顺胜出牌局数","v":""},{"k":"同花顺达人-6","v":""},{"k":"以同花顺胜出牌局数","v":""},{"k":"皇家同花顺达人-1","v":""},{"k":"以皇家同花顺胜出牌局数","v":""},{"k":"皇家同花顺达人-2","v":""},{"k":"以皇家同花顺胜出牌局数","v":""},{"k":"皇家同花顺达人-3","v":""},{"k":"以皇家同花顺胜出牌局数","v":""},{"k":"皇家同花顺达人-4","v":""},{"k":"以皇家同花顺胜出牌局数","v":""},{"k":"皇家同花顺达人-5","v":""},{"k":"以皇家同花顺胜出牌局数","v":""},{"k":"皇家同花顺达人-6","v":""},{"k":"以皇家同花顺胜出牌局数","v":""},{"k":"在德州扑克初级场对局5场","v":""},{"k":"在德州扑克初级场对局10场","v":""},{"k":"在德州扑克初级场对局20场","v":""},{"k":"在德州扑克初级场对局50场","v":""},{"k":"在德州扑克中级场对局5场","v":""},{"k":"在德州扑克中级场对局10场","v":""},{"k":"在德州扑克中级场对局20场","v":""},{"k":"在德州扑克中级场对局50场","v":""},{"k":"在德州扑克高级场对局5场","v":""},{"k":"在德州扑克高级场对局10场","v":""},{"k":"在德州扑克高级场对局20场","v":""},{"k":"在德州扑克高级场对局50场","v":""},{"k":"成功参与1场锦标赛","v":""},{"k":"成功参与3场锦标赛","v":""},{"k":"成功参与5场锦标赛","v":""},{"k":"成功参与10场锦标赛","v":""},{"k":"在德州扑克内赢得10次胜利","v":""},{"k":"在德州扑克内赢得20次胜利","v":""},{"k":"在德州扑克内赢得50次胜利","v":""},{"k":"在德州扑克内赢得100次胜利","v":""},{"k":"在锦标赛内赢得1次冠军","v":""},{"k":"在锦标赛内赢得3次冠军","v":""},{"k":"在锦标赛内赢得5次冠军","v":""},{"k":"在锦标赛内赢得8次冠军","v":""},{"k":"等级升到5级","v":""},{"k":"等级升到10级","v":""},{"k":"等级升到15级","v":""},{"k":"等级升到20级","v":""},{"k":"等级升到25级","v":""},{"k":"等级升到30级","v":""},{"k":"等级升到35级","v":""},{"k":"等级升到40级","v":""},{"k":"微信公众号","v":""},{"k":"关注微信公众号，获得更多游戏资讯。","v":""},{"k":"玩家福利","v":""},{"k":"玩家游戏福利","v":""},{"k":"进行游戏，可获得超多游戏福利","v":""},{"k":"签到奖励","v":""},{"k":"1个月VIP","v":""},{"k":"6个月VIP","v":""},{"k":"年费VIP","v":""},{"k":"送6.5万金币","v":""},{"k":"1元=1.08万","v":""},{"k":"送20万金币","v":""},{"k":"1元=1.11万","v":""},{"k":"送86万金币","v":""},{"k":"1元=1.26万","v":""},{"k":"送183万金币","v":""},{"k":"1元=1.42万","v":""},{"k":"送510万金币","v":""},{"k":"1元=1.55万","v":""},{"k":"送1200万金币","v":""},{"k":"1元=1.85万","v":""},{"k":"6钻石","v":""},{"k":"18钻石","v":""},{"k":"68钻石","v":""},{"k":"128钻石","v":""},{"k":"328钻石","v":""},{"k":"648钻石","v":""},{"k":"免费-20万金币赛","v":""},{"k":"100万金币欢乐赛","v":""},{"k":"200万金币欢乐赛","v":""},{"k":"500万金币欢乐赛","v":""},{"k":"1000万金币欢乐赛","v":""},{"k":"2000万每日欢乐赛","v":""},{"k":"1亿金币周赛","v":""},{"k":"免费-10元话费赛","v":""},{"k":"30元话费争夺赛","v":""},{"k":"100元话费争夺赛","v":""},{"k":"测试-20万金币赛9人场","v":""},{"k":"成功","v":""},{"k":"网络异常，消息重置","v":""},{"k":"错误请求","v":""},{"k":"您输入的账号和密码错误，请重新输入！","v":""},{"k":"禁止","v":""},{"k":"账号或密码错误","v":""},{"k":"服务器维护中","v":""},{"k":"平台未开放","v":""},{"k":"只能在测试环境使用","v":""},{"k":"内部错误","v":""},{"k":"服务器达到上限,请选择其它服务器！","v":""},{"k":"昵称长度不能大于6或小于2","v":""},{"k":"请输入一个新昵称","v":""},{"k":"该帐号已注册","v":""},{"k":"用户名不存在","v":""},{"k":"用户被禁用","v":""},{"k":"角色已被封停","v":""},{"k":"角色已被禁言","v":""},{"k":"设备已被禁言","v":""},{"k":"设备已被禁用","v":""},{"k":"昵称已被使用","v":""},{"k":"昵称格式不对","v":""},{"k":"金币不足","v":""},{"k":"钻石不足","v":""},{"k":"房间不存在","v":""},{"k":"人数已满","v":""},{"k":"没有胡牌","v":""},{"k":"邀请码不存在","v":""},{"k":"VIP才能操作","v":""},{"k":"您的原密码不正确！","v":""},{"k":"输入的格式不对","v":""},{"k":"需要先设置保险箱密码","v":""},{"k":"您输入的密码错误，请重新输入！","v":""},{"k":"该用户已是您的好友！","v":""},{"k":"位置已满","v":""},{"k":"输入字符长度过长","v":""},{"k":"收获时间未到","v":""},{"k":"时间已过","v":""},{"k":"您没有坐下，不能发送聊天消息","v":""},{"k":"您已报名该锦标赛","v":""},{"k":"领取时间未到","v":""},{"k":"活动时间未到或已过期","v":""},{"k":"活动要求未完成","v":""},{"k":"活动奖励已领取","v":""},{"k":"找不到子索引","v":""},{"k":"当前阶段不能重购或增购","v":""},{"k":"赛事已结束","v":""},{"k":"信息未填写","v":""},{"k":"打杂","v":""},{"k":"打杂","v":""},{"k":"打杂","v":""},{"k":"打杂","v":""},{"k":"打杂","v":""},{"k":"实习生","v":""},{"k":"实习生","v":""},{"k":"实习生","v":""},{"k":"实习生","v":""},{"k":"实习生","v":""},{"k":"初级业务员","v":""},{"k":"初级业务员","v":""},{"k":"初级业务员","v":""},{"k":"初级业务员","v":""},{"k":"初级业务员","v":""},{"k":"中级业务员","v":""},{"k":"中级业务员","v":""},{"k":"中级业务员","v":""},{"k":"中级业务员","v":""},{"k":"中级业务员","v":""},{"k":"高级业务员","v":""},{"k":"高级业务员","v":""},{"k":"高级业务员","v":""},{"k":"高级业务员","v":""},{"k":"高级业务员","v":""},{"k":"副经理","v":""},{"k":"副经理","v":""},{"k":"副经理","v":""},{"k":"副经理","v":""},{"k":"副经理","v":""},{"k":"经理","v":""},{"k":"经理","v":""},{"k":"经理","v":""},{"k":"经理","v":""},{"k":"经理","v":""},{"k":"高级经理","v":""},{"k":"高级经理","v":""},{"k":"高级经理","v":""},{"k":"高级经理","v":""},{"k":"高级经理","v":""},{"k":"副总监","v":""},{"k":"副总监","v":""},{"k":"副总监","v":""},{"k":"副总监","v":""},{"k":"副总监","v":""},{"k":"总监","v":""},{"k":"总监","v":""},{"k":"总监","v":""},{"k":"总监","v":""},{"k":"总监","v":""},{"k":"高级总监","v":""},{"k":"高级总监","v":""},{"k":"高级总监","v":""},{"k":"高级总监","v":""},{"k":"高级总监","v":""},{"k":"资深总监","v":""},{"k":"资深总监","v":""},{"k":"资深总监","v":""},{"k":"资深总监","v":""},{"k":"资深总监","v":""},{"k":"副总经理","v":""},{"k":"副总经理","v":""},{"k":"副总经理","v":""},{"k":"副总经理","v":""},{"k":"副总经理","v":""},{"k":"总经理","v":""},{"k":"总经理","v":""},{"k":"总经理","v":""},{"k":"总经理","v":""},{"k":"总经理","v":""},{"k":"副总裁","v":""},{"k":"副总裁","v":""},{"k":"副总裁","v":""},{"k":"副总裁","v":""},{"k":"副总裁","v":""},{"k":"高级副总裁","v":""},{"k":"高级副总裁","v":""},{"k":"高级副总裁","v":""},{"k":"高级副总裁","v":""},{"k":"高级副总裁","v":""},{"k":"总裁","v":""},{"k":"总裁","v":""},{"k":"总裁","v":""},{"k":"总裁","v":""},{"k":"总裁","v":""},{"k":"副董事长","v":""},{"k":"副董事长","v":""},{"k":"副董事长","v":""},{"k":"副董事长","v":""},{"k":"副董事长","v":""},{"k":"董事长","v":""},{"k":"董事长","v":""},{"k":"董事长","v":""},{"k":"董事长","v":""},{"k":"董事长","v":""},{"k":"董事会主席","v":""},{"k":"董事会主席","v":""},{"k":"董事会主席","v":""},{"k":"董事会主席","v":""},{"k":"董事会主席","v":""},{"k":"快点行动吧，时间宝贵！","v":""},{"k":"各位，让看看牌再加吧！","v":""},{"k":"莫偷鸡，偷鸡必被抓","v":""},{"k":"你牌技这么好，地球人知道吗？","v":""},{"k":"冲动是魔鬼，冷静","v":""},{"k":"很高兴和大家一起打牌","v":""},{"k":"打诚信德州，不偷不抢","v":""},{"k":"这手牌打的不错，赢得漂亮","v":""},{"k":"青山不改绿水长流，改日再战","v":""},{"k":"嘿嘿，我又赢了，感谢大家","v":""},{"k":"你真是一个天生的演员","v":""},{"k":"有运气为什么要用技术","v":""},{"k":"自己造的池，含泪也要打完","v":""},{"k":"运气好，谢谢老板！","v":""},{"k":"无A和K","v":""},{"k":"为同花","v":""},{"k":"含A或K","v":""},{"k":"含A","v":""},{"k":"为对子","v":""},{"k":"为AA","v":""},{"k":"金币","v":""},{"k":"数值道具","v":""},{"k":"游戏中必备货币","v":""},{"k":"钻石","v":""},{"k":"数值道具","v":""},{"k":"钻石","v":""},{"k":"vip经验","v":""},{"k":"数值道具","v":""},{"k":"vip经验","v":""},{"k":"等级经验","v":""},{"k":"数值道具","v":""},{"k":"等级经验","v":""},{"k":"普通VIP","v":""},{"k":"购买后立即获得专属标识、专属客服、等级加速、创建私人房、免费使用保险箱等特权","v":""},{"k":"年费VIP","v":""},{"k":"购买后立即获得专属标识、专属客服、等级加速、创建私人房、免费使用保险箱等特权。同时立即获得200点VIP成长值。","v":""},{"k":"10元话费赛门票","v":""},{"k":"门票","v":""},{"k":"使用可免费参与10元话费赛","v":""},{"k":"100钻石赛门票","v":""},{"k":"门票","v":""},{"k":"使用可免费参与100钻石赛","v":""},{"k":"100万金币欢乐赛门票","v":""},{"k":"门票","v":""},{"k":"使用可免费参与100万金币欢乐赛","v":""},{"k":"免费-20万金币赛门票","v":""},{"k":"门票","v":""},{"k":"使用可免费参与免费-20万金币赛","v":""},{"k":"100万金币欢乐赛门票","v":""},{"k":"门票","v":""},{"k":"使用可免费参与100万金币欢乐赛","v":""},{"k":"200万金币欢乐赛门票","v":""},{"k":"门票","v":""},{"k":"使用可免费参与200万金币欢乐赛","v":""},{"k":"500万金币欢乐赛门票","v":""},{"k":"门票","v":""},{"k":"使用可免费参与500万金币欢乐赛","v":""},{"k":"1000万金币欢乐赛门票","v":""},{"k":"门票","v":""},{"k":"使用可免费参与1000万金币欢乐赛","v":""},{"k":"2000万每日欢乐赛门票","v":""},{"k":"门票","v":""},{"k":"使用可免费参与2000万每日欢乐赛","v":""},{"k":"1亿金币周赛门票","v":""},{"k":"门票","v":""},{"k":"使用可免费参与1亿金币周赛","v":""},{"k":"免费-10元话费赛门票","v":""},{"k":"门票","v":""},{"k":"使用可免费参与免费-10元话费赛","v":""},{"k":"30元话费争夺赛门票","v":""},{"k":"门票","v":""},{"k":"使用可免费参与30元话费争夺赛","v":""},{"k":"100元话费争夺赛门票","v":""},{"k":"门票","v":""},{"k":"使用可免费参与100元话费争夺赛","v":""},{"k":"iPhone7兑换券","v":""},{"k":"兑奖券","v":""},{"k":"可兑换iPhone7一台！","v":""},{"k":"iPhone7锦标赛冠军奖励","v":""},{"k":"10元话费兑奖券","v":""},{"k":"兑奖券","v":""},{"k":"可兑换10元话费","v":""},{"k":"锦标赛","v":""},{"k":"20元话费兑换券","v":""},{"k":"兑奖券","v":""},{"k":"可兑换20元话费","v":""},{"k":"锦标赛","v":""},{"k":"30元话费兑换券","v":""},{"k":"兑奖券","v":""},{"k":"可兑换30元话费","v":""},{"k":"锦标赛","v":""},{"k":"50元话费兑换券","v":""},{"k":"兑奖券","v":""},{"k":"可兑换50元话费","v":""},{"k":"锦标赛","v":""},{"k":"奖励测试1","v":""},{"k":"这是您获得的奖励{0}，请您查收！","v":""},{"k":"奖励测试2","v":""},{"k":"这是您获得的奖励{0}，请您查收！","v":""},{"k":"奖励测试3","v":""},{"k":"这是您获得的奖励{0}，请您查收！","v":""},{"k":"锦标赛奖励","v":""},{"k":"您在免费-10元话费赛中获得冠军，奖励{0}，请查收！","v":""},{"k":"锦标赛奖励","v":""},{"k":"您在30元话费争夺赛中获得冠军，奖励{0}，请查收！","v":""},{"k":"锦标赛奖励","v":""},{"k":"您在30元话费争夺赛中获得第2名，奖励{0}，请查收！","v":""},{"k":"锦标赛奖励","v":""},{"k":"您在100元话费争夺赛中获得冠军，奖励{0}，请查收！","v":""},{"k":"锦标赛奖励","v":""},{"k":"您在100元话费争夺赛中获得第2名，奖励{0}，请查收！","v":""},{"k":"锦标赛奖励","v":""},{"k":"您在100元话费争夺赛中获得第3名，奖励{0}，请查收！","v":""},{"k":"全下","v":""},{"k":"跟注","v":""},{"k":"过牌","v":""},{"k":"弃牌","v":""},{"k":"加注","v":""},{"k":"全下下注","v":""},{"k":"非全下下注","v":""},{"k":"加注滑动","v":""},{"k":"大胜利（葫芦及以上）","v":""},{"k":"下盲注","v":""},{"k":"按钮点击","v":""},{"k":"皇家同花顺胜利","v":""},{"k":"葫芦胜利","v":""},{"k":"四条胜利","v":""},{"k":"同花顺胜利","v":""},{"k":"筹码落下（一轮下注结束）","v":""},{"k":"筹码结算飞行","v":""},{"k":"结束筹码","v":""},{"k":"界面关闭","v":""},{"k":"发牌1","v":""},{"k":"弃牌音效","v":""},{"k":"收取礼物","v":""},{"k":"发送礼物","v":""},{"k":"获得金币","v":""},{"k":"大厅背景音乐","v":""},{"k":"升级","v":""},{"k":"亮牌1","v":""},{"k":"失败","v":""},{"k":"有提示（加好友、邀请入座）","v":""},{"k":"轮到自己出牌","v":""},{"k":"游戏中背景音乐","v":""},{"k":"界面打开","v":""},{"k":"发送信息","v":""},{"k":"入座","v":""},{"k":"站起","v":""},{"k":"点击座位","v":""},{"k":"胜利","v":""},{"k":"获得道具","v":""},{"k":"一万","v":""},{"k":"两万","v":""},{"k":"三万","v":""},{"k":"四万","v":""},{"k":"五万","v":""},{"k":"六万","v":""},{"k":"七万","v":""},{"k":"八万","v":""},{"k":"九万","v":""},{"k":"一筒","v":""},{"k":"二筒","v":""},{"k":"三筒","v":""},{"k":"四筒","v":""},{"k":"五筒","v":""},{"k":"六筒","v":""},{"k":"七筒","v":""},{"k":"八筒","v":""},{"k":"九筒","v":""},{"k":"一条","v":""},{"k":"二条","v":""},{"k":"三条","v":""},{"k":"四条","v":""},{"k":"五条","v":""},{"k":"六条","v":""},{"k":"七条","v":""},{"k":"八条","v":""},{"k":"九条","v":""},{"k":"中","v":""},{"k":"8局","v":""},{"k":"16局","v":""},{"k":"普通玩法","v":""},{"k":"胡八字","v":""},{"k":"10分","v":""},{"k":"20分","v":""},{"k":"30分","v":""},{"k":"锦标赛说明","v":""},{"k":">如何领取实物奖励？</font>\\n<font color=","v":""},{"k":">1，点击个人头像打开个人信息资料窗口，在窗口左下角点击“我的奖品”即可进入奖品领取页面。\\n2，请按照要求填写所有领奖信息并保存，以便及时领取奖品。</font>\\n\\n<font color=","v":""},{"k":">什么是锦标赛</font>\\n<font color=","v":""},{"k":">锦标赛是一直定时多桌的德州扑克比赛玩法。所有参赛玩家以同样的金币数量开局，直至仅剩一名玩家拥有金币，冠军产生，比赛结束。为保证比赛激烈程度，随着比赛进行，盲注等级将不断提升。\\n\\n</font><font color=","v":""},{"k":">1，固定时间开始比赛，届时若参数人数不足最低人数要求，则比赛取消，返还全部报名费用。\\n2，参加必要需要支付报名费+服务费。主动退赛仅退还报名费，不退还服务费。\\n3，逾期未参加比赛，将不退还任何费用，请提前进入游戏并准时参加。\\n4，比赛中玩家将使用比赛筹码进行比赛（比赛筹码不等于账户中的金币），仅用于比赛内计数。\\n5，前注：比赛进行过程中，每局开始前强制所有玩家自动下注若干金币，即为前注。\\n6，重购筹码（rebuy）：在可以rebuy的比赛中规定的盲注级别内，若玩家当前金币≤初始金币时（或被淘汰），可以再次花费比赛参赛费额外买入一份初始买入筹码。\\n7，增购筹码（addon）：在可以addon的比赛中规定的盲注级别内，玩家可以再次花费报名费额外买入若干筹码。\\n8，比赛根据比赛代币数进行排位，最先退出比赛的玩家即为最后一名，以此类推。同时被淘汰则依次按照牌力、开始时筹码定位名次，牌力大者排名在前，开始时筹码多者排名在前。\\n9，当比赛里只剩下最后一名玩家时比赛结束，最后一名玩家即是冠军。\\n10，比赛优先使用门票报名，金币报名（参赛费+服务费，如“10万+1万”）退赛时将仅退还参赛费，赛事开始后无法退赛。\\n\\n</font>","v":""},{"k":"提示","v":""},{"k":"推广招募微信:ceshizhanghu1、ceshizhanghu2","v":""},{"k":"版本信息","v":""},{"k":">亲爱的玩家你好</font>\\n1，欢迎来到盱眙麻将。\\n此为测试版本，如你遇到任何问题，请咨询客服。","v":""},{"k":"提示","v":""},{"k":"客服QQ:999999999","v":""},{"k":">玩法规则</font>","v":""},{"k":">1，在牌局进行中，您可以使用牌桌外的筹码在手牌竞猜中购买手牌类型，在规定数量内进行购买。\\n2，购买的额度根据当前所在房间的大盲注为准。\\n3，当您在开局，获得手牌后进行结算，若发出您竞猜的手牌牌型，则返还您该项目的投入并按其比例奖励您金币到您的账户。\\n4，游戏开始后，只能购买下局的手牌。\\n5，本周榜单的时间为：每周一0:00开始到每周日23:59为止。\\n6，开奖信息只记录当前牌桌内，最近10局的手牌开奖信息。\\n7，购买记录只记录所有牌桌中，最多30条的手牌竞猜记录。</font>","v":""},{"k":"QQ群1","v":""},{"k":"QQ群2","v":""},{"k":"客服电话","v":""}]