{"groups":[{"keys":"config/proto_zip,config/config_zip,assets/sheet/login_2_json,assets/bg/hall_bg_2_png,assets/bg/hall_bg_1_png,assets/sheet/login_1_json","name":"login"},{"keys":"assets/sheet/gambling_2_json,assets/sheet/gambling_1_json,assets/bg/game_bg_1_png","name":"gambling"},{"keys":"assets/sheet/text_2_json,assets/sheet/text_1_json,assets/sheet/login_text_1_json,assets/sheet/login_text_2_json","name":"text"},{"keys":"assets/lang/sheet/text_en_1_json,assets/lang/sheet/text_en_2_json","name":"text_en"},{"keys":"assets/lang/sheet/text_zh-tw_1_json,assets/lang/sheet/text_zh-tw_2_json","name":"text_zh-tw"},{"keys":"assets/sheet/common_2_json,assets/sheet/common_1_1_json,assets/sheet/common_1_2_json","name":"common"},{"keys":"assets/sheet/hundredwar_1_json,assets/sheet/hundredwar_2_json","name":"hundredwar"},{"keys":"assets/sheet/activity_laBa_json","name":"activity_laBa"},{"keys":"assets/sheet/activity_happyGift_json","name":"activity_happyGift"}],"resources":[{"url":"assets/bg/vip_neirong-4ad60b04a4.png","type":"image","name":"assets/bg/vip_neirong_png"},{"url":"assets/bone/liuguang-de7eccf5ef.dbmv","type":"bin","name":"assets/bone/liuguang_dbmv"},{"url":"assets/bone/liuguang-2d84c19e26.png","type":"image","name":"assets/bone/liuguang_png"},{"url":"assets/lang/en.json","type":"json","name":"assets/lang/en_json"},{"url":"assets/lang/en-df11ea47e2.zip","type":"bin","name":"assets/lang/en_zip"},{"url":"assets/lang/zh-tw.json","type":"json","name":"assets/lang/zh-tw_json"},{"url":"assets/lang/zh-tw-501886df1f.zip","type":"bin","name":"assets/lang/zh-tw_zip"},{"url":"assets/particle/allin-41a12053f7.json","type":"json","name":"assets/particle/allin_json"},{"url":"assets/particle/getcoin-f423410968.json","type":"json","name":"assets/particle/getcoin_json"},{"url":"assets/particle/win_1-7d5fd871b0.json","type":"json","name":"assets/particle/win_1_json"},{"url":"config/config-85409c6f5d.zip","type":"bin","name":"config/config_zip"},{"url":"config/proto-7cea7905b7.zip","type":"bin","name":"config/proto_zip"},{"url":"assets/sheet/text_2-5273a018f1.json","type":"sheet","name":"assets/sheet/text_2_json","subkeys":"achieve_num_0_png,achieve_num_1_png,achieve_num_2_png,achieve_num_3_png,achieve_num_4_png,achieve_num_5_png,achieve_num_6_png,achieve_num_7_png,achieve_num_8_png,achieve_num_9_png,activity_hd_png,bangding_png,bjzl_png,bmcg_png,br_brdz_png,br_bz_png,br_jcxx_png,br_px_10_png,br_px_11_png,br_px_12_png,br_px_13_png,br_px_14_png,br_px_15_png,br_px_16_png,br_px_17_png,br_px_18_png,br_px_19_png,br_px_1_png,br_px_20_png,br_px_21_png,br_px_22_png,br_px_23_png,br_px_24_png,br_px_25_png,br_px_26_png,br_px_27_png,br_px_28_png,br_px_2_png,br_px_3_png,br_px_4_png,br_px_5_png,br_px_6_png,br_px_7_png,br_px_8_png,br_px_9_png,br_sfzs_png,br_wzwj_png,br_zjlb_png,bsjs_png,chongzhi_png,cjjs_png,cjsrf_png,ddqr_png,dengdai_png,djxx_png,friend_hy_png,friend_hyzl_png,friend_yq_png,game_ddks_png,game_jbs_png,game_jc_png,game_jsjl_png,game_rw1_png,game_sy_1_png,game_sy_2_png,game_wf_png,game_yxc_png,grxx_png,hdcw_png,hyyq_png,jbbz_png,jbssm_png,jj_png,lb_phb_png,mailbox_yx_png,maohao_png,mrqd_png,mryx_png,nfhy_png,nypc_png,pxjs_png,qhdwt_png,safe_bxx_png,safe_zhmm_png,saishi_png,setting_sz_png,srfmm_png,ssxx_png,task_rw_png,text_bangding_1_png,text_sjhg_png,text_zhifu_png,text_zuce_png,txt_lqjb_png,vip_png,wan_png,wdjp_png,xgnc_png,xly_png,xtts_png,xxwf_png,yi_png,yiqiandao_png,yiwancheng_png,yqhy_png"},{"url":"assets/sheet/text_1-e4ca3ae29c.json","type":"sheet","name":"assets/sheet/text_1_json","subkeys":"allin_a_png,allin_i_png,allin_l_png,allin_n_png,br_0_png,br_10_png,br_1_png,br_2_png,br_3_png,br_4_png,br_5_png,br_6_png,br_7_png,br_8_png,br_9_png,br_baochi_png,br_s_png,br_shu_png,br_ying_png,djs_0_png,djs_1_png,djs_2_png,djs_3_png,djs_4_png,djs_5_png,djs_6_png,djs_7_png,djs_8_png,djs_9_png,hall_btdz_png,hall_dzpk_png,hall_ssc_png,jcpfl_png,jianjie_png,jrxly_png,jryx_png,kaishi_1_png,kaishi_2_png,laBa_text_1_png,laBa_text_2_png,laBa_text_3_png,laBa_text_4_png,paixing_png,taotai_png,tet_option_png,tet_safe_png,text_bangding_png,text_dl_png,text_genzhu_1_png,text_genzhu_png,text_guopai_png,text_jiazhu_png,text_liangpai_png,text_qipai_1_png,text_qipai_png,text_quanxia_png,text_queding_png,text_sc_1_png,text_sc_2_png,text_sc_png,text_yueka_png,text_zuce_1_png,tijiao_png,top100_png,txt_bangding_png,txt_gengduo_png,txt_haoyou_png,txt_hdzx_png,txt_playway_png,txt_qdlq_png,txt_renwu_png,txt_shangcheng_png,txt_yx_png,wsls_png,wsxs_png,zidong_1_png,zidong_2_png"},{"url":"assets/sheet/gambling_2-c67a7d4ad0.json","type":"sheet","name":"assets/sheet/gambling_2_json","subkeys":"allin_png,bg_jishi_png,bg_liaotian_1_png,bg_liaotian_2_png,bg_liaotian_3_png,daxiaomang_png,dongjia_png,fasong_png,game_bg10_png,game_bg_15_png,game_bg_16_png,game_bg_9_png,game_dc_png,game_hsbj_png,game_line_png,jc_2_png,jc_3_png,jc_4_png,kuaijie_png,n_game_19_png,n_game_20_1_png,n_game_20_2_png,n_game_20_png,n_game_21_png,n_game_22_png,n_game_24_png,n_game_25_png,n_game_26_png,n_game_2_png,n_game_4_png,n_game_6_png"},{"url":"assets/sheet/gambling_1-a30361adf2.json","type":"sheet","name":"assets/sheet/gambling_1_json","subkeys":"all_png,bg_liaotian_4_png,bg_liaotian_5_png,bg_liaotian_6_png,biaoqing_png,button_genzhu_1_png,button_genzhu_png,button_jiazhu_png,button_liangpai_png,button_qipai_1_png,button_qipai_png,chips_01_png,chips_02_png,chips_03_png,chips_04_png,chips_05_png,chips_06_png,chips_07_png,chips_08_png,chips_09_png,chips_10_png,chips_11_png,chips_12_png,chips_13_png,chips_14_png,chips_15_png,chips_16_png,chouma_ddks_png,game_bg_6_png,game_bg_touying_png,game_cd_png,game_huigu_png,game_icon_12_png,game_icon_13_png,game_icon_14_png,game_icon_15_png,game_icon_16_png,game_icon_17_png,game_icon_23_png,game_lt_png,game_rw_png,game_sc_png,game_tc_png,game_vip_png,game_zdmr_png,game_zuoxia_jt_png,game_zuoxia_zh_png,gaoliang_ddks_png,icon_zgcg_png,jc_1_png,jc_5_png,jishi_png,js_1_png,js_2_png,js_3_png,js_4_png,js_5_png,js_6_png,n_game_10_png,n_game_12_png,n_game_14_png,n_game_16_png,n_game_1_24_png,n_game_23_png,n_game_27_png,n_game_7_png,n_game_8_png,pai_bg2_png,shoupai_png,xinshou_3_png,xinshou_4_png,xinshou_5_png,xinshou_6_png"},{"url":"assets/sheet/login_2-7439d71eac.json","type":"sheet","name":"assets/sheet/login_2_json","subkeys":"dl_bg_png,jiazai_3_png,login_bg_1_png,login_button_1_png,login_icon_1_png,login_icon_2_png,login_icon_3_png,login_icon_4_png,login_icon_5_png,login_icon_6_png,zuce_2_png"},{"url":"assets/sheet/common_2-8abe2a90e3.json","type":"sheet","name":"assets/sheet/common_2_json","subkeys":"achieve_10_png,achieve_6_png,bg_pub_1_png,bg_pub_2_png,bg_sousuo_png,button_1_png,fenxiang_png,flush_1_png,flush_2_png,flush_3_png,flush_4_png,game_bg2_png,game_bg_7_png,game_bg_qz_png,game_cjsrf_png,game_icon_1_png,game_jiantou_png,game_srmm_png,icon_sousuo_png,infor_xiala_png,jbs_bg1_png,jbs_bg3_png,jbs_icon1_png,jbs_icon2_png,jianpan_1_png,jianpan_2_png,jiazhu_bg_png,jindutiao_1_png,kuohao_png,lb_1_png,lb_2_png,lb_tx_png,ld_3_png,ld_4_png,line_png,mall_bg_1_png,mall_bg_3_png,n_game_3_png,pai_1_11_png,pai_1_12_png,pai_1_13_png,pai_2_11_png,pai_2_12_png,pai_2_13_png,pai_3_11_png,pai_3_12_png,pai_3_13_png,pai_4_11_png,pai_4_12_png,pai_4_13_png,pai_bg1_png,pai_bg_png,pai_fang12_png,pai_hei10_png,pai_hei12_png,pai_hei5_png,pai_hei6_png,pai_hei7_png,pai_hei8_png,pai_hei9_png,pai_hei_10_png,pai_hei_11_png,pai_hei_12_png,pai_hei_13_png,pai_hei_1_png,pai_hei_2_png,pai_hei_3_png,pai_hei_4_png,pai_hei_5_png,pai_hei_6_png,pai_hei_7_png,pai_hei_8_png,pai_hei_9_png,pai_hong10_png,pai_hong11_png,pai_hong12_png,pai_hong13_png,pai_hong1_png,pai_hong_10_png,pai_hong_11_png,pai_hong_12_png,pai_hong_13_png,pai_hong_1_png,pai_hong_2_png,pai_hong_3_png,pai_hong_4_png,pai_hong_5_png,pai_hong_6_png,pai_hong_7_png,pai_hong_8_png,pai_hong_9_png,pai_mei12_png,pub_bg1_png,pub_bg_3_1_png,pub_bg_png,pub_button_ts_png,qd_1_png,qd_2_png,quan_png,tjtx_sc_png,touxiang_2_png,tx_bg_png,weiwancheng_png,xiuxian_1_png,xiuxian_2_png,xiuxian_4_png"},{"url":"assets/bg/game_bg_1-801d44ede7.png","type":"image","name":"assets/bg/game_bg_1_png"},{"url":"assets/bg/hall_bg_1-74ee711ab5.png","type":"image","name":"assets/bg/hall_bg_1_png"},{"url":"assets/bg/hall_bg_2-4829c230fc.png","type":"image","name":"assets/bg/hall_bg_2_png"},{"url":"assets/lang/sheet/text_en_1.json","type":"sheet","name":"assets/lang/sheet/text_en_1_json","subkeys":"allin_a_png,allin_i_png,allin_l_png,allin_n_png,djs_0_png,djs_1_png,djs_2_png,djs_3_png,djs_4_png,djs_5_png,djs_6_png,djs_7_png,djs_8_png,djs_9_png,hall_btdz_png,hall_dzpk_png,hall_ssc_png,jrxly_png,jryx_png,logo_png,tet_option_png,tet_safe_png,txt_bangding_png,txt_gengduo_png,txt_haoyou_png,txt_hdzx_png,txt_playway_png,txt_qdlq_png,txt_renwu_png,txt_shangcheng_png,txt_yx_png,wsls_png,wsxs_png"},{"url":"assets/lang/sheet/text_en_1-e5290f9f4b.png","type":"image","name":"assets/lang/sheet/text_en_1_png"},{"url":"assets/lang/sheet/text_en_2.json","type":"sheet","name":"assets/lang/sheet/text_en_2_json","subkeys":"achieve_num_0_png,achieve_num_1_png,achieve_num_2_png,achieve_num_3_png,achieve_num_4_png,achieve_num_5_png,achieve_num_6_png,achieve_num_7_png,achieve_num_8_png,achieve_num_9_png,activity_hd_png,bangding_png,bjzl_png,bmcg_png,bsjs_png,cjjs_png,cjsrf_png,ddqr_png,dengdai_png,djxx_png,friend_hy_png,friend_hyzl_png,friend_yq_png,game_ddks_png,game_jbs_png,game_jc_png,game_jsjl_png,game_rw1_png,game_sy_1_png,game_sy_2_png,game_wf_png,game_yxc_png,grxx_png,hdcw_png,hyyq_png,jbbz_png,jbssm_png,jj_png,lb_phb_png,login_dl_png,login_yhxy_png,login_zc_png,mailbox_yx_png,maohao_png,mrqd_png,mryx_png,nfhy_png,nypc_png,pxjs_png,qhdwt_png,safe_bxx_png,safe_zhmm_png,saishi_png,setting_sz_png,srfmm_png,ssxx_png,task_rw_png,txt_lqjb_png,vip_png,wan_png,wdjp_png,xgnc_png,xly_png,xtts_png,yi_png,yiqiandao_png,yiwancheng_png,yqhy_png"},{"url":"assets/lang/sheet/text_en_2-ab32f2616e.png","type":"image","name":"assets/lang/sheet/text_en_2_png"},{"url":"assets/lang/sheet/text_zh-tw_1.json","type":"sheet","name":"assets/lang/sheet/text_zh-tw_1_json","subkeys":"allin_a_png,allin_i_png,allin_l_png,allin_n_png,djs_0_png,djs_1_png,djs_2_png,djs_3_png,djs_4_png,djs_5_png,djs_6_png,djs_7_png,djs_8_png,djs_9_png,hall_btdz_png,hall_dzpk_png,hall_ssc_png,jrxly_png,jryx_png,logo_png,tet_option_png,tet_safe_png,txt_bangding_png,txt_gengduo_png,txt_haoyou_png,txt_hdzx_png,txt_playway_png,txt_qdlq_png,txt_renwu_png,txt_shangcheng_png,txt_yx_png,wsls_png,wsxs_png"},{"url":"assets/lang/sheet/text_zh-tw_1-e5290f9f4b.png","type":"image","name":"assets/lang/sheet/text_zh-tw_1_png"},{"url":"assets/lang/sheet/text_zh-tw_2.json","type":"sheet","name":"assets/lang/sheet/text_zh-tw_2_json","subkeys":"achieve_num_0_png,achieve_num_1_png,achieve_num_2_png,achieve_num_3_png,achieve_num_4_png,achieve_num_5_png,achieve_num_6_png,achieve_num_7_png,achieve_num_8_png,achieve_num_9_png,activity_hd_png,bangding_png,bjzl_png,bmcg_png,bsjs_png,cjjs_png,cjsrf_png,ddqr_png,dengdai_png,djxx_png,friend_hy_png,friend_hyzl_png,friend_yq_png,game_ddks_png,game_jbs_png,game_jc_png,game_jsjl_png,game_rw1_png,game_sy_1_png,game_sy_2_png,game_wf_png,game_yxc_png,grxx_png,hdcw_png,hyyq_png,jbbz_png,jbssm_png,jj_png,lb_phb_png,login_dl_png,login_yhxy_png,login_zc_png,mailbox_yx_png,maohao_png,mrqd_png,mryx_png,nfhy_png,nypc_png,pxjs_png,qhdwt_png,safe_bxx_png,safe_zhmm_png,saishi_png,setting_sz_png,srfmm_png,ssxx_png,task_rw_png,txt_lqjb_png,vip_png,wan_png,wdjp_png,xgnc_png,xly_png,xtts_png,yi_png,yiqiandao_png,yiwancheng_png,yqhy_png"},{"url":"assets/lang/sheet/text_zh-tw_2-ab32f2616e.png","type":"image","name":"assets/lang/sheet/text_zh-tw_2_png"},{"url":"assets/sheet/hundredwar_1-2a975df2af.json","type":"sheet","name":"assets/sheet/hundredwar_1_json","subkeys":"br_bg_10_png,br_bg_1_png,br_bg_4_png,br_bg_5_png,br_bg_6_png,br_button_11_png,br_button_12_png,br_button_1_png,br_button_2_png,br_button_3_png,br_button_4_png,br_button_5_png,br_button_6_png,br_button_7_png,br_button_8_png,br_button_9_png,br_button_guang_png,br_chouma_png,br_icon_1_png,br_icon_2_png,br_icon_3_png,br_icon_4_png,br_icon_5_png,br_jiangchi_png,br_shu_bg_png,br_ying_bg_png,br_zoushi_fk_png,br_zoushi_ht_png,br_zoushi_hx_png,br_zoushi_mh_png,tx_1_png,tx_2_png"},{"url":"assets/sheet/hundredwar_2-1c28dd67e0.json","type":"sheet","name":"assets/sheet/hundredwar_2_json","subkeys":"br_bg_2_png,br_bg_3_png,br_bg_7_png,br_bg_8_png,br_bg_9_png,br_fk_png,br_fu_png,br_ht_png,br_hx_png,br_mh_png,br_pingju_png,br_sheng_png,br_wj_1_png,br_zoushi_1_png,br_zoushi_2_png"},{"url":"assets/bg/hundredwar_1-a885bb003d.png","type":"image","name":"assets/bg/hundredwar_1_png"},{"url":"assets/bg/hundredwar_help-0a98790eb8.png","type":"image","name":"assets/bg/hundredwar_help_png"},{"url":"assets/bg/yd_bg_1-cbe1a3df00.png","type":"image","name":"assets/bg/yd_bg_1_png"},{"url":"assets/particle/hundred_war_pool_boom-c425ba513e.json","type":"json","name":"assets/particle/hundred_war_pool_boom_json"},{"url":"assets/bg/bg_gonggao-b40f103e2d.png","type":"image","name":"assets/bg/bg_gonggao_png"},{"url":"assets/sheet/login_1-fd2bf29ef7.json","type":"sheet","name":"assets/sheet/login_1_json","subkeys":"button_tj_png,button_yzm_png,cancel_png,dl_1_png,dl_2_png,jiazai_1_png,jiazai_2_png,login_button_2_png,login_button_3_png,pub_bg2_png,pub_bg_ts_png,pub_button_22_png,pub_lines_png,zuce_1_png"},{"url":"assets/sheet/login_text_1-0f66f4467e.json","type":"sheet","name":"assets/sheet/login_text_1_json","subkeys":"logo_png"},{"url":"assets/sheet/login_text_2-5d8315b0f6.json","type":"sheet","name":"assets/sheet/login_text_2_json","subkeys":"login_dl_png,login_sjdl_png,login_yhxy_png,login_zc_png"},{"url":"assets/bg/activity_happyGift_bg-376f700c76.png","type":"image","name":"assets/bg/activity_happyGift_bg_png"},{"url":"assets/bg/activity_laBa_bg-40918a810d.png","type":"image","name":"assets/bg/activity_laBa_bg_png"},{"url":"assets/sheet/common_1_1-d8a1b66654.json","type":"sheet","name":"assets/sheet/common_1_1_json","subkeys":"achieve_11_png,achieve_12_png,achieve_1_png,achieve_2_png,achieve_4_png,achieve_5_png,achieve_7_png,achieve_8_png,achieve_9_png,activity_bk_png,activity_dz_png,activity_shl_png,app_store_png,b_png,banding_bg_png,bd_shouji_png,bd_weixin_png,bg_1_png,bg_2_png,bg_3_png,bg_4_png,bg_5_png,bg_biaoti_png,bg_hyyq_png,bg_jbbz_png,bg_jinbin_png,br_button_10_1_png,br_button_10_png,brdz_1_png,brdz_png,button_yueka_png,daoju_bg_png,deng_png,dzpk_1_png,dzpk_2_png,dzpk_png,f_png,game_bg1_png,game_bg_1_png,game_bg_2_png,game_icon_18_png,game_icon_19_png,game_icon_20_png,game_icon_21_png,game_icon_22_png,game_icon_2_png,game_icon_png,gold2_1_png,gold2_png,gongxi_bg_png,gongxi_hdzs_png,guang_1_png,guang_2_png,hall_tx_1_png,hall_tx_2_png,hall_tx_3_png,huodong_png,huoqujinbi_png,icon_1_png,icon_2_png,icon_3_png,icon_4_png,icon_5_png,icon_6_png,icon_7_png,icon_bangding_png,icon_gengduo_png,icon_haoyou_png,icon_hytj_png,icon_hyyq_png,icon_infor_png,icon_jia_png,icon_jinbi_png,icon_linqujinbi_png,icon_renwu_png,icon_shangcheng_png,icon_zhuanshi_png,infor_jp_png,infor_pub_png,infor_vip_png,infor_xb_png,item_104_png,item_105_png,item_106_png,item_107_png,item_108_png,item_109_png,item_110_png,item_111_png,item_112_png,item_113_png,item_301_png,item_302_png,item_303_png,item_304_png,item_3_png,item_4_png,jbs_bg2_png,jbs_jb_png,jbs_jb_yin_png,jbzs_bg_png,jinbi_ts_png,jindutiao_2_png,jindutiao_3_png,jiubei_1_png,jiubei_2_png,jiubei_3_png,jiubei_4_png,jiubei_5_png,jiubei_6_png,js_bg_1_png,js_bg_png,lb_down_png,lb_up_png,loading_png,lw_png,m_png,mall_bg_10_png,mall_bg_1_2_png,mall_bg_1_3_png,mall_bg_2_png,mall_bg_9_png,mall_button_1_png,mall_button_2_png,mall_png,mall_zs_1_png,mall_zs_2_png,mall_zs_3_png,mall_zs_4_png,mall_zs_5_png,mall_zs_6_png,match_10_png,match_1_png,match_2_png,match_3_png,match_4_png,match_5_png,match_6_png,match_8_png,match_9_png,mrtx_bm_png,mrtx_nan_png,mrtx_png,offline_png,online_png,paiming_1_png,paiming_2_png,paiming_3_png,paomadeng_png,pub_a2_png,pub_a3_png,pub_a5_png,pub_bg11_png,pub_bg_4_png,pub_biankuang1_png,pub_biankuang2_png,pub_bt_1_png,pub_button_11_1_png,pub_button_11_png,pub_button_1_png,pub_button_22_1_png,pub_button_33_png,pub_button_44_png,pub_button_55_png,pub_button_66_png,pub_button_77_1_png,pub_button_77_png,pub_cancel_ts_png,pub_g2_png,pub_g3_png,pub_g4_png,pub_return_png,qd_3_png,qd_duigou_png,qiandao_png,qianzhu_png,safe_jd_png,sc_icon_png,sc_light_png,setting_bg_png,setting_off_png,setting_on_png,shandian_png,shirenfang_png,shouji_png,ssc_1_png,ssc_png,ssxx_sk_1_png,ssxx_sk_2_png,touxiang_1_png,touxiang_4_png,vip_1_png,vip_2_png,vip_3_png,vip_bg_1_png,weixin_1_png,weixin_png,wenhao_png,win_1_png,xinshou_1_png,xinshou_2_png,xiuxian_3_png,xiuxian_5_png,xttx_png,yj_moren_png,youxiang_png,zhifu_line_png,zhifubao_png,zuanshi2_png"},{"url":"assets/emoji/1-0b04c02eec.png","type":"image","name":"assets/emoji/1_png"},{"url":"assets/emoji/10-3aff67b40a.png","type":"image","name":"assets/emoji/10_png"},{"url":"assets/emoji/11-52a7f8bb55.png","type":"image","name":"assets/emoji/11_png"},{"url":"assets/emoji/12-d68c205800.png","type":"image","name":"assets/emoji/12_png"},{"url":"assets/emoji/13-9e7f936fd9.png","type":"image","name":"assets/emoji/13_png"},{"url":"assets/emoji/14-62522f8ba6.png","type":"image","name":"assets/emoji/14_png"},{"url":"assets/emoji/15-6bac57d3e4.png","type":"image","name":"assets/emoji/15_png"},{"url":"assets/emoji/16-f3686ad228.png","type":"image","name":"assets/emoji/16_png"},{"url":"assets/emoji/17-a525dd9981.png","type":"image","name":"assets/emoji/17_png"},{"url":"assets/emoji/18-63ae4a3653.png","type":"image","name":"assets/emoji/18_png"},{"url":"assets/emoji/19-acf50c3cf3.png","type":"image","name":"assets/emoji/19_png"},{"url":"assets/emoji/2-6139e8069b.png","type":"image","name":"assets/emoji/2_png"},{"url":"assets/emoji/20-87a76c4159.png","type":"image","name":"assets/emoji/20_png"},{"url":"assets/emoji/21-78d0512434.png","type":"image","name":"assets/emoji/21_png"},{"url":"assets/emoji/22-4c46a1f608.png","type":"image","name":"assets/emoji/22_png"},{"url":"assets/emoji/23-8eaa45d8ee.png","type":"image","name":"assets/emoji/23_png"},{"url":"assets/emoji/24-96ca1d7bd3.png","type":"image","name":"assets/emoji/24_png"},{"url":"assets/emoji/3-97f3a4d287.png","type":"image","name":"assets/emoji/3_png"},{"url":"assets/emoji/4-440cefef08.png","type":"image","name":"assets/emoji/4_png"},{"url":"assets/emoji/5-dd5615ff0c.png","type":"image","name":"assets/emoji/5_png"},{"url":"assets/emoji/6-413080aeb6.png","type":"image","name":"assets/emoji/6_png"},{"url":"assets/emoji/7-191d829bd7.png","type":"image","name":"assets/emoji/7_png"},{"url":"assets/emoji/8-6f12a1fb05.png","type":"image","name":"assets/emoji/8_png"},{"url":"assets/emoji/9-60b8eb3ad1.png","type":"image","name":"assets/emoji/9_png"},{"url":"assets/sound/bet_allin-ca3b78dd31.mp3","type":"sound","name":"assets/sound/bet_allin_mp3"},{"url":"assets/sound/bet_no_allin-52142a4b50.mp3","type":"sound","name":"assets/sound/bet_no_allin_mp3"},{"url":"assets/sound/bet_slider-99af664939.mp3","type":"sound","name":"assets/sound/bet_slider_mp3"},{"url":"assets/sound/bigWin-dd2be0b24b.mp3","type":"sound","name":"assets/sound/bigWin_mp3"},{"url":"assets/sound/blind-da16da54ca.mp3","type":"sound","name":"assets/sound/blind_mp3"},{"url":"assets/sound/boy_allin-995cd8fc86.mp3","type":"sound","name":"assets/sound/boy_allin_mp3"},{"url":"assets/sound/boy_call-03fe835958.mp3","type":"sound","name":"assets/sound/boy_call_mp3"},{"url":"assets/sound/boy_check-1ba61b86f3.mp3","type":"sound","name":"assets/sound/boy_check_mp3"},{"url":"assets/sound/boy_fold-1670d0e02e.mp3","type":"sound","name":"assets/sound/boy_fold_mp3"},{"url":"assets/sound/boy_raise-91cd7d1912.mp3","type":"sound","name":"assets/sound/boy_raise_mp3"},{"url":"assets/sound/buttonClick-2660ab4321.mp3","type":"sound","name":"assets/sound/buttonClick_mp3"},{"url":"assets/sound/cardtype_huangjiatonghua-65f51dc692.mp3","type":"sound","name":"assets/sound/cardtype_huangjiatonghua_mp3"},{"url":"assets/sound/cardtype_hulu-f99a921841.mp3","type":"sound","name":"assets/sound/cardtype_hulu_mp3"},{"url":"assets/sound/cardtype_sitiao-5722b7f846.mp3","type":"sound","name":"assets/sound/cardtype_sitiao_mp3"},{"url":"assets/sound/cardtype_tonghuashun-c94335370e.mp3","type":"sound","name":"assets/sound/cardtype_tonghuashun_mp3"},{"url":"assets/sound/chip_fall-140cff7593.mp3","type":"sound","name":"assets/sound/chip_fall_mp3"},{"url":"assets/sound/chipfly-eaef12ae24.mp3","type":"sound","name":"assets/sound/chipfly_mp3"},{"url":"assets/sound/chips_move_to_seat-646fdcc36e.mp3","type":"sound","name":"assets/sound/chips_move_to_seat_mp3"},{"url":"assets/sound/close-160a445e2b.mp3","type":"sound","name":"assets/sound/close_mp3"},{"url":"assets/sound/fapai1-f7ecb840a0.mp3","type":"sound","name":"assets/sound/fapai1_mp3"},{"url":"assets/sound/fapai2-1bc3125a71.mp3","type":"sound","name":"assets/sound/fapai2_mp3"},{"url":"assets/sound/foldpai-683478a187.mp3","type":"sound","name":"assets/sound/foldpai_mp3"},{"url":"assets/sound/gift_recv-3b9e61dd6c.mp3","type":"sound","name":"assets/sound/gift_recv_mp3"},{"url":"assets/sound/gift_send-763634baff.mp3","type":"sound","name":"assets/sound/gift_send_mp3"},{"url":"assets/sound/girl_allin-4c04416018.mp3","type":"sound","name":"assets/sound/girl_allin_mp3"},{"url":"assets/sound/girl_call-75a262878d.mp3","type":"sound","name":"assets/sound/girl_call_mp3"},{"url":"assets/sound/girl_check-d3faef1979.mp3","type":"sound","name":"assets/sound/girl_check_mp3"},{"url":"assets/sound/girl_fold-cbf8e404aa.mp3","type":"sound","name":"assets/sound/girl_fold_mp3"},{"url":"assets/sound/girl_raise-cac5be7983.mp3","type":"sound","name":"assets/sound/girl_raise_mp3"},{"url":"assets/sound/gold_fall-140cff7593.mp3","type":"sound","name":"assets/sound/gold_fall_mp3"},{"url":"assets/sound/hallBgm-46cf1516c0.mp3","type":"sound","name":"assets/sound/hallBgm_mp3"},{"url":"assets/sound/item_fall-3b9e61dd6c.mp3","type":"sound","name":"assets/sound/item_fall_mp3"},{"url":"assets/sound/levelup-98fab879d2.mp3","type":"sound","name":"assets/sound/levelup_mp3"},{"url":"assets/sound/light_card1-d1cb2c8a26.mp3","type":"sound","name":"assets/sound/light_card1_mp3"},{"url":"assets/sound/light_card2-2853b209f4.mp3","type":"sound","name":"assets/sound/light_card2_mp3"},{"url":"assets/sound/lose-48f1e1d16e.mp3","type":"sound","name":"assets/sound/lose_mp3"},{"url":"assets/sound/notice-870597295c.mp3","type":"sound","name":"assets/sound/notice_mp3"},{"url":"assets/sound/on_turn-a93a621fe2.mp3","type":"sound","name":"assets/sound/on_turn_mp3"},{"url":"assets/sound/playingBgm-6a62fae797.mp3","type":"sound","name":"assets/sound/playingBgm_mp3"},{"url":"assets/sound/popup-42e7672c98.mp3","type":"sound","name":"assets/sound/popup_mp3"},{"url":"assets/sound/sentMessage-b97e7f6c80.mp3","type":"sound","name":"assets/sound/sentMessage_mp3"},{"url":"assets/sound/sit-5dca4d0b74.mp3","type":"sound","name":"assets/sound/sit_mp3"},{"url":"assets/sound/sitClick-42401af81f.mp3","type":"sound","name":"assets/sound/sitClick_mp3"},{"url":"assets/sound/sit_out-5dca4d0b74.mp3","type":"sound","name":"assets/sound/sit_out_mp3"},{"url":"assets/sound/win-4204124253.mp3","type":"sound","name":"assets/sound/win_mp3"},{"url":"assets/sheet/activity_happyGift-636fccbeed.json","type":"sheet","name":"assets/sheet/activity_happyGift_json","subkeys":"happyGift_button_1_png,happyGift_button_2_png,happyGift_item_bg_png,happyGift_line_png,happyGift_paihang_bg_png,happyGift_wenzi_bg_png,item_201_png,item_202_png,item_203_png,item_204_png,item_205_png,item_206_png,item_207_png,item_208_png,item_209_png,item_210_png,item_211_png,item_212_png,item_213_png,item_214_png,item_215_png,item_216_png,item_217_png,item_218_png"},{"url":"assets/sheet/activity_laBa-141c65884c.json","type":"sheet","name":"assets/sheet/activity_laBa_json","subkeys":"jiazhu_1_png,jiazhu_2_png,laBa_bg_png,laBa_biaoti_bg_png,laBa_item_0_png,laBa_item_1_png,laBa_item_2_png,laBa_item_3_png,laBa_item_4_png,laBa_item_5_png,laBa_item_6_png,laBa_item_7_png,laBa_line_1_png,laBa_line_png,laBa_paiming_1_png,laBa_paiming_2_png,laBa_paiming_3_png,laBa_quan_0_png,laBa_quan_1_png,laBa_quan_2_png,laBa_quan_3_png,laBa_quan_4_png,laBa_quan_5_png,laBa_quan_6_png,laBa_quan_7_png,laBa_quxiao_png,laBa_text_bg_png,laBa_xuanzhong_png,paiming_png,shijian_bg_1_png,shijian_bg_png,xuxian_png,zhuan_bg_1_png,zhuan_bg_png"},{"url":"assets/sheet/common_1_2-d89fe86211.json","type":"sheet","name":"assets/sheet/common_1_2_json","subkeys":"monthCard1_png,monthCard2_png,sc_bg_1_png,sc_bg_2_png,shou_yue_bg_png,yueka_bg_png"}]}