[{"id":1,"type":"img","name":"微信公众号","startTime":"2017,1,1,0,0,0","icon":"icon_1","imgId":"activity_1","des":"关注微信公众号，获得更多游戏资讯。","tran":2},{"id":2,"type":"des","name":"玩家福利","startTime":"2017,1,1,0,0,0","icon":"icon_1","imgId":"activity_2","des":"玩家游戏福利"},{"id":3,"type":"signin","name":"签到奖励","clearType":2,"clearType2":2,"startTime":"2017,1,1,0,0,0","panelName":"SignInPanel","unInShowPanel":1,"trigger":"GameHallPanel,signBtn","triggerType":1},{"id":4,"type":"payPrize","name":"首充优惠","startTime":"2017,1,1,0,0,0","des":"额外赠送100000金币+10元话费赛门票","unInShowPanel":1},{"id":5,"type":"happyGift","name":"欢乐送壕礼","startTime":"2018,1,19,0,0,0","endTime":"2018,2,28,23,59,59","des":"玩牌就送IphoneX、2亿金币、Ipad Pro、话费等丰厚大奖"},{"id":6,"type":"laBa","name":"德州转转转","startTime":"2018,1,19,0,0,0","endTime":"2018,2,28,23,59,59","des":"赢海量金币，超级大量，巨额奖励转不停"}]