[{"id":1,"type":1,"index":2},{"id":2,"type":1,"index":3},{"id":3,"type":1,"index":4},{"id":4,"type":1,"index":5},{"id":5,"type":1,"index":6},{"id":6,"type":1,"index":7},{"id":7,"type":1,"index":8},{"id":8,"type":1,"index":9},{"id":9,"type":1,"index":10},{"id":10,"type":1,"index":11},{"id":11,"type":1,"index":12},{"id":12,"type":1,"index":13},{"id":13,"type":1,"index":1},{"id":14,"type":2,"index":2},{"id":15,"type":2,"index":3},{"id":16,"type":2,"index":4},{"id":17,"type":2,"index":5},{"id":18,"type":2,"index":6},{"id":19,"type":2,"index":7},{"id":20,"type":2,"index":8},{"id":21,"type":2,"index":9},{"id":22,"type":2,"index":10},{"id":23,"type":2,"index":11},{"id":24,"type":2,"index":12},{"id":25,"type":2,"index":13},{"id":26,"type":2,"index":1},{"id":27,"type":3,"index":2},{"id":28,"type":3,"index":3},{"id":29,"type":3,"index":4},{"id":30,"type":3,"index":5},{"id":31,"type":3,"index":6},{"id":32,"type":3,"index":7},{"id":33,"type":3,"index":8},{"id":34,"type":3,"index":9},{"id":35,"type":3,"index":10},{"id":36,"type":3,"index":11},{"id":37,"type":3,"index":12},{"id":38,"type":3,"index":13},{"id":39,"type":3,"index":1},{"id":40,"type":4,"index":2},{"id":41,"type":4,"index":3},{"id":42,"type":4,"index":4},{"id":43,"type":4,"index":5},{"id":44,"type":4,"index":6},{"id":45,"type":4,"index":7},{"id":46,"type":4,"index":8},{"id":47,"type":4,"index":9},{"id":48,"type":4,"index":10},{"id":49,"type":4,"index":11},{"id":50,"type":4,"index":12},{"id":51,"type":4,"index":13},{"id":52,"type":4,"index":1} ]