[{"id":1,"blindId":101,"level":1,"sBlind":50,"bBlind":100,"rebuy":1,"upTime":120},{"id":2,"blindId":101,"level":2,"sBlind":100,"bBlind":200,"rebuy":1,"upTime":120},{"id":3,"blindId":101,"level":3,"sBlind":200,"bBlind":400,"rebuy":1,"upTime":120},{"id":4,"blindId":101,"level":4,"sBlind":300,"bBlind":600,"preBet":25,"rebuy":1,"upTime":120},{"id":5,"blindId":101,"level":5,"sBlind":400,"bBlind":800,"preBet":50,"rebuy":1,"upTime":120},{"id":6,"blindId":101,"level":6,"sBlind":500,"bBlind":1000,"preBet":75,"rebuy":1,"upTime":120},{"id":7,"blindId":101,"level":7,"sBlind":700,"bBlind":1400,"preBet":100,"rebuy":1,"upTime":120},{"id":8,"blindId":101,"level":8,"sBlind":1000,"bBlind":2000,"preBet":150,"addon":1,"upTime":120},{"id":9,"blindId":101,"level":9,"sBlind":1500,"bBlind":3000,"preBet":200,"upTime":120},{"id":10,"blindId":101,"level":10,"sBlind":2000,"bBlind":4000,"preBet":250,"upTime":120},{"id":11,"blindId":101,"level":11,"sBlind":3000,"bBlind":6000,"preBet":300,"upTime":120},{"id":12,"blindId":101,"level":12,"sBlind":5000,"bBlind":10000,"preBet":400,"upTime":120},{"id":13,"blindId":101,"level":13,"sBlind":7000,"bBlind":14000,"preBet":500,"upTime":120},{"id":14,"blindId":101,"level":14,"sBlind":10000,"bBlind":20000,"preBet":1000,"upTime":120},{"id":15,"blindId":101,"level":15,"sBlind":15000,"bBlind":30000,"preBet":2000,"upTime":120},{"id":16,"blindId":101,"level":16,"sBlind":20000,"bBlind":40000,"preBet":3000,"upTime":120},{"id":17,"blindId":101,"level":17,"sBlind":30000,"bBlind":60000,"preBet":4000,"upTime":120},{"id":18,"blindId":101,"level":18,"sBlind":50000,"bBlind":100000,"preBet":5000,"upTime":120},{"id":19,"blindId":101,"level":19,"sBlind":70000,"bBlind":140000,"preBet":10000,"upTime":120},{"id":20,"blindId":101,"level":20,"sBlind":100000,"bBlind":200000,"preBet":20000,"upTime":120},{"id":21,"blindId":101,"level":21,"sBlind":150000,"bBlind":300000,"preBet":30000,"upTime":120},{"id":22,"blindId":101,"level":22,"sBlind":200000,"bBlind":400000,"preBet":40000,"upTime":120},{"id":23,"blindId":101,"level":23,"sBlind":300000,"bBlind":600000,"preBet":50000,"upTime":120},{"id":24,"blindId":101,"level":24,"sBlind":500000,"bBlind":1000000,"preBet":50000,"upTime":120},{"id":25,"blindId":101,"level":25,"sBlind":700000,"bBlind":1400000,"preBet":100000,"upTime":120},{"id":26,"blindId":101,"level":26,"sBlind":1000000,"bBlind":2000000,"preBet":200000,"upTime":120},{"id":27,"blindId":101,"level":27,"sBlind":1500000,"bBlind":3000000,"preBet":300000,"upTime":120},{"id":28,"blindId":101,"level":28,"sBlind":2000000,"bBlind":4000000,"preBet":400000,"upTime":120},{"id":29,"blindId":101,"level":29,"sBlind":3000000,"bBlind":6000000,"preBet":500000,"upTime":120},{"id":30,"blindId":101,"level":30,"sBlind":5000000,"bBlind":10000000,"preBet":500000,"upTime":120},{"id":31,"blindId":102,"level":1,"sBlind":50,"bBlind":100,"rebuy":1,"upTime":180},{"id":32,"blindId":102,"level":2,"sBlind":100,"bBlind":200,"rebuy":1,"upTime":180},{"id":33,"blindId":102,"level":3,"sBlind":200,"bBlind":400,"rebuy":1,"upTime":180},{"id":34,"blindId":102,"level":4,"sBlind":300,"bBlind":600,"preBet":25,"rebuy":1,"upTime":180},{"id":35,"blindId":102,"level":5,"sBlind":400,"bBlind":800,"preBet":50,"rebuy":1,"upTime":180},{"id":36,"blindId":102,"level":6,"sBlind":500,"bBlind":1000,"preBet":75,"rebuy":1,"upTime":180},{"id":37,"blindId":102,"level":7,"sBlind":700,"bBlind":1400,"preBet":100,"rebuy":1,"upTime":180},{"id":38,"blindId":102,"level":8,"sBlind":1000,"bBlind":2000,"preBet":150,"addon":1,"upTime":180},{"id":39,"blindId":102,"level":9,"sBlind":1500,"bBlind":3000,"preBet":200,"upTime":180},{"id":40,"blindId":102,"level":10,"sBlind":2000,"bBlind":4000,"preBet":250,"upTime":180},{"id":41,"blindId":102,"level":11,"sBlind":3000,"bBlind":6000,"preBet":300,"upTime":180},{"id":42,"blindId":102,"level":12,"sBlind":5000,"bBlind":10000,"preBet":400,"upTime":180},{"id":43,"blindId":102,"level":13,"sBlind":7000,"bBlind":14000,"preBet":500,"upTime":180},{"id":44,"blindId":102,"level":14,"sBlind":10000,"bBlind":20000,"preBet":1000,"upTime":180},{"id":45,"blindId":102,"level":15,"sBlind":15000,"bBlind":30000,"preBet":2000,"upTime":180},{"id":46,"blindId":102,"level":16,"sBlind":20000,"bBlind":40000,"preBet":3000,"upTime":180},{"id":47,"blindId":102,"level":17,"sBlind":30000,"bBlind":60000,"preBet":4000,"upTime":180},{"id":48,"blindId":102,"level":18,"sBlind":50000,"bBlind":100000,"preBet":5000,"upTime":180},{"id":49,"blindId":102,"level":19,"sBlind":70000,"bBlind":140000,"preBet":10000,"upTime":180},{"id":50,"blindId":102,"level":20,"sBlind":100000,"bBlind":200000,"preBet":20000,"upTime":180},{"id":51,"blindId":102,"level":21,"sBlind":150000,"bBlind":300000,"preBet":30000,"upTime":180},{"id":52,"blindId":102,"level":22,"sBlind":200000,"bBlind":400000,"preBet":40000,"upTime":180},{"id":53,"blindId":102,"level":23,"sBlind":300000,"bBlind":600000,"preBet":50000,"upTime":180},{"id":54,"blindId":102,"level":24,"sBlind":500000,"bBlind":1000000,"preBet":50000,"upTime":180},{"id":55,"blindId":102,"level":25,"sBlind":700000,"bBlind":1400000,"preBet":100000,"upTime":180},{"id":56,"blindId":102,"level":26,"sBlind":1000000,"bBlind":2000000,"preBet":200000,"upTime":180},{"id":57,"blindId":102,"level":27,"sBlind":1500000,"bBlind":3000000,"preBet":300000,"upTime":180},{"id":58,"blindId":102,"level":28,"sBlind":2000000,"bBlind":4000000,"preBet":400000,"upTime":180},{"id":59,"blindId":102,"level":29,"sBlind":3000000,"bBlind":6000000,"preBet":500000,"upTime":180},{"id":60,"blindId":102,"level":30,"sBlind":5000000,"bBlind":10000000,"preBet":500000,"upTime":180},{"id":61,"blindId":103,"level":1,"sBlind":50,"bBlind":100,"rebuy":1,"upTime":300},{"id":62,"blindId":103,"level":2,"sBlind":100,"bBlind":200,"rebuy":1,"upTime":300},{"id":63,"blindId":103,"level":3,"sBlind":200,"bBlind":400,"rebuy":1,"upTime":300},{"id":64,"blindId":103,"level":4,"sBlind":300,"bBlind":600,"preBet":25,"rebuy":1,"upTime":300},{"id":65,"blindId":103,"level":5,"sBlind":400,"bBlind":800,"preBet":50,"rebuy":1,"upTime":300},{"id":66,"blindId":103,"level":6,"sBlind":500,"bBlind":1000,"preBet":75,"rebuy":1,"upTime":300},{"id":67,"blindId":103,"level":7,"sBlind":700,"bBlind":1400,"preBet":100,"rebuy":1,"upTime":300},{"id":68,"blindId":103,"level":8,"sBlind":1000,"bBlind":2000,"preBet":150,"addon":1,"upTime":300},{"id":69,"blindId":103,"level":9,"sBlind":1500,"bBlind":3000,"preBet":200,"upTime":300},{"id":70,"blindId":103,"level":10,"sBlind":2000,"bBlind":4000,"preBet":250,"upTime":300},{"id":71,"blindId":103,"level":11,"sBlind":3000,"bBlind":6000,"preBet":300,"upTime":300},{"id":72,"blindId":103,"level":12,"sBlind":5000,"bBlind":10000,"preBet":400,"upTime":300},{"id":73,"blindId":103,"level":13,"sBlind":7000,"bBlind":14000,"preBet":500,"upTime":300},{"id":74,"blindId":103,"level":14,"sBlind":10000,"bBlind":20000,"preBet":1000,"upTime":300},{"id":75,"blindId":103,"level":15,"sBlind":15000,"bBlind":30000,"preBet":2000,"upTime":300},{"id":76,"blindId":103,"level":16,"sBlind":20000,"bBlind":40000,"preBet":3000,"upTime":300},{"id":77,"blindId":103,"level":17,"sBlind":30000,"bBlind":60000,"preBet":4000,"upTime":300},{"id":78,"blindId":103,"level":18,"sBlind":50000,"bBlind":100000,"preBet":5000,"upTime":300},{"id":79,"blindId":103,"level":19,"sBlind":70000,"bBlind":140000,"preBet":10000,"upTime":300},{"id":80,"blindId":103,"level":20,"sBlind":100000,"bBlind":200000,"preBet":20000,"upTime":300},{"id":81,"blindId":103,"level":21,"sBlind":150000,"bBlind":300000,"preBet":30000,"upTime":300},{"id":82,"blindId":103,"level":22,"sBlind":200000,"bBlind":400000,"preBet":40000,"upTime":300},{"id":83,"blindId":103,"level":23,"sBlind":300000,"bBlind":600000,"preBet":50000,"upTime":300},{"id":84,"blindId":103,"level":24,"sBlind":500000,"bBlind":1000000,"preBet":50000,"upTime":300},{"id":85,"blindId":103,"level":25,"sBlind":700000,"bBlind":1400000,"preBet":100000,"upTime":300},{"id":86,"blindId":103,"level":26,"sBlind":1000000,"bBlind":2000000,"preBet":200000,"upTime":300},{"id":87,"blindId":103,"level":27,"sBlind":1500000,"bBlind":3000000,"preBet":300000,"upTime":300},{"id":88,"blindId":103,"level":28,"sBlind":2000000,"bBlind":4000000,"preBet":400000,"upTime":300},{"id":89,"blindId":103,"level":29,"sBlind":3000000,"bBlind":6000000,"preBet":500000,"upTime":300},{"id":90,"blindId":103,"level":30,"sBlind":5000000,"bBlind":10000000,"preBet":500000,"upTime":300},{"id":91,"blindId":104,"level":1,"sBlind":50,"bBlind":100,"rebuy":1,"upTime":180},{"id":92,"blindId":104,"level":2,"sBlind":100,"bBlind":200,"rebuy":1,"upTime":180},{"id":93,"blindId":104,"level":3,"sBlind":200,"bBlind":400,"rebuy":1,"upTime":180},{"id":94,"blindId":104,"level":4,"sBlind":300,"bBlind":600,"preBet":25,"rebuy":1,"upTime":180},{"id":95,"blindId":104,"level":5,"sBlind":400,"bBlind":800,"preBet":50,"rebuy":1,"upTime":180},{"id":96,"blindId":104,"level":6,"sBlind":500,"bBlind":1000,"preBet":75,"rebuy":1,"upTime":180},{"id":97,"blindId":104,"level":7,"sBlind":700,"bBlind":1400,"preBet":100,"addon":1,"upTime":180},{"id":98,"blindId":104,"level":8,"sBlind":1000,"bBlind":2000,"preBet":150,"upTime":180},{"id":99,"blindId":104,"level":9,"sBlind":1500,"bBlind":3000,"preBet":200,"upTime":180},{"id":100,"blindId":104,"level":10,"sBlind":2000,"bBlind":4000,"preBet":250,"upTime":180},{"id":101,"blindId":104,"level":11,"sBlind":3000,"bBlind":6000,"preBet":300,"upTime":180},{"id":102,"blindId":104,"level":12,"sBlind":5000,"bBlind":10000,"preBet":400,"upTime":180},{"id":103,"blindId":104,"level":13,"sBlind":7000,"bBlind":14000,"preBet":500,"upTime":180},{"id":104,"blindId":104,"level":14,"sBlind":10000,"bBlind":20000,"preBet":1000,"upTime":180},{"id":105,"blindId":104,"level":15,"sBlind":15000,"bBlind":30000,"preBet":2000,"upTime":180},{"id":106,"blindId":104,"level":16,"sBlind":20000,"bBlind":40000,"preBet":3000,"upTime":180},{"id":107,"blindId":104,"level":17,"sBlind":30000,"bBlind":60000,"preBet":4000,"upTime":180},{"id":108,"blindId":104,"level":18,"sBlind":50000,"bBlind":100000,"preBet":5000,"upTime":180},{"id":109,"blindId":104,"level":19,"sBlind":70000,"bBlind":140000,"preBet":10000,"upTime":180},{"id":110,"blindId":104,"level":20,"sBlind":100000,"bBlind":200000,"preBet":20000,"upTime":180},{"id":111,"blindId":104,"level":21,"sBlind":150000,"bBlind":300000,"preBet":30000,"upTime":180},{"id":112,"blindId":104,"level":22,"sBlind":200000,"bBlind":400000,"preBet":40000,"upTime":180},{"id":113,"blindId":104,"level":23,"sBlind":300000,"bBlind":600000,"preBet":50000,"upTime":180},{"id":114,"blindId":104,"level":24,"sBlind":500000,"bBlind":1000000,"preBet":50000,"upTime":180},{"id":115,"blindId":104,"level":25,"sBlind":700000,"bBlind":1400000,"preBet":100000,"upTime":180},{"id":116,"blindId":104,"level":26,"sBlind":1000000,"bBlind":2000000,"preBet":200000,"upTime":180},{"id":117,"blindId":104,"level":27,"sBlind":1500000,"bBlind":3000000,"preBet":300000,"upTime":180},{"id":118,"blindId":104,"level":28,"sBlind":2000000,"bBlind":4000000,"preBet":400000,"upTime":180},{"id":119,"blindId":104,"level":29,"sBlind":3000000,"bBlind":6000000,"preBet":500000,"upTime":180},{"id":120,"blindId":104,"level":30,"sBlind":5000000,"bBlind":10000000,"preBet":500000,"upTime":180},{"id":121,"blindId":105,"level":1,"sBlind":50,"bBlind":100,"rebuy":1,"upTime":300},{"id":122,"blindId":105,"level":2,"sBlind":100,"bBlind":200,"rebuy":1,"upTime":300},{"id":123,"blindId":105,"level":3,"sBlind":200,"bBlind":400,"rebuy":1,"upTime":300},{"id":124,"blindId":105,"level":4,"sBlind":300,"bBlind":600,"preBet":25,"rebuy":1,"upTime":300},{"id":125,"blindId":105,"level":5,"sBlind":400,"bBlind":800,"preBet":50,"rebuy":1,"upTime":300},{"id":126,"blindId":105,"level":6,"sBlind":500,"bBlind":1000,"preBet":75,"rebuy":1,"upTime":300},{"id":127,"blindId":105,"level":7,"sBlind":700,"bBlind":1400,"preBet":100,"addon":1,"upTime":300},{"id":128,"blindId":105,"level":8,"sBlind":1000,"bBlind":2000,"preBet":150,"upTime":300},{"id":129,"blindId":105,"level":9,"sBlind":1500,"bBlind":3000,"preBet":200,"upTime":300},{"id":130,"blindId":105,"level":10,"sBlind":2000,"bBlind":4000,"preBet":250,"upTime":300},{"id":131,"blindId":105,"level":11,"sBlind":3000,"bBlind":6000,"preBet":300,"upTime":300},{"id":132,"blindId":105,"level":12,"sBlind":5000,"bBlind":10000,"preBet":400,"upTime":300},{"id":133,"blindId":105,"level":13,"sBlind":7000,"bBlind":14000,"preBet":500,"upTime":300},{"id":134,"blindId":105,"level":14,"sBlind":10000,"bBlind":20000,"preBet":1000,"upTime":300},{"id":135,"blindId":105,"level":15,"sBlind":15000,"bBlind":30000,"preBet":2000,"upTime":300},{"id":136,"blindId":105,"level":16,"sBlind":20000,"bBlind":40000,"preBet":3000,"upTime":300},{"id":137,"blindId":105,"level":17,"sBlind":30000,"bBlind":60000,"preBet":4000,"upTime":300},{"id":138,"blindId":105,"level":18,"sBlind":50000,"bBlind":100000,"preBet":5000,"upTime":300},{"id":139,"blindId":105,"level":19,"sBlind":70000,"bBlind":140000,"preBet":10000,"upTime":300},{"id":140,"blindId":105,"level":20,"sBlind":100000,"bBlind":200000,"preBet":20000,"upTime":300},{"id":141,"blindId":105,"level":21,"sBlind":150000,"bBlind":300000,"preBet":30000,"upTime":300},{"id":142,"blindId":105,"level":22,"sBlind":200000,"bBlind":400000,"preBet":40000,"upTime":300},{"id":143,"blindId":105,"level":23,"sBlind":300000,"bBlind":600000,"preBet":50000,"upTime":300},{"id":144,"blindId":105,"level":24,"sBlind":500000,"bBlind":1000000,"preBet":50000,"upTime":300},{"id":145,"blindId":105,"level":25,"sBlind":700000,"bBlind":1400000,"preBet":100000,"upTime":300},{"id":146,"blindId":105,"level":26,"sBlind":1000000,"bBlind":2000000,"preBet":200000,"upTime":300},{"id":147,"blindId":105,"level":27,"sBlind":1500000,"bBlind":3000000,"preBet":300000,"upTime":300},{"id":148,"blindId":105,"level":28,"sBlind":2000000,"bBlind":4000000,"preBet":400000,"upTime":300},{"id":149,"blindId":105,"level":29,"sBlind":3000000,"bBlind":6000000,"preBet":500000,"upTime":300},{"id":150,"blindId":105,"level":30,"sBlind":5000000,"bBlind":10000000,"preBet":500000,"upTime":300},{"id":151,"blindId":106,"level":1,"sBlind":50,"bBlind":100,"rebuy":1,"upTime":300},{"id":152,"blindId":106,"level":2,"sBlind":100,"bBlind":200,"rebuy":1,"upTime":300},{"id":153,"blindId":106,"level":3,"sBlind":200,"bBlind":400,"rebuy":1,"upTime":300},{"id":154,"blindId":106,"level":4,"sBlind":300,"bBlind":600,"preBet":25,"rebuy":1,"upTime":300},{"id":155,"blindId":106,"level":5,"sBlind":400,"bBlind":800,"preBet":50,"rebuy":1,"upTime":300},{"id":156,"blindId":106,"level":6,"sBlind":500,"bBlind":1000,"preBet":75,"rebuy":1,"upTime":300},{"id":157,"blindId":106,"level":7,"sBlind":700,"bBlind":1400,"preBet":100,"addon":1,"upTime":300},{"id":158,"blindId":106,"level":8,"sBlind":1000,"bBlind":2000,"preBet":150,"upTime":300},{"id":159,"blindId":106,"level":9,"sBlind":1500,"bBlind":3000,"preBet":200,"upTime":300},{"id":160,"blindId":106,"level":10,"sBlind":2000,"bBlind":4000,"preBet":250,"upTime":300},{"id":161,"blindId":106,"level":11,"sBlind":3000,"bBlind":6000,"preBet":300,"upTime":300},{"id":162,"blindId":106,"level":12,"sBlind":5000,"bBlind":10000,"preBet":400,"upTime":300},{"id":163,"blindId":106,"level":13,"sBlind":7000,"bBlind":14000,"preBet":500,"upTime":300},{"id":164,"blindId":106,"level":14,"sBlind":10000,"bBlind":20000,"preBet":1000,"upTime":300},{"id":165,"blindId":106,"level":15,"sBlind":15000,"bBlind":30000,"preBet":2000,"upTime":300},{"id":166,"blindId":106,"level":16,"sBlind":20000,"bBlind":40000,"preBet":3000,"upTime":300},{"id":167,"blindId":106,"level":17,"sBlind":30000,"bBlind":60000,"preBet":4000,"upTime":300},{"id":168,"blindId":106,"level":18,"sBlind":50000,"bBlind":100000,"preBet":5000,"upTime":300},{"id":169,"blindId":106,"level":19,"sBlind":70000,"bBlind":140000,"preBet":10000,"upTime":300},{"id":170,"blindId":106,"level":20,"sBlind":100000,"bBlind":200000,"preBet":20000,"upTime":300},{"id":171,"blindId":106,"level":21,"sBlind":150000,"bBlind":300000,"preBet":30000,"upTime":300},{"id":172,"blindId":106,"level":22,"sBlind":200000,"bBlind":400000,"preBet":40000,"upTime":300},{"id":173,"blindId":106,"level":23,"sBlind":300000,"bBlind":600000,"preBet":50000,"upTime":300},{"id":174,"blindId":106,"level":24,"sBlind":500000,"bBlind":1000000,"preBet":50000,"upTime":300},{"id":175,"blindId":106,"level":25,"sBlind":700000,"bBlind":1400000,"preBet":100000,"upTime":300},{"id":176,"blindId":106,"level":26,"sBlind":1000000,"bBlind":2000000,"preBet":200000,"upTime":300},{"id":177,"blindId":106,"level":27,"sBlind":1500000,"bBlind":3000000,"preBet":300000,"upTime":300},{"id":178,"blindId":106,"level":28,"sBlind":2000000,"bBlind":4000000,"preBet":400000,"upTime":300},{"id":179,"blindId":106,"level":29,"sBlind":3000000,"bBlind":6000000,"preBet":500000,"upTime":300},{"id":180,"blindId":106,"level":30,"sBlind":5000000,"bBlind":10000000,"preBet":500000,"upTime":300},{"id":181,"blindId":107,"level":1,"sBlind":50,"bBlind":100,"rebuy":1,"upTime":180},{"id":182,"blindId":107,"level":2,"sBlind":100,"bBlind":200,"rebuy":1,"upTime":180},{"id":183,"blindId":107,"level":3,"sBlind":200,"bBlind":400,"rebuy":1,"upTime":180},{"id":184,"blindId":107,"level":4,"sBlind":300,"bBlind":600,"preBet":25,"rebuy":1,"upTime":180},{"id":185,"blindId":107,"level":5,"sBlind":400,"bBlind":800,"preBet":50,"rebuy":1,"upTime":180},{"id":186,"blindId":107,"level":6,"sBlind":500,"bBlind":1000,"preBet":75,"addon":1,"upTime":180},{"id":187,"blindId":107,"level":7,"sBlind":700,"bBlind":1400,"preBet":100,"upTime":180},{"id":188,"blindId":107,"level":8,"sBlind":1000,"bBlind":2000,"preBet":150,"upTime":180},{"id":189,"blindId":107,"level":9,"sBlind":1500,"bBlind":3000,"preBet":200,"upTime":180},{"id":190,"blindId":107,"level":10,"sBlind":2000,"bBlind":4000,"preBet":250,"upTime":180},{"id":191,"blindId":107,"level":11,"sBlind":3000,"bBlind":6000,"preBet":300,"upTime":180},{"id":192,"blindId":107,"level":12,"sBlind":5000,"bBlind":10000,"preBet":400,"upTime":180},{"id":193,"blindId":107,"level":13,"sBlind":7000,"bBlind":14000,"preBet":500,"upTime":180},{"id":194,"blindId":107,"level":14,"sBlind":10000,"bBlind":20000,"preBet":1000,"upTime":180},{"id":195,"blindId":107,"level":15,"sBlind":15000,"bBlind":30000,"preBet":2000,"upTime":180},{"id":196,"blindId":107,"level":16,"sBlind":20000,"bBlind":40000,"preBet":3000,"upTime":180},{"id":197,"blindId":107,"level":17,"sBlind":30000,"bBlind":60000,"preBet":4000,"upTime":180},{"id":198,"blindId":107,"level":18,"sBlind":50000,"bBlind":100000,"preBet":5000,"upTime":180},{"id":199,"blindId":107,"level":19,"sBlind":70000,"bBlind":140000,"preBet":10000,"upTime":180},{"id":200,"blindId":107,"level":20,"sBlind":100000,"bBlind":200000,"preBet":20000,"upTime":180},{"id":201,"blindId":107,"level":21,"sBlind":150000,"bBlind":300000,"preBet":30000,"upTime":180},{"id":202,"blindId":107,"level":22,"sBlind":200000,"bBlind":400000,"preBet":40000,"upTime":180},{"id":203,"blindId":107,"level":23,"sBlind":300000,"bBlind":600000,"preBet":50000,"upTime":180},{"id":204,"blindId":107,"level":24,"sBlind":500000,"bBlind":1000000,"preBet":50000,"upTime":180},{"id":205,"blindId":107,"level":25,"sBlind":700000,"bBlind":1400000,"preBet":100000,"upTime":180},{"id":206,"blindId":107,"level":26,"sBlind":1000000,"bBlind":2000000,"preBet":200000,"upTime":180},{"id":207,"blindId":107,"level":27,"sBlind":1500000,"bBlind":3000000,"preBet":300000,"upTime":180},{"id":208,"blindId":107,"level":28,"sBlind":2000000,"bBlind":4000000,"preBet":400000,"upTime":180},{"id":209,"blindId":107,"level":29,"sBlind":3000000,"bBlind":6000000,"preBet":500000,"upTime":180},{"id":210,"blindId":107,"level":30,"sBlind":5000000,"bBlind":10000000,"preBet":500000,"upTime":180} ]