[{"id":1,"phase":1,"img":"chips_01"},{"id":2,"phase":5,"img":"chips_02"},{"id":3,"phase":25,"img":"chips_03"},{"id":4,"phase":50,"img":"chips_04"},{"id":5,"phase":100,"img":"chips_05"},{"id":6,"phase":500,"img":"chips_06"},{"id":7,"phase":1000,"img":"chips_07"},{"id":8,"phase":5000,"img":"chips_08"},{"id":9,"phase":10000,"img":"chips_09"},{"id":10,"phase":50000,"img":"chips_10"},{"id":11,"phase":100000,"img":"chips_11"},{"id":12,"phase":500000,"img":"chips_12"},{"id":13,"phase":1000000,"img":"chips_13"},{"id":14,"phase":5000000,"img":"chips_14"},{"id":15,"phase":10000000,"img":"chips_15"},{"id":16,"phase":50000000,"img":"chips_16"} ]