[{"id":0,"type":1,"phase":0,"phaseEndFlag":1,"next":1},{"id":1,"type":1,"phase":1,"steps":[{"stepId":14,"stepParams":{"panelName":"GuideChoosePanel","params":{"type":1,"self":1,"next":2,"skip":35}}}],"phaseEndFlag":1,"des":"进入引导选择"},{"id":2,"type":1,"phase":2,"steps":[{"stepId":14,"stepParams":{"panelName":"GuideGameDescriptionPanel","params":{"self":2}}}],"next":100,"des":"打开介绍界面"},{"id":100,"type":1,"phase":2,"steps":[{"stepId":16,"stepParams":{"id":2}}],"next":101,"des":"进入玩法展示"},{"id":101,"type":1,"phase":2,"steps":[{"stepId":2,"target":1,"stepParams":{"card":[2,1,3,1],"pos":0}}],"next":102,"delay":3000,"des":"玩法发手牌"},{"id":102,"type":1,"phase":2,"steps":[{"stepId":30,"stepParams":{"self":102}}],"next":103,"delay":3200,"des":"提示手牌"},{"id":103,"type":1,"phase":2,"steps":[{"stepId":3,"stepParams":{"card":[4,10,1,8,1,7,3,5,2,11],"potChips":[25000]}}],"next":107,"des":"玩法发5张公共牌"},{"id":107,"type":1,"phase":2,"steps":[{"stepId":31,"stepParams":{"self":107}}],"next":106,"delay":5800,"des":"提示公共牌"},{"id":106,"type":1,"phase":2,"steps":[{"stepId":33,"stepParams":{"self":106}}],"next":104,"des":"函数调用显示翻牌，转牌，河牌"},{"id":104,"type":1,"phase":2,"steps":[{"stepId":32,"stepParams":{"self":104}}],"next":105,"delay":15000,"des":"提醒七选五最大牌型"},{"id":105,"type":1,"phase":2,"steps":[{"stepId":26,"stepParams":{"type":2,"goto":1}}],"next":3,"clear":[104,107,102],"des":"切换到大厅"},{"id":3,"type":1,"phase":2,"steps":[{"stepId":14,"stepParams":{"panelName":"GuideCardTypeIntroPanel","params":{"panelName":"GuideChoosePanel","type":2,"self":3,"skip":35,"next":4}}}],"phaseEndFlag":1,"des":"打开牌型界面进入训练营选择"},{"id":4,"type":1,"phase":3,"steps":[{"stepId":16,"stepParams":{"id":1}}],"next":5,"des":"进入训练营"},{"id":5,"type":1,"phase":3,"steps":[{"stepId":2,"target":1,"stepParams":{"card":[2,1,2,11]}}],"next":6,"delay":1000,"des":"发手牌"},{"id":6,"type":1,"phase":3,"steps":[{"stepId":1,"target":1,"stepParams":{"state":6,"num":50,"bankRoll":1950}},{"stepId":1,"target":2,"stepParams":{"state":6,"num":100,"bankRoll":1900,"pos":3}}],"next":7,"delay":1000,"des":"下盲注"},{"id":7,"type":1,"phase":3,"steps":[{"stepId":1,"target":3,"stepParams":{"cd":3000,"state":5,"num":100,"bankRoll":1900,"pos":1}}],"next":8,"des":"庄家跟注 过3S跟注 100 同时位置1的人说话"},{"id":8,"type":1,"phase":3,"steps":[{"stepId":4},{"stepId":5},{"stepId":6},{"stepId":19,"stepParams":{"goto":1}}],"next":9,"des":"提示"},{"id":9,"type":1,"phase":3,"steps":[{"stepId":1,"target":1,"stepParams":{"cd":0,"state":5,"num":100,"bankRoll":1900,"pos":2}}],"next":10,"des":"本家跟注"},{"id":10,"type":1,"phase":3,"steps":[{"stepId":1,"target":2,"stepParams":{"cd":3000,"state":2,"bankRoll":1900,"pos":0}}],"next":11,"des":"下家过牌"},{"id":11,"type":1,"phase":3,"steps":[{"stepId":3,"stepParams":{"card":[3,1,2,5,1,11],"pos":1,"potChips":[300]}}],"next":12,"delay":3000,"des":"翻牌"},{"id":12,"type":1,"phase":3,"steps":[{"stepId":14,"stepParams":{"panelName":"GuideQuestionPanel","params":{"question":1,"self":12,"gap":0,"scale":1.2,"cardList1":[3,1,5,2,1,11,2,1,2,11],"cardList2":[3,1,2,1,1,11,2,11,2,5]}}}],"next":13,"des":"回答问题1"},{"id":13,"type":1,"phase":3,"steps":[{"stepId":7},{"stepId":8},{"stepId":20,"stepParams":{"goto":1}}],"next":14,"des":"提示1倍加注"},{"id":14,"type":1,"phase":3,"steps":[{"stepId":1,"target":1,"stepParams":{"cd":0,"state":3,"num":300,"bankRoll":1600,"pos":2}}],"next":15,"des":"执行1倍加注"},{"id":15,"type":1,"phase":3,"steps":[{"stepId":1,"target":2,"stepParams":{"cd":3000,"state":5,"num":300,"bankRoll":1600,"pos":3}}],"next":16,"des":"下家跟注"},{"id":16,"type":1,"phase":3,"steps":[{"stepId":1,"target":3,"stepParams":{"cd":3000,"state":5,"num":300,"bankRoll":1600,"pos":0}}],"next":17,"delay":1000,"des":"庄家跟注"},{"id":17,"type":1,"phase":3,"steps":[{"stepId":3,"stepParams":{"card":[2,10],"pos":1,"potChips":[1200]}}],"next":18,"delay":1500,"des":"转牌"},{"id":18,"type":1,"phase":3,"steps":[{"stepId":9},{"stepId":28},{"stepId":21,"stepParams":{"goto":1}}],"next":19,"des":"提示牌型不变"},{"id":19,"type":1,"phase":3,"steps":[{"stepId":1,"target":1,"stepParams":{"cd":0,"state":2,"bankRoll":1600,"pos":2}}],"next":20,"des":"点击过牌"},{"id":20,"type":1,"phase":3,"steps":[{"stepId":1,"target":2,"stepParams":{"cd":3000,"state":2,"bankRoll":1600,"pos":3}}],"next":21,"des":"下家过牌"},{"id":21,"type":1,"phase":3,"steps":[{"stepId":1,"target":3,"stepParams":{"cd":3000,"state":2,"bankRoll":1600,"pos":0}}],"next":22,"des":"庄家过牌"},{"id":22,"type":1,"phase":3,"steps":[{"stepId":3,"stepParams":{"card":[2,9],"pos":1,"potChips":[1200]}}],"next":23,"delay":3500,"des":"发河牌"},{"id":23,"type":1,"phase":3,"steps":[{"stepId":14,"stepParams":{"panelName":"GuideQuestionPanel","params":{"question":2,"self":23,"gap":-10,"scale":1,"cardList1":[2,1,2,11,3,1,2,5,1,11,2,10,2,9],"cardList2":[2,1,2,11,2,10,2,9,2,5,3,1,1,11],"mask2":[3,1,1,11]}}}],"next":24,"des":"回答问题2"},{"id":24,"type":1,"phase":3,"steps":[{"stepId":10},{"stepId":11},{"stepId":22,"stepParams":{"goto":1}}],"next":25,"des":"提示加注按钮"},{"id":25,"type":1,"phase":3,"steps":[{"stepId":29},{"stepId":14,"stepParams":{"panelName":"AddChipsPanel","params":{"isAuto":1,"guideValue":1600,"self":25,"minChips":100,"maxChips":1600,"bBlind":100}}}],"next":26,"des":"打开加注面板"},{"id":26,"type":1,"phase":3,"steps":[{"stepId":25,"stepParams":{"start":{"limit":100,"stepId":12},"end":{"limit":1600,"stepId":13,"goto":1}}},{"stepId":27}],"next":28,"des":"提示向上滑动进行加注"},{"id":28,"type":1,"phase":3,"steps":[{"stepId":1,"target":1,"stepParams":{"cd":0,"state":4,"num":1600,"bankRoll":0,"pos":2}}],"next":29,"des":"allin"},{"id":29,"type":1,"phase":3,"steps":[{"stepId":1,"target":2,"stepParams":{"cd":3000,"state":4,"num":1600,"bankRoll":0,"pos":3}}],"next":30,"des":"allin"},{"id":30,"type":1,"phase":3,"steps":[{"stepId":1,"target":3,"stepParams":{"cd":3000,"state":4,"num":1600,"bankRoll":0,"pos":0}}],"next":31,"delay":1000,"des":"allin"},{"id":31,"type":1,"phase":3,"steps":[{"stepId":1,"target":1,"stepParams":{"cd":0,"state":7,"num":0,"bankRoll":6000}},{"stepId":17,"stepParams":{"potList":[{"num":6000,"type":0,"roleId":[1]}],"handCardList":[{"roleId":1,"card":[2,1,2,11]},{"roleId":2,"card":[3,3,4,5]},{"roleId":3,"card":[1,10,2,9]}]}}],"next":32,"delay":5000,"des":"结算"},{"id":32,"type":1,"phase":3,"steps":[{"stepId":15},{"stepId":24,"stepParams":{"goto":1}}],"next":33,"des":"提示点击返回大厅"},{"id":33,"type":1,"phase":3,"steps":[{"stepId":26,"stepParams":{"type":2,"goto":1}}],"phaseEndFlag":1,"next":34,"des":"切换到大厅"},{"id":34,"type":1,"phase":4,"steps":[{"stepId":14,"stepParams":{"panelName":"GuideBringGoldPanel","params":{"self":34}}}],"phaseEndFlag":1,"awardId":5,"next":35,"des":"新手引导领取奖励"},{"id":35,"type":1,"phase":5,"typeEndFlag":1,"phaseEndFlag":1,"des":"新手引导完毕"}]