[{"id":1,"timeId":101,"subId":1,"start":[0,0,0,5,0,0,-1]},{"id":2,"timeId":101,"subId":2,"start":[0,0,0,5,30,0,-1]},{"id":3,"timeId":101,"subId":3,"start":[0,0,0,6,0,0,-1]},{"id":4,"timeId":101,"subId":4,"start":[0,0,0,6,30,0,-1]},{"id":5,"timeId":101,"subId":5,"start":[0,0,0,7,0,0,-1]},{"id":6,"timeId":101,"subId":6,"start":[0,0,0,7,30,0,-1]},{"id":7,"timeId":101,"subId":7,"start":[0,0,0,8,0,0,-1]},{"id":8,"timeId":101,"subId":8,"start":[0,0,0,8,30,0,-1]},{"id":9,"timeId":101,"subId":9,"start":[0,0,0,9,0,0,-1]},{"id":10,"timeId":101,"subId":10,"start":[0,0,0,9,30,0,-1]},{"id":11,"timeId":101,"subId":11,"start":[0,0,0,10,0,0,-1]},{"id":12,"timeId":101,"subId":12,"start":[0,0,0,10,30,0,-1]},{"id":13,"timeId":101,"subId":13,"start":[0,0,0,11,0,0,-1]},{"id":14,"timeId":101,"subId":14,"start":[0,0,0,11,30,0,-1]},{"id":15,"timeId":101,"subId":15,"start":[0,0,0,12,0,0,-1]},{"id":16,"timeId":101,"subId":16,"start":[0,0,0,12,30,0,-1]},{"id":17,"timeId":101,"subId":17,"start":[0,0,0,13,0,0,-1]},{"id":18,"timeId":101,"subId":18,"start":[0,0,0,13,30,0,-1]},{"id":19,"timeId":101,"subId":19,"start":[0,0,0,14,0,0,-1]},{"id":20,"timeId":101,"subId":20,"start":[0,0,0,14,30,0,-1]},{"id":21,"timeId":101,"subId":21,"start":[0,0,0,15,0,0,-1]},{"id":22,"timeId":101,"subId":22,"start":[0,0,0,15,30,0,-1]},{"id":23,"timeId":101,"subId":23,"start":[0,0,0,16,0,0,-1]},{"id":24,"timeId":101,"subId":24,"start":[0,0,0,16,30,0,-1]},{"id":25,"timeId":101,"subId":25,"start":[0,0,0,17,0,0,-1]},{"id":26,"timeId":101,"subId":26,"start":[0,0,0,17,30,0,-1]},{"id":27,"timeId":101,"subId":27,"start":[0,0,0,18,0,0,-1]},{"id":28,"timeId":101,"subId":28,"start":[0,0,0,18,30,0,-1]},{"id":29,"timeId":101,"subId":29,"start":[0,0,0,19,0,0,-1]},{"id":30,"timeId":101,"subId":30,"start":[0,0,0,19,30,0,-1]},{"id":31,"timeId":101,"subId":31,"start":[0,0,0,20,0,0,-1]},{"id":32,"timeId":101,"subId":32,"start":[0,0,0,20,20,0,-1]},{"id":33,"timeId":101,"subId":33,"start":[0,0,0,21,0,0,-1]},{"id":34,"timeId":101,"subId":34,"start":[0,0,0,21,30,0,-1]},{"id":35,"timeId":101,"subId":35,"start":[0,0,0,22,0,0,-1]},{"id":36,"timeId":101,"subId":36,"start":[0,0,0,22,30,0,-1]},{"id":37,"timeId":101,"subId":37,"start":[0,0,0,23,0,0,-1]},{"id":38,"timeId":101,"subId":38,"start":[0,0,0,23,30,0,-1]},{"id":39,"timeId":102,"subId":1,"start":[0,0,0,13,45,0,-1]},{"id":40,"timeId":102,"subId":2,"start":[0,0,0,19,45,0,-1]},{"id":41,"timeId":102,"subId":3,"start":[0,0,0,21,45,0,-1]},{"id":42,"timeId":103,"subId":1,"start":[0,0,0,10,45,0,-1]},{"id":43,"timeId":103,"subId":2,"start":[0,0,0,14,45,0,-1]},{"id":44,"timeId":103,"subId":3,"start":[0,0,0,16,45,0,-1]},{"id":45,"timeId":103,"subId":4,"start":[0,0,0,20,45,0,-1]},{"id":46,"timeId":103,"subId":5,"start":[0,0,0,22,45,0,-1]},{"id":47,"timeId":104,"subId":1,"start":[0,0,0,11,0,0,-1]},{"id":48,"timeId":104,"subId":2,"start":[0,0,0,15,0,0,-1]},{"id":49,"timeId":104,"subId":3,"start":[0,0,0,19,0,0,-1]},{"id":50,"timeId":105,"subId":1,"start":[0,0,0,12,0,0,-1]},{"id":51,"timeId":105,"subId":2,"start":[0,0,0,20,0,0,-1]},{"id":52,"timeId":106,"subId":1,"start":[0,0,0,18,0,0,-1]},{"id":53,"timeId":107,"subId":1,"start":[0,0,0,21,5,0,7]},{"id":54,"timeId":108,"subId":1,"start":[0,0,0,7,10,0,-1]},{"id":55,"timeId":108,"subId":2,"start":[0,0,0,9,10,0,-1]},{"id":56,"timeId":108,"subId":3,"start":[0,0,0,11,10,0,-1]},{"id":57,"timeId":108,"subId":4,"start":[0,0,0,13,10,0,-1]},{"id":58,"timeId":108,"subId":5,"start":[0,0,0,15,10,0,-1]},{"id":59,"timeId":108,"subId":6,"start":[0,0,0,17,10,0,-1]},{"id":60,"timeId":108,"subId":7,"start":[0,0,0,19,10,0,-1]},{"id":61,"timeId":108,"subId":8,"start":[0,0,0,21,10,0,-1]},{"id":62,"timeId":108,"subId":9,"start":[0,0,0,23,10,0,-1]},{"id":63,"timeId":109,"subId":1,"start":[0,0,0,8,25,0,-1]},{"id":64,"timeId":109,"subId":2,"start":[0,0,0,12,25,0,-1]},{"id":65,"timeId":109,"subId":3,"start":[0,0,0,14,25,0,-1]},{"id":66,"timeId":109,"subId":4,"start":[0,0,0,18,25,0,-1]},{"id":67,"timeId":109,"subId":5,"start":[0,0,0,20,25,0,-1]},{"id":68,"timeId":109,"subId":6,"start":[0,0,0,22,25,0,-1]},{"id":69,"timeId":110,"subId":1,"start":[0,0,0,11,20,0,-1]},{"id":70,"timeId":110,"subId":2,"start":[0,0,0,17,20,0,-1]},{"id":71,"timeId":201,"subId":1,"start":[2018,1,8,10,30,0,-1],"end":[2018,2,8,10,30,0,-1]} ]