[{"id":2,"title":"锦标赛说明","isRichTxt":"1","url":"jbssm_png","text":"<font color='#61ead9'>如何领取实物奖励？</font>\n<font color='#D3DCDC'>1，点击个人头像打开个人信息资料窗口，在窗口左下角点击“我的奖品”即可进入奖品领取页面。\n2，请按照要求填写所有领奖信息并保存，以便及时领取奖品。</font>\n\n<font color='#61ead9'>什么是锦标赛</font>\n<font color='#D3DCDC'>锦标赛是一直定时多桌的德州扑克比赛玩法。所有参赛玩家以同样的金币数量开局，直至仅剩一名玩家拥有金币，冠军产生，比赛结束。为保证比赛激烈程度，随着比赛进行，盲注等级将不断提升。\n\n</font><font color='#61ead9'>锦标赛规则</font>\n<font color='#D3DCDC'>1，固定时间开始比赛，届时若参数人数不足最低人数要求，则比赛取消，返还全部报名费用。\n2，参加必要需要支付报名费+服务费。主动退赛仅退还报名费，不退还服务费。\n3，逾期未参加比赛，将不退还任何费用，请提前进入游戏并准时参加。\n4，比赛中玩家将使用比赛筹码进行比赛（比赛筹码不等于账户中的金币），仅用于比赛内计数。\n5，前注：比赛进行过程中，每局开始前强制所有玩家自动下注若干金币，即为前注。\n6，重购筹码（rebuy）：在可以rebuy的比赛中规定的盲注级别内，若玩家当前金币≤初始金币时（或被淘汰），可以再次花费比赛参赛费额外买入一份初始买入筹码。\n7，增购筹码（addon）：在可以addon的比赛中规定的盲注级别内，玩家可以再次花费报名费额外买入若干筹码。\n8，比赛根据比赛代币数进行排位，最先退出比赛的玩家即为最后一名，以此类推。同时被淘汰则依次按照牌力、开始时筹码定位名次，牌力大者排名在前，开始时筹码多者排名在前。\n9，当比赛里只剩下最后一名玩家时比赛结束，最后一名玩家即是冠军。\n10，比赛优先使用门票报名，金币报名（参赛费+服务费，如“10万+1万”）退赛时将仅退还参赛费，赛事开始后无法退赛。\n\n</font>"},{"id":101,"title":"提示","isRichTxt":"0","text":"推广招募微信:ceshizhanghu1、ceshizhanghu2"},{"id":201,"title":"版本信息","isRichTxt":"1","url":"h_xinxi_png","text":"<font color='#2f5b57'>亲爱的玩家你好</font>\n1，欢迎来到盱眙麻将。\n此为测试版本，如你遇到任何问题，请咨询客服。"},{"id":301,"title":"提示","isRichTxt":"0","text":"客服QQ:999999999"},{"id":3,"title":"<font color='#ffffff'>玩法规则</font>","isRichTxt":"1","text":"<font color='#d0d9d9'>1，在牌局进行中，您可以使用牌桌外的筹码在手牌竞猜中购买手牌类型，在规定数量内进行购买。\n2，购买的额度根据当前所在房间的大盲注为准。\n3，当您在开局，获得手牌后进行结算，若发出您竞猜的手牌牌型，则返还您该项目的投入并按其比例奖励您金币到您的账户。\n4，游戏开始后，只能购买下局的手牌。\n5，本周榜单的时间为：每周一0:00开始到每周日23:59为止。\n6，开奖信息只记录当前牌桌内，最近10局的手牌开奖信息。\n7，购买记录只记录所有牌桌中，最多30条的手牌竞猜记录。</font>"},{"id":4,"title":"<font color='#ffffff'>规则</font>","isRichTxt":"1","text":"<font color='#f9cb55'>规则</font>\n1，根据玩家当前携带的筹码计算可下注的额度\n2，选择不同额度，点击中间的四个不同下注区域可进行下注。\n3，在下注结束后，庄家和下方的四个闲家每家发五张牌，发牌完毕后进行比牌。\n4，按照牌型大小，玩家可赢取或者赔付相应倍率的筹码。\n5，玩家携带金币达到一定数量，可选择成为庄家。成为庄家以后，不需要进行投注，只需等待其他玩家投注就可以坐等收益。\n\n<font color='#f9cb55'>牌型大小以及赔率</font>"},{"id":5,"title":"<font color='#ffffff'>奖池说明</font>","isRichTxt":"0","text":"<font color='#f9cb55'>奖池资金：</font>\n玩家或庄家胜出后，系统从盈利中抽取极少一部分放入彩池中。\n\n<font color='#f9cb55'>如何参与奖池：</font>\n凡是参与投注即视为参与了奖池，投注的选项中击中了牌型：四条，同花顺，皇家同花顺牌型即可获得奖池奖励。\n\n<font color='#f9cb55'>奖池如何分配：</font>\n1，凡是击中对应牌型组合即可获得总奖池的对应比例。皇家同花顺-50%、同花顺-40%、四条-30%\n2，多个玩家一起击中对应牌型将会按投注比例分配，投注越多的玩家将获得越多奖励。\n3，如果同个回合击中多个中奖牌型组合，那将会从大到小的牌型组合依次分配奖励。"},{"id":7,"title":"<font color='#ffffff'>玩法</font>","isRichTxt":"1","text":"<font color='#ccfff6' size='30'>德州扑克，全称为德克萨斯扑克，它是一种玩家对玩家的公共牌类游戏。</font>\n\n<font color='#ffd059' size='32'>玩法</font>\n\n<font color='#ccfff6' size='30'>1.\t每个玩家发两张底牌，五张由荷官陆续朝\t\t\t\t上发出的公共牌(依次发3张、1张、1张)\n2.\t牌局开始，每个玩家会有两张面朝下的底\t\t\t\t牌。\n3.\t经过所有押注圈，若仍不能分出胜负，游\t\t\t\t戏会进入“摊牌”阶段。\n4.\t在摊牌阶段，所剩的玩家亮出各自的底牌\t\t\t\t以较高下，持大牌者获胜。</font>\n\n\n<font color='#ffd059' size='32'>比赛用牌</font>\n\n<font color='#ccfff6' size='30'>德州扑克一共有52张牌，没有王牌。</font>"},{"id":8,"title":"<font color='#ffffff'  size='34'>活动说明</font>","isRichTxt":"1","text":"<font color='#ccfff6' size='30'>一.如何获得欢乐券？</font>\n<font color='#ffd059' size='30'>1.在德州扑克大于等于500/1000的房间里打牌或者下注额大于等于2000的德州转转转均可获得欢乐券。玩的场次越大获得的欢乐券越多。\n2.普通玩家充值即可获得欢乐券，充值1元赠送1欢乐券，充值额度必须大于10元，低于10元不赠送欢乐券。</font>\n\n<font color='#ccfff6' size='30'>二.欢乐券会过期吗？\n活动结束后将会保留一天时间使用欢乐券，切记一定要在活动结束前使用欢乐券，活动结束后欢乐券会清空哦！！</font>\n\n\n<font color='#ffd059' size='32'>三.礼品可以重复兑换码？\n不可以哦~每种礼品在活动期间内只能兑换一次~</font>\n\n<font color='#ccfff6' size='30'>*活动的最终解释权归星运德州所有</font>"},{"id":302,"title":"QQ群1","isRichTxt":"0","text":"888888888"},{"id":303,"title":"QQ群2","isRichTxt":"0","text":"999999999"},{"id":304,"title":"客服电话","isRichTxt":"0","text":"13888888888"}]