{
"texture":"111.png",
"startAlpha":0.8901960784313725
,"maxRadiusVariance":30
,"lifespan":100
,"tangentialAccelerationVariance":0
,"minRadius":20
,"lifespanVariance":500
,"engGreenVariance":0
,"minRadiusVariance":10
,"startSize":15
,"startGreenVariance":0
,"rotatePerSecond":30
,"startSizeVariance":0
,"endAlphaVariance":0
,"rotatePerSecondVariance":10
,"endSize":10
,"startGreen":255
,"endSizeVariance":0
,"tangentialAcceleration":0
,"emitAngle":-90
,"startRedVariance":0
,"emitAngleVariance":360
,"startAlphaVariance":0
,"startRotation":0
,"emitterType":0
,"startRotationVariance":360
,"startRed":255
,"endRotation":263.58
,"endBlueVariance":0
,"endRotationVariance":360
,"maxRadius":100
,"emitter":{"x":0,"y":0}
,"gravity":{"x":0,"y":100}
,"speedVariance":0
,"maxParticles":100
,"speed":100
,"endBlue":255
,"startBlueVariance":0
,"radialAcceleration":-100
,"emitterVariance":{"x":5,"y":5}
,"endRedVariance":0
,"radialAccelerationVariance":0
,"duration":400
,"startBlue":255
,"blendFactorSource":"one"
,"endGreen":255
,"blendFactorDestination":"oneMinusSourceAlpha"
,"endAlpha":1
,"endRed":255
}