{
"radialAccelerationVariance":0
,"duration":800
,"startAlphaVariance":0
,"blendFactorSource":"one"
,"startBlueVariance":0
,"engGreenVariance":0
,"endRedVariance":0
,"startRed":255
,"startRedVariance":0
,"tangentialAcceleration":0
,"maxRadiusVariance":30
,"lifespan":1500
,"endBlue":255
,"minRadius":20
,"emitter":{"x":360,"y":-60}
,"maxRadius":100
,"minRadiusVariance":10
,"startSize":70
,"rotatePerSecond":30
,"startSizeVariance":10
,"blendFactorDestination":"oneMinusSourceAlpha"
,"rotatePerSecondVariance":10
,"endSize":70
,"endSizeVariance":10
,"lifespanVariance":0
,"emitterVariance":{"x":360,"y":0}
,"emitAngle":-90
,"tangentialAccelerationVariance":0
,"startAlpha":1
,"startRotation":0
,"endAlphaVariance":0
,"emitterType":0
,"startRotationVariance":0
,"emitAngleVariance":0
,"endRotation":0
,"startGreenVariance":0
,"endRed":255
,"startGreen":255
,"endGreen":255
,"endAlpha":1
,"speedVariance":0
,"endBlueVariance":0
,"endRotationVariance":0
,"speed":1000
,"gravity":{"x":0,"y":4000}
,"startBlue":255
,"maxParticles":50
,"radialAcceleration":0
}