{
"endAlphaVariance":0
,"maxRadiusVariance":30
,"endRed":255
,"minRadius":20
,"startGreen":255
,"minRadiusVariance":10
,"startSize":50
,"startAlpha":0.8901960784313725
,"rotatePerSecond":30
,"startSizeVariance":10
,"endGreen":255
,"rotatePerSecondVariance":10
,"endSize":30
,"endSizeVariance":10
,"emitAngle":0
,"startAlphaVariance":0
,"emitter":{"x":0,"y":0}
,"startGreenVariance":0
,"startRedVariance":0
,"startRotationVariance":360
,"startBlue":255
,"emitAngleVariance":360
,"endRotation":263.58
,"startRotation":0
,"endRotationVariance":360
,"endAlpha":1
,"startRed":255
,"endBlueVariance":0
,"endRedVariance":0
,"gravity":{"x":0,"y":300}
,"startBlueVariance":0
,"engGreenVariance":0
,"emitterType":0
,"blendFactorSource":"one"
,"speedVariance":0
,"radialAcceleration":0
,"blendFactorDestination":"oneMinusSourceAlpha"
,"maxParticles":200
,"radialAccelerationVariance":0
,"duration":200
,"emitterVariance":{"x":360,"y":10}
,"tangentialAcceleration":0
,"speed":400
,"lifespan":200
,"tangentialAccelerationVariance":0
,"endBlue":255
,"lifespanVariance":500
,"maxRadius":100
}