{
"startGreenVariance":0
,"radialAccelerationVariance":0
,"duration":-1
,"endAlphaVariance":0
,"blendFactorSource":"one"
,"startRed":255
,"tangentialAccelerationVariance":0
,"emitter":{"x":24,"y":168}
,"startAlphaVariance":0
,"maxRadiusVariance":30
,"lifespan":1000
,"blendFactorDestination":"oneMinusSourceAlpha"
,"minRadius":20
,"lifespanVariance":700
,"maxRadius":100
,"minRadiusVariance":10
,"endBlue":255
,"tangentialAcceleration":0
,"rotatePerSecond":30
,"startAlpha":0.8901960784313725
,"startRedVariance":0
,"rotatePerSecondVariance":10
,"startBlue":255
,"startGreen":255
,"emitterType":0
,"startSizeVariance":10
,"emitAngle":270
,"endSize":10
,"startBlueVariance":0
,"endRedVariance":0
,"emitterVariance":{"x":50,"y":12}
,"startRotation":0
,"engGreenVariance":0
,"startRotationVariance":45
,"emitAngleVariance":0
,"endRotation":200
,"endRed":255
,"endRotationVariance":10
,"speed":40
,"gravity":{"x":0,"y":0}
,"speedVariance":0
,"endGreen":255
,"maxParticles":10
,"endSizeVariance":3
,"startSize":10
,"endAlpha":1
,"endBlueVariance":0
,"radialAcceleration":0
}