[{"id":1,"round":1,"raiseCoef":1.25,"minRaiseCoef":3,"maxRaiseCoef":50,"foldCoef":0.25,"callCoef":0.7,"maxCallCoef":30,"coef2":5.2,"coef6":1.7},{"id":2,"round":2,"raiseCoef":1.25,"minRaiseCoef":5,"maxRaiseCoef":100,"foldCoef":0.25,"callCoef":0.7,"maxCallCoef":100},{"id":3,"round":3,"raiseCoef":1.25,"minRaiseCoef":8,"maxRaiseCoef":150,"foldCoef":0.25,"callCoef":0.7,"maxCallCoef":150},{"id":4,"round":4,"raiseCoef":1.25,"minRaiseCoef":10,"maxRaiseCoef":200,"foldCoef":0.25,"callCoef":0.7,"maxCallCoef":200} ]