[{"id":1,"type":0,"rewardType":[5],"rewardId":[1],"rewardNum":[5000],"nacr":1,"mailId":1},{"id":2,"type":0,"rewardType":[5],"rewardId":[1],"rewardNum":[50000],"nacr":1,"mailId":2},{"id":3,"type":0,"rewardType":[5],"rewardId":[1],"rewardNum":[500000],"nacr":1,"mailId":3},{"id":4,"type":4,"rewardType":[5],"rewardId":[1],"rewardNum":[500],"nacr":1},{"id":5,"type":0,"rewardType":[5],"rewardId":[1],"rewardNum":[4000],"limit":1,"nacr":1},{"id":6,"type":1,"limit":50},{"id":101,"type":0,"costType":[3],"costNum":[99],"rewardType":[5],"rewardId":[5],"rewardNum":[1],"name":"1个月VIP"},{"id":102,"type":0,"costType":[3],"costNum":[499],"rewardType":[5],"rewardId":[5],"rewardNum":[6],"name":"6个月VIP"},{"id":103,"type":0,"costType":[3],"costNum":[999],"rewardType":[5,5],"rewardId":[6,3],"rewardNum":[1,200],"name":"年费VIP"},{"id":104,"type":0,"costType":[3],"costNum":[1],"rewardType":[5],"rewardId":[401],"rewardNum":[1],"name":"小喇叭*1","des":"购买后可发送全服小喇叭，总共可发送1次。"},{"id":105,"type":0,"costType":[3],"costNum":[18],"rewardType":[5],"rewardId":[401],"rewardNum":[20],"name":"小喇叭*20","des":"购买后可发送全服小喇叭，总共可发送20次。"},{"id":801,"type":0,"costType":[10],"costNum":[600],"rewardType":[5],"rewardId":[1],"rewardNum":[65000],"name":"送6.5万金币","des":"1元=1.08万"},{"id":802,"type":0,"costType":[10],"costNum":[1800],"rewardType":[5],"rewardId":[1],"rewardNum":[200000],"name":"送20万金币","des":"1元=1.11万"},{"id":803,"type":0,"costType":[10],"costNum":[6800],"rewardType":[5],"rewardId":[1],"rewardNum":[860000],"name":"送86万金币","des":"1元=1.26万"},{"id":804,"type":0,"costType":[10],"costNum":[12800],"rewardType":[5],"rewardId":[1],"rewardNum":[1830000],"name":"送183万金币","des":"1元=1.42万"},{"id":805,"type":0,"costType":[10],"costNum":[32800],"rewardType":[5],"rewardId":[1],"rewardNum":[5100000],"name":"送510万金币","des":"1元=1.55万"},{"id":806,"type":0,"costType":[10],"costNum":[64800],"rewardType":[5],"rewardId":[1],"rewardNum":[12000000],"name":"送1200万金币","des":"1元=1.85万"},{"id":821,"type":0,"costType":[10],"costNum":[600],"rewardType":[5],"rewardId":[2],"rewardNum":[6],"name":"6钻石"},{"id":822,"type":0,"costType":[10],"costNum":[1800],"rewardType":[5],"rewardId":[2],"rewardNum":[18],"name":"18钻石"},{"id":823,"type":0,"costType":[10],"costNum":[6800],"rewardType":[5],"rewardId":[2],"rewardNum":[68],"name":"68钻石"},{"id":824,"type":0,"costType":[10],"costNum":[12800],"rewardType":[5],"rewardId":[2],"rewardNum":[128],"name":"128钻石"},{"id":825,"type":0,"costType":[10],"costNum":[32800],"rewardType":[5],"rewardId":[2],"rewardNum":[328],"name":"328钻石"},{"id":826,"type":0,"costType":[10],"costNum":[64800],"rewardType":[5],"rewardId":[2],"rewardNum":[648],"name":"648钻石"},{"id":827,"type":0,"costType":[10],"costNum":[2500],"name":"白银月卡"},{"id":828,"type":0,"costType":[10],"costNum":[9800],"name":"黄金月卡"},{"id":901,"type":4,"rewardType":[5],"rewardId":[1],"rewardNum":[1800],"nacr":1},{"id":902,"type":4,"rewardType":[5],"rewardId":[1],"rewardNum":[2200],"nacr":1},{"id":903,"type":4,"rewardType":[5],"rewardId":[1],"rewardNum":[2600],"nacr":1},{"id":904,"type":4,"rewardType":[5],"rewardId":[1],"rewardNum":[3000],"nacr":1},{"id":905,"type":4,"rewardType":[5],"rewardId":[1],"rewardNum":[3400],"nacr":1},{"id":906,"type":4,"rewardType":[5],"rewardId":[1],"rewardNum":[3800],"nacr":1},{"id":907,"type":4,"rewardType":[5],"rewardId":[1],"rewardNum":[5000],"nacr":1},{"id":921,"type":4,"rewardType":[5],"rewardId":[1],"rewardNum":[3000],"nacr":1},{"id":922,"type":4,"rewardType":[5],"rewardId":[1],"rewardNum":[5000],"nacr":1},{"id":923,"type":4,"rewardType":[5],"rewardId":[1],"rewardNum":[8000],"nacr":1},{"id":924,"type":1,"rewardType":[5],"rewardId":[1],"rewardNum":[25000],"preId":827,"limit":1},{"id":925,"type":1,"rewardType":[5],"rewardId":[1],"rewardNum":[98000],"preId":828,"limit":1},{"id":1101,"type":4,"rewardType":[5],"rewardId":[1],"rewardNum":[40000],"nacr":1},{"id":1102,"type":4,"rewardType":[5],"rewardId":[1],"rewardNum":[20000],"nacr":1},{"id":1103,"type":4,"rewardType":[5],"rewardId":[1],"rewardNum":[14000],"nacr":1},{"id":1104,"type":4,"rewardType":[5],"rewardId":[1],"rewardNum":[10000],"nacr":1},{"id":1105,"type":4,"rewardType":[5],"rewardId":[1],"rewardNum":[10000],"nacr":1},{"id":1106,"type":4,"rewardType":[5],"rewardId":[1],"rewardNum":[10000],"nacr":1},{"id":1107,"type":4,"rewardType":[5],"rewardId":[1],"rewardNum":[6000],"nacr":1},{"id":1108,"type":4,"rewardType":[5],"rewardId":[1],"rewardNum":[6000],"nacr":1},{"id":1109,"type":4,"rewardType":[5],"rewardId":[1],"rewardNum":[6000],"nacr":1},{"id":1110,"type":4,"rewardType":[5],"rewardId":[1],"rewardNum":[6000],"nacr":1},{"id":1111,"type":4,"rewardType":[5],"rewardId":[1],"rewardNum":[6000],"nacr":1},{"id":1112,"type":4,"rewardType":[5],"rewardId":[1],"rewardNum":[6000],"nacr":1},{"id":1113,"type":4,"rewardType":[5],"rewardId":[1],"rewardNum":[4000],"nacr":1},{"id":1114,"type":4,"rewardType":[5],"rewardId":[1],"rewardNum":[4000],"nacr":1},{"id":1115,"type":4,"rewardType":[5],"rewardId":[1],"rewardNum":[4000],"nacr":1},{"id":1116,"type":4,"rewardType":[5],"rewardId":[1],"rewardNum":[4000],"nacr":1},{"id":1117,"type":4,"rewardType":[5],"rewardId":[1],"rewardNum":[4000],"nacr":1},{"id":1118,"type":4,"rewardType":[5],"rewardId":[1],"rewardNum":[4000],"nacr":1},{"id":1119,"type":4,"rewardType":[5],"rewardId":[1],"rewardNum":[3000],"nacr":1},{"id":1120,"type":4,"rewardType":[5],"rewardId":[1],"rewardNum":[3000],"nacr":1},{"id":1121,"type":4,"rewardType":[5],"rewardId":[1],"rewardNum":[3000],"nacr":1},{"id":1122,"type":4,"rewardType":[5],"rewardId":[1],"rewardNum":[3000],"nacr":1},{"id":1123,"type":4,"rewardType":[5],"rewardId":[1],"rewardNum":[3000],"nacr":1},{"id":1124,"type":4,"rewardType":[5],"rewardId":[1],"rewardNum":[3000],"nacr":1},{"id":1125,"type":4,"rewardType":[5],"rewardId":[1],"rewardNum":[2000],"nacr":1},{"id":1126,"type":4,"rewardType":[5],"rewardId":[1],"rewardNum":[2000],"nacr":1},{"id":1127,"type":4,"rewardType":[5],"rewardId":[1],"rewardNum":[2000],"nacr":1},{"id":1128,"type":4,"rewardType":[5],"rewardId":[1],"rewardNum":[2000],"nacr":1},{"id":1129,"type":4,"rewardType":[5],"rewardId":[1],"rewardNum":[2000],"nacr":1},{"id":1130,"type":4,"rewardType":[5],"rewardId":[1],"rewardNum":[2000],"nacr":1},{"id":1131,"type":4,"rewardType":[5],"rewardId":[1],"rewardNum":[2000],"nacr":1},{"id":1132,"type":4,"rewardType":[5],"rewardId":[1],"rewardNum":[2000],"nacr":1},{"id":1133,"type":4,"rewardType":[5],"rewardId":[1],"rewardNum":[2000],"nacr":1},{"id":1134,"type":4,"rewardType":[5],"rewardId":[1],"rewardNum":[2000],"nacr":1},{"id":1135,"type":4,"rewardType":[5],"rewardId":[1],"rewardNum":[2000],"nacr":1},{"id":1136,"type":4,"rewardType":[5],"rewardId":[1],"rewardNum":[2000],"nacr":1},{"id":1137,"type":4,"rewardType":[5],"rewardId":[1],"rewardNum":[2000],"nacr":1},{"id":1138,"type":4,"rewardType":[5],"rewardId":[1],"rewardNum":[2000],"nacr":1},{"id":1139,"type":4,"rewardType":[5],"rewardId":[1],"rewardNum":[2000],"nacr":1},{"id":1140,"type":4,"rewardType":[5],"rewardId":[1],"rewardNum":[2000],"nacr":1},{"id":1141,"type":4,"rewardType":[5],"rewardId":[1],"rewardNum":[2000],"nacr":1},{"id":1142,"type":4,"rewardType":[5],"rewardId":[1],"rewardNum":[2000],"nacr":1},{"id":1143,"type":4,"rewardType":[5],"rewardId":[1],"rewardNum":[2000],"nacr":1},{"id":1144,"type":4,"rewardType":[5],"rewardId":[1],"rewardNum":[2000],"nacr":1},{"id":1145,"type":4,"rewardType":[5],"rewardId":[1],"rewardNum":[2000],"nacr":1},{"id":1201,"type":4,"rewardType":[5],"rewardId":[1],"rewardNum":[250000],"nacr":1},{"id":1202,"type":4,"rewardType":[5],"rewardId":[1],"rewardNum":[150000],"nacr":1},{"id":1203,"type":4,"rewardType":[5],"rewardId":[1],"rewardNum":[100000],"nacr":1},{"id":1204,"type":4,"rewardType":[5],"rewardId":[1],"rewardNum":[80000],"nacr":1},{"id":1205,"type":4,"rewardType":[5],"rewardId":[1],"rewardNum":[50000],"nacr":1},{"id":1206,"type":4,"rewardType":[5],"rewardId":[1],"rewardNum":[30000],"nacr":1},{"id":1207,"type":4,"rewardType":[5],"rewardId":[1],"rewardNum":[16000],"nacr":1},{"id":1208,"type":4,"rewardType":[5],"rewardId":[1],"rewardNum":[16000],"nacr":1},{"id":1209,"type":4,"rewardType":[5],"rewardId":[1],"rewardNum":[16000],"nacr":1},{"id":1210,"type":4,"rewardType":[5],"rewardId":[1],"rewardNum":[14000],"nacr":1},{"id":1211,"type":4,"rewardType":[5],"rewardId":[1],"rewardNum":[14000],"nacr":1},{"id":1212,"type":4,"rewardType":[5],"rewardId":[1],"rewardNum":[14000],"nacr":1},{"id":1213,"type":4,"rewardType":[5],"rewardId":[1],"rewardNum":[14000],"nacr":1},{"id":1214,"type":4,"rewardType":[5],"rewardId":[1],"rewardNum":[14000],"nacr":1},{"id":1215,"type":4,"rewardType":[5],"rewardId":[1],"rewardNum":[14000],"nacr":1},{"id":1216,"type":4,"rewardType":[5],"rewardId":[1],"rewardNum":[12000],"nacr":1},{"id":1217,"type":4,"rewardType":[5],"rewardId":[1],"rewardNum":[12000],"nacr":1},{"id":1218,"type":4,"rewardType":[5],"rewardId":[1],"rewardNum":[12000],"nacr":1},{"id":1219,"type":4,"rewardType":[5],"rewardId":[1],"rewardNum":[12000],"nacr":1},{"id":1220,"type":4,"rewardType":[5],"rewardId":[1],"rewardNum":[12000],"nacr":1},{"id":1221,"type":4,"rewardType":[5],"rewardId":[1],"rewardNum":[12000],"nacr":1},{"id":1222,"type":4,"rewardType":[5],"rewardId":[1],"rewardNum":[10000],"nacr":1},{"id":1223,"type":4,"rewardType":[5],"rewardId":[1],"rewardNum":[10000],"nacr":1},{"id":1224,"type":4,"rewardType":[5],"rewardId":[1],"rewardNum":[10000],"nacr":1},{"id":1225,"type":4,"rewardType":[5],"rewardId":[1],"rewardNum":[10000],"nacr":1},{"id":1226,"type":4,"rewardType":[5],"rewardId":[1],"rewardNum":[10000],"nacr":1},{"id":1227,"type":4,"rewardType":[5],"rewardId":[1],"rewardNum":[10000],"nacr":1},{"id":1228,"type":4,"rewardType":[5],"rewardId":[1],"rewardNum":[9000],"nacr":1},{"id":1229,"type":4,"rewardType":[5],"rewardId":[1],"rewardNum":[9000],"nacr":1},{"id":1230,"type":4,"rewardType":[5],"rewardId":[1],"rewardNum":[9000],"nacr":1},{"id":1231,"type":4,"rewardType":[5],"rewardId":[1],"rewardNum":[9000],"nacr":1},{"id":1232,"type":4,"rewardType":[5],"rewardId":[1],"rewardNum":[9000],"nacr":1},{"id":1233,"type":4,"rewardType":[5],"rewardId":[1],"rewardNum":[9000],"nacr":1},{"id":1234,"type":4,"rewardType":[5],"rewardId":[1],"rewardNum":[9000],"nacr":1},{"id":1235,"type":4,"rewardType":[5],"rewardId":[1],"rewardNum":[9000],"nacr":1},{"id":1236,"type":4,"rewardType":[5],"rewardId":[1],"rewardNum":[9000],"nacr":1},{"id":1301,"type":4,"rewardType":[5],"rewardId":[1],"rewardNum":[400000],"nacr":1},{"id":1302,"type":4,"rewardType":[5],"rewardId":[1],"rewardNum":[270000],"nacr":1},{"id":1303,"type":4,"rewardType":[5],"rewardId":[1],"rewardNum":[190000],"nacr":1},{"id":1304,"type":4,"rewardType":[5],"rewardId":[1],"rewardNum":[135000],"nacr":1},{"id":1305,"type":4,"rewardType":[5],"rewardId":[1],"rewardNum":[95000],"nacr":1},{"id":1306,"type":4,"rewardType":[5],"rewardId":[1],"rewardNum":[67000],"nacr":1},{"id":1307,"type":4,"rewardType":[5],"rewardId":[1],"rewardNum":[55000],"nacr":1},{"id":1308,"type":4,"rewardType":[5],"rewardId":[1],"rewardNum":[45000],"nacr":1},{"id":1309,"type":4,"rewardType":[5],"rewardId":[1],"rewardNum":[45000],"nacr":1},{"id":1310,"type":4,"rewardType":[5],"rewardId":[1],"rewardNum":[36000],"nacr":1},{"id":1311,"type":4,"rewardType":[5],"rewardId":[1],"rewardNum":[36000],"nacr":1},{"id":1312,"type":4,"rewardType":[5],"rewardId":[1],"rewardNum":[36000],"nacr":1},{"id":1313,"type":4,"rewardType":[5],"rewardId":[1],"rewardNum":[30000],"nacr":1},{"id":1314,"type":4,"rewardType":[5],"rewardId":[1],"rewardNum":[30000],"nacr":1},{"id":1315,"type":4,"rewardType":[5],"rewardId":[1],"rewardNum":[30000],"nacr":1},{"id":1316,"type":4,"rewardType":[5],"rewardId":[1],"rewardNum":[24000],"nacr":1},{"id":1317,"type":4,"rewardType":[5],"rewardId":[1],"rewardNum":[24000],"nacr":1},{"id":1318,"type":4,"rewardType":[5],"rewardId":[1],"rewardNum":[24000],"nacr":1},{"id":1319,"type":4,"rewardType":[5],"rewardId":[1],"rewardNum":[20000],"nacr":1},{"id":1320,"type":4,"rewardType":[5],"rewardId":[1],"rewardNum":[20000],"nacr":1},{"id":1321,"type":4,"rewardType":[5],"rewardId":[1],"rewardNum":[20000],"nacr":1},{"id":1322,"type":4,"rewardType":[5],"rewardId":[1],"rewardNum":[20000],"nacr":1},{"id":1323,"type":4,"rewardType":[5],"rewardId":[1],"rewardNum":[20000],"nacr":1},{"id":1324,"type":4,"rewardType":[5],"rewardId":[1],"rewardNum":[20000],"nacr":1},{"id":1325,"type":4,"rewardType":[5],"rewardId":[1],"rewardNum":[16000],"nacr":1},{"id":1326,"type":4,"rewardType":[5],"rewardId":[1],"rewardNum":[16000],"nacr":1},{"id":1327,"type":4,"rewardType":[5],"rewardId":[1],"rewardNum":[16000],"nacr":1},{"id":1328,"type":4,"rewardType":[5],"rewardId":[1],"rewardNum":[16000],"nacr":1},{"id":1329,"type":4,"rewardType":[5],"rewardId":[1],"rewardNum":[16000],"nacr":1},{"id":1330,"type":4,"rewardType":[5],"rewardId":[1],"rewardNum":[16000],"nacr":1},{"id":1331,"type":4,"rewardType":[5],"rewardId":[1],"rewardNum":[16000],"nacr":1},{"id":1332,"type":4,"rewardType":[5],"rewardId":[1],"rewardNum":[16000],"nacr":1},{"id":1333,"type":4,"rewardType":[5],"rewardId":[1],"rewardNum":[16000],"nacr":1},{"id":1334,"type":4,"rewardType":[5],"rewardId":[1],"rewardNum":[16000],"nacr":1},{"id":1335,"type":4,"rewardType":[5],"rewardId":[1],"rewardNum":[16000],"nacr":1},{"id":1336,"type":4,"rewardType":[5],"rewardId":[1],"rewardNum":[16000],"nacr":1},{"id":1337,"type":4,"rewardType":[5],"rewardId":[1],"rewardNum":[13000],"nacr":1},{"id":1338,"type":4,"rewardType":[5],"rewardId":[1],"rewardNum":[13000],"nacr":1},{"id":1339,"type":4,"rewardType":[5],"rewardId":[1],"rewardNum":[13000],"nacr":1},{"id":1340,"type":4,"rewardType":[5],"rewardId":[1],"rewardNum":[13000],"nacr":1},{"id":1341,"type":4,"rewardType":[5],"rewardId":[1],"rewardNum":[13000],"nacr":1},{"id":1342,"type":4,"rewardType":[5],"rewardId":[1],"rewardNum":[13000],"nacr":1},{"id":1343,"type":4,"rewardType":[5],"rewardId":[1],"rewardNum":[13000],"nacr":1},{"id":1344,"type":4,"rewardType":[5],"rewardId":[1],"rewardNum":[13000],"nacr":1},{"id":1345,"type":4,"rewardType":[5],"rewardId":[1],"rewardNum":[13000],"nacr":1},{"id":1346,"type":4,"rewardType":[5],"rewardId":[1],"rewardNum":[13000],"nacr":1},{"id":1347,"type":4,"rewardType":[5],"rewardId":[1],"rewardNum":[13000],"nacr":1},{"id":1348,"type":4,"rewardType":[5],"rewardId":[1],"rewardNum":[13000],"nacr":1},{"id":1401,"type":4,"rewardType":[5],"rewardId":[1],"rewardNum":[1300000],"nacr":1},{"id":1402,"type":4,"rewardType":[5],"rewardId":[1],"rewardNum":[800000],"nacr":1},{"id":1403,"type":4,"rewardType":[5],"rewardId":[1],"rewardNum":[540000],"nacr":1},{"id":1404,"type":4,"rewardType":[5],"rewardId":[1],"rewardNum":[270000],"nacr":1},{"id":1405,"type":4,"rewardType":[5],"rewardId":[1],"rewardNum":[200000],"nacr":1},{"id":1406,"type":4,"rewardType":[5],"rewardId":[1],"rewardNum":[130000],"nacr":1},{"id":1407,"type":4,"rewardType":[5],"rewardId":[1],"rewardNum":[110000],"nacr":1},{"id":1408,"type":4,"rewardType":[5],"rewardId":[1],"rewardNum":[110000],"nacr":1},{"id":1409,"type":4,"rewardType":[5],"rewardId":[1],"rewardNum":[110000],"nacr":1},{"id":1410,"type":4,"rewardType":[5],"rewardId":[1],"rewardNum":[95000],"nacr":1},{"id":1411,"type":4,"rewardType":[5],"rewardId":[1],"rewardNum":[95000],"nacr":1},{"id":1412,"type":4,"rewardType":[5],"rewardId":[1],"rewardNum":[95000],"nacr":1},{"id":1413,"type":4,"rewardType":[5],"rewardId":[1],"rewardNum":[95000],"nacr":1},{"id":1414,"type":4,"rewardType":[5],"rewardId":[1],"rewardNum":[95000],"nacr":1},{"id":1415,"type":4,"rewardType":[5],"rewardId":[1],"rewardNum":[95000],"nacr":1},{"id":1416,"type":4,"rewardType":[5],"rewardId":[1],"rewardNum":[85000],"nacr":1},{"id":1417,"type":4,"rewardType":[5],"rewardId":[1],"rewardNum":[85000],"nacr":1},{"id":1418,"type":4,"rewardType":[5],"rewardId":[1],"rewardNum":[85000],"nacr":1},{"id":1419,"type":4,"rewardType":[5],"rewardId":[1],"rewardNum":[85000],"nacr":1},{"id":1420,"type":4,"rewardType":[5],"rewardId":[1],"rewardNum":[85000],"nacr":1},{"id":1421,"type":4,"rewardType":[5],"rewardId":[1],"rewardNum":[85000],"nacr":1},{"id":1422,"type":4,"rewardType":[5],"rewardId":[1],"rewardNum":[85000],"nacr":1},{"id":1423,"type":4,"rewardType":[5],"rewardId":[1],"rewardNum":[85000],"nacr":1},{"id":1424,"type":4,"rewardType":[5],"rewardId":[1],"rewardNum":[85000],"nacr":1},{"id":1501,"type":4,"rewardType":[5],"rewardId":[1],"rewardNum":[2000000],"nacr":1},{"id":1502,"type":4,"rewardType":[5],"rewardId":[1],"rewardNum":[1300000],"nacr":1},{"id":1503,"type":4,"rewardType":[5],"rewardId":[1],"rewardNum":[950000],"nacr":1},{"id":1504,"type":4,"rewardType":[5],"rewardId":[1],"rewardNum":[650000],"nacr":1},{"id":1505,"type":4,"rewardType":[5],"rewardId":[1],"rewardNum":[470000],"nacr":1},{"id":1506,"type":4,"rewardType":[5],"rewardId":[1],"rewardNum":[330000],"nacr":1},{"id":1507,"type":4,"rewardType":[5],"rewardId":[1],"rewardNum":[270000],"nacr":1},{"id":1508,"type":4,"rewardType":[5],"rewardId":[1],"rewardNum":[220000],"nacr":1},{"id":1509,"type":4,"rewardType":[5],"rewardId":[1],"rewardNum":[180000],"nacr":1},{"id":1510,"type":4,"rewardType":[5],"rewardId":[1],"rewardNum":[180000],"nacr":1},{"id":1511,"type":4,"rewardType":[5],"rewardId":[1],"rewardNum":[150000],"nacr":1},{"id":1512,"type":4,"rewardType":[5],"rewardId":[1],"rewardNum":[150000],"nacr":1},{"id":1513,"type":4,"rewardType":[5],"rewardId":[1],"rewardNum":[150000],"nacr":1},{"id":1514,"type":4,"rewardType":[5],"rewardId":[1],"rewardNum":[150000],"nacr":1},{"id":1515,"type":4,"rewardType":[5],"rewardId":[1],"rewardNum":[120000],"nacr":1},{"id":1516,"type":4,"rewardType":[5],"rewardId":[1],"rewardNum":[120000],"nacr":1},{"id":1517,"type":4,"rewardType":[5],"rewardId":[1],"rewardNum":[120000],"nacr":1},{"id":1518,"type":4,"rewardType":[5],"rewardId":[1],"rewardNum":[120000],"nacr":1},{"id":1519,"type":4,"rewardType":[5],"rewardId":[1],"rewardNum":[100000],"nacr":1},{"id":1520,"type":4,"rewardType":[5],"rewardId":[1],"rewardNum":[100000],"nacr":1},{"id":1521,"type":4,"rewardType":[5],"rewardId":[1],"rewardNum":[100000],"nacr":1},{"id":1522,"type":4,"rewardType":[5],"rewardId":[1],"rewardNum":[100000],"nacr":1},{"id":1523,"type":4,"rewardType":[5],"rewardId":[1],"rewardNum":[100000],"nacr":1},{"id":1524,"type":4,"rewardType":[5],"rewardId":[1],"rewardNum":[80000],"nacr":1},{"id":1525,"type":4,"rewardType":[5],"rewardId":[1],"rewardNum":[80000],"nacr":1},{"id":1526,"type":4,"rewardType":[5],"rewardId":[1],"rewardNum":[80000],"nacr":1},{"id":1527,"type":4,"rewardType":[5],"rewardId":[1],"rewardNum":[80000],"nacr":1},{"id":1528,"type":4,"rewardType":[5],"rewardId":[1],"rewardNum":[80000],"nacr":1},{"id":1529,"type":4,"rewardType":[5],"rewardId":[1],"rewardNum":[80000],"nacr":1},{"id":1530,"type":4,"rewardType":[5],"rewardId":[1],"rewardNum":[80000],"nacr":1},{"id":1531,"type":4,"rewardType":[5],"rewardId":[1],"rewardNum":[80000],"nacr":1},{"id":1532,"type":4,"rewardType":[5],"rewardId":[1],"rewardNum":[80000],"nacr":1},{"id":1533,"type":4,"rewardType":[5],"rewardId":[1],"rewardNum":[80000],"nacr":1},{"id":1534,"type":4,"rewardType":[5],"rewardId":[1],"rewardNum":[80000],"nacr":1},{"id":1535,"type":4,"rewardType":[5],"rewardId":[1],"rewardNum":[80000],"nacr":1},{"id":1536,"type":4,"rewardType":[5],"rewardId":[1],"rewardNum":[80000],"nacr":1},{"id":1537,"type":4,"rewardType":[5],"rewardId":[1],"rewardNum":[80000],"nacr":1},{"id":1538,"type":4,"rewardType":[5],"rewardId":[1],"rewardNum":[80000],"nacr":1},{"id":1539,"type":4,"rewardType":[5],"rewardId":[1],"rewardNum":[80000],"nacr":1},{"id":1540,"type":4,"rewardType":[5],"rewardId":[1],"rewardNum":[80000],"nacr":1},{"id":1541,"type":4,"rewardType":[5],"rewardId":[1],"rewardNum":[80000],"nacr":1},{"id":1542,"type":4,"rewardType":[5],"rewardId":[1],"rewardNum":[80000],"nacr":1},{"id":1543,"type":4,"rewardType":[5],"rewardId":[1],"rewardNum":[80000],"nacr":1},{"id":1544,"type":4,"rewardType":[5],"rewardId":[1],"rewardNum":[80000],"nacr":1},{"id":1545,"type":4,"rewardType":[5],"rewardId":[1],"rewardNum":[80000],"nacr":1},{"id":1546,"type":4,"rewardType":[5],"rewardId":[1],"rewardNum":[80000],"nacr":1},{"id":1547,"type":4,"rewardType":[5],"rewardId":[1],"rewardNum":[80000],"nacr":1},{"id":1548,"type":4,"rewardType":[5],"rewardId":[1],"rewardNum":[80000],"nacr":1},{"id":1601,"type":4,"rewardType":[5],"rewardId":[1],"rewardNum":[4000000],"nacr":1},{"id":1602,"type":4,"rewardType":[5],"rewardId":[1],"rewardNum":[2600000],"nacr":1},{"id":1603,"type":4,"rewardType":[5],"rewardId":[1],"rewardNum":[1900000],"nacr":1},{"id":1604,"type":4,"rewardType":[5],"rewardId":[1],"rewardNum":[1300000],"nacr":1},{"id":1605,"type":4,"rewardType":[5],"rewardId":[1],"rewardNum":[950000],"nacr":1},{"id":1606,"type":4,"rewardType":[5],"rewardId":[1],"rewardNum":[670000],"nacr":1},{"id":1607,"type":4,"rewardType":[5],"rewardId":[1],"rewardNum":[550000],"nacr":1},{"id":1608,"type":4,"rewardType":[5],"rewardId":[1],"rewardNum":[450000],"nacr":1},{"id":1609,"type":4,"rewardType":[5],"rewardId":[1],"rewardNum":[350000],"nacr":1},{"id":1610,"type":4,"rewardType":[5],"rewardId":[1],"rewardNum":[350000],"nacr":1},{"id":1611,"type":4,"rewardType":[5],"rewardId":[1],"rewardNum":[300000],"nacr":1},{"id":1612,"type":4,"rewardType":[5],"rewardId":[1],"rewardNum":[300000],"nacr":1},{"id":1613,"type":4,"rewardType":[5],"rewardId":[1],"rewardNum":[300000],"nacr":1},{"id":1614,"type":4,"rewardType":[5],"rewardId":[1],"rewardNum":[240000],"nacr":1},{"id":1615,"type":4,"rewardType":[5],"rewardId":[1],"rewardNum":[240000],"nacr":1},{"id":1616,"type":4,"rewardType":[5],"rewardId":[1],"rewardNum":[240000],"nacr":1},{"id":1617,"type":4,"rewardType":[5],"rewardId":[1],"rewardNum":[200000],"nacr":1},{"id":1618,"type":4,"rewardType":[5],"rewardId":[1],"rewardNum":[200000],"nacr":1},{"id":1619,"type":4,"rewardType":[5],"rewardId":[1],"rewardNum":[200000],"nacr":1},{"id":1620,"type":4,"rewardType":[5],"rewardId":[1],"rewardNum":[200000],"nacr":1},{"id":1621,"type":4,"rewardType":[5],"rewardId":[1],"rewardNum":[200000],"nacr":1},{"id":1622,"type":4,"rewardType":[5],"rewardId":[1],"rewardNum":[200000],"nacr":1},{"id":1623,"type":4,"rewardType":[5],"rewardId":[1],"rewardNum":[160000],"nacr":1},{"id":1624,"type":4,"rewardType":[5],"rewardId":[1],"rewardNum":[160000],"nacr":1},{"id":1625,"type":4,"rewardType":[5],"rewardId":[1],"rewardNum":[160000],"nacr":1},{"id":1626,"type":4,"rewardType":[5],"rewardId":[1],"rewardNum":[160000],"nacr":1},{"id":1627,"type":4,"rewardType":[5],"rewardId":[1],"rewardNum":[160000],"nacr":1},{"id":1628,"type":4,"rewardType":[5],"rewardId":[1],"rewardNum":[160000],"nacr":1},{"id":1629,"type":4,"rewardType":[5],"rewardId":[1],"rewardNum":[160000],"nacr":1},{"id":1630,"type":4,"rewardType":[5],"rewardId":[1],"rewardNum":[160000],"nacr":1},{"id":1631,"type":4,"rewardType":[5],"rewardId":[1],"rewardNum":[160000],"nacr":1},{"id":1632,"type":4,"rewardType":[5],"rewardId":[1],"rewardNum":[160000],"nacr":1},{"id":1633,"type":4,"rewardType":[5],"rewardId":[1],"rewardNum":[160000],"nacr":1},{"id":1634,"type":4,"rewardType":[5],"rewardId":[1],"rewardNum":[160000],"nacr":1},{"id":1635,"type":4,"rewardType":[5],"rewardId":[1],"rewardNum":[130000],"nacr":1},{"id":1636,"type":4,"rewardType":[5],"rewardId":[1],"rewardNum":[130000],"nacr":1},{"id":1637,"type":4,"rewardType":[5],"rewardId":[1],"rewardNum":[130000],"nacr":1},{"id":1638,"type":4,"rewardType":[5],"rewardId":[1],"rewardNum":[130000],"nacr":1},{"id":1639,"type":4,"rewardType":[5],"rewardId":[1],"rewardNum":[130000],"nacr":1},{"id":1640,"type":4,"rewardType":[5],"rewardId":[1],"rewardNum":[130000],"nacr":1},{"id":1641,"type":4,"rewardType":[5],"rewardId":[1],"rewardNum":[130000],"nacr":1},{"id":1642,"type":4,"rewardType":[5],"rewardId":[1],"rewardNum":[130000],"nacr":1},{"id":1643,"type":4,"rewardType":[5],"rewardId":[1],"rewardNum":[130000],"nacr":1},{"id":1644,"type":4,"rewardType":[5],"rewardId":[1],"rewardNum":[130000],"nacr":1},{"id":1645,"type":4,"rewardType":[5],"rewardId":[1],"rewardNum":[130000],"nacr":1},{"id":1646,"type":4,"rewardType":[5],"rewardId":[1],"rewardNum":[130000],"nacr":1},{"id":1647,"type":4,"rewardType":[5],"rewardId":[1],"rewardNum":[130000],"nacr":1},{"id":1648,"type":4,"rewardType":[5],"rewardId":[1],"rewardNum":[130000],"nacr":1},{"id":1701,"type":4,"rewardType":[5],"rewardId":[1],"rewardNum":[18000000],"nacr":1},{"id":1702,"type":4,"rewardType":[5],"rewardId":[1],"rewardNum":[12000000],"nacr":1},{"id":1703,"type":4,"rewardType":[5],"rewardId":[1],"rewardNum":[8800000],"nacr":1},{"id":1704,"type":4,"rewardType":[5],"rewardId":[1],"rewardNum":[6000000],"nacr":1},{"id":1705,"type":4,"rewardType":[5],"rewardId":[1],"rewardNum":[4300000],"nacr":1},{"id":1706,"type":4,"rewardType":[5],"rewardId":[1],"rewardNum":[3000000],"nacr":1},{"id":1707,"type":4,"rewardType":[5],"rewardId":[1],"rewardNum":[2500000],"nacr":1},{"id":1708,"type":4,"rewardType":[5],"rewardId":[1],"rewardNum":[2000000],"nacr":1},{"id":1709,"type":4,"rewardType":[5],"rewardId":[1],"rewardNum":[2000000],"nacr":1},{"id":1710,"type":4,"rewardType":[5],"rewardId":[1],"rewardNum":[1600000],"nacr":1},{"id":1711,"type":4,"rewardType":[5],"rewardId":[1],"rewardNum":[1600000],"nacr":1},{"id":1712,"type":4,"rewardType":[5],"rewardId":[1],"rewardNum":[1300000],"nacr":1},{"id":1713,"type":4,"rewardType":[5],"rewardId":[1],"rewardNum":[1300000],"nacr":1},{"id":1714,"type":4,"rewardType":[5],"rewardId":[1],"rewardNum":[1300000],"nacr":1},{"id":1715,"type":4,"rewardType":[5],"rewardId":[1],"rewardNum":[1000000],"nacr":1},{"id":1716,"type":4,"rewardType":[5],"rewardId":[1],"rewardNum":[1000000],"nacr":1},{"id":1717,"type":4,"rewardType":[5],"rewardId":[1],"rewardNum":[1000000],"nacr":1},{"id":1718,"type":4,"rewardType":[5],"rewardId":[1],"rewardNum":[880000],"nacr":1},{"id":1719,"type":4,"rewardType":[5],"rewardId":[1],"rewardNum":[880000],"nacr":1},{"id":1720,"type":4,"rewardType":[5],"rewardId":[1],"rewardNum":[880000],"nacr":1},{"id":1721,"type":4,"rewardType":[5],"rewardId":[1],"rewardNum":[880000],"nacr":1},{"id":1722,"type":4,"rewardType":[5],"rewardId":[1],"rewardNum":[880000],"nacr":1},{"id":1723,"type":4,"rewardType":[5],"rewardId":[1],"rewardNum":[880000],"nacr":1},{"id":1724,"type":4,"rewardType":[5],"rewardId":[1],"rewardNum":[720000],"nacr":1},{"id":1725,"type":4,"rewardType":[5],"rewardId":[1],"rewardNum":[720000],"nacr":1},{"id":1726,"type":4,"rewardType":[5],"rewardId":[1],"rewardNum":[720000],"nacr":1},{"id":1727,"type":4,"rewardType":[5],"rewardId":[1],"rewardNum":[720000],"nacr":1},{"id":1728,"type":4,"rewardType":[5],"rewardId":[1],"rewardNum":[720000],"nacr":1},{"id":1729,"type":4,"rewardType":[5],"rewardId":[1],"rewardNum":[720000],"nacr":1},{"id":1730,"type":4,"rewardType":[5],"rewardId":[1],"rewardNum":[720000],"nacr":1},{"id":1731,"type":4,"rewardType":[5],"rewardId":[1],"rewardNum":[720000],"nacr":1},{"id":1732,"type":4,"rewardType":[5],"rewardId":[1],"rewardNum":[720000],"nacr":1},{"id":1733,"type":4,"rewardType":[5],"rewardId":[1],"rewardNum":[720000],"nacr":1},{"id":1734,"type":4,"rewardType":[5],"rewardId":[1],"rewardNum":[720000],"nacr":1},{"id":1735,"type":4,"rewardType":[5],"rewardId":[1],"rewardNum":[720000],"nacr":1},{"id":1736,"type":4,"rewardType":[5],"rewardId":[1],"rewardNum":[580000],"nacr":1},{"id":1737,"type":4,"rewardType":[5],"rewardId":[1],"rewardNum":[580000],"nacr":1},{"id":1738,"type":4,"rewardType":[5],"rewardId":[1],"rewardNum":[580000],"nacr":1},{"id":1739,"type":4,"rewardType":[5],"rewardId":[1],"rewardNum":[580000],"nacr":1},{"id":1740,"type":4,"rewardType":[5],"rewardId":[1],"rewardNum":[580000],"nacr":1},{"id":1741,"type":4,"rewardType":[5],"rewardId":[1],"rewardNum":[580000],"nacr":1},{"id":1742,"type":4,"rewardType":[5],"rewardId":[1],"rewardNum":[580000],"nacr":1},{"id":1743,"type":4,"rewardType":[5],"rewardId":[1],"rewardNum":[580000],"nacr":1},{"id":1744,"type":4,"rewardType":[5],"rewardId":[1],"rewardNum":[580000],"nacr":1},{"id":1745,"type":4,"rewardType":[5],"rewardId":[1],"rewardNum":[580000],"nacr":1},{"id":1746,"type":4,"rewardType":[5],"rewardId":[1],"rewardNum":[580000],"nacr":1},{"id":1747,"type":4,"rewardType":[5],"rewardId":[1],"rewardNum":[580000],"nacr":1},{"id":1748,"type":4,"rewardType":[5],"rewardId":[1],"rewardNum":[480000],"nacr":1},{"id":1749,"type":4,"rewardType":[5],"rewardId":[1],"rewardNum":[480000],"nacr":1},{"id":1750,"type":4,"rewardType":[5],"rewardId":[1],"rewardNum":[480000],"nacr":1},{"id":1751,"type":4,"rewardType":[5],"rewardId":[1],"rewardNum":[480000],"nacr":1},{"id":1752,"type":4,"rewardType":[5],"rewardId":[1],"rewardNum":[480000],"nacr":1},{"id":1753,"type":4,"rewardType":[5],"rewardId":[1],"rewardNum":[480000],"nacr":1},{"id":1754,"type":4,"rewardType":[5],"rewardId":[1],"rewardNum":[480000],"nacr":1},{"id":1755,"type":4,"rewardType":[5],"rewardId":[1],"rewardNum":[480000],"nacr":1},{"id":1756,"type":4,"rewardType":[5],"rewardId":[1],"rewardNum":[480000],"nacr":1},{"id":1757,"type":4,"rewardType":[5],"rewardId":[1],"rewardNum":[480000],"nacr":1},{"id":1758,"type":4,"rewardType":[5],"rewardId":[1],"rewardNum":[480000],"nacr":1},{"id":1759,"type":4,"rewardType":[5],"rewardId":[1],"rewardNum":[480000],"nacr":1},{"id":1760,"type":4,"rewardType":[5],"rewardId":[1],"rewardNum":[480000],"nacr":1},{"id":1761,"type":4,"rewardType":[5],"rewardId":[1],"rewardNum":[480000],"nacr":1},{"id":1762,"type":4,"rewardType":[5],"rewardId":[1],"rewardNum":[480000],"nacr":1},{"id":1763,"type":4,"rewardType":[5],"rewardId":[1],"rewardNum":[480000],"nacr":1},{"id":1764,"type":4,"rewardType":[5],"rewardId":[1],"rewardNum":[480000],"nacr":1},{"id":1765,"type":4,"rewardType":[5],"rewardId":[1],"rewardNum":[480000],"nacr":1},{"id":1801,"type":4,"rewardType":[5],"rewardId":[301],"rewardNum":[1],"nacr":1,"mailId":101},{"id":1802,"type":4,"rewardType":[5],"rewardId":[1],"rewardNum":[70000],"nacr":1},{"id":1803,"type":4,"rewardType":[5],"rewardId":[1],"rewardNum":[50000],"nacr":1},{"id":1804,"type":4,"rewardType":[5],"rewardId":[1],"rewardNum":[30000],"nacr":1},{"id":1805,"type":4,"rewardType":[5],"rewardId":[1],"rewardNum":[20000],"nacr":1},{"id":1806,"type":4,"rewardType":[5],"rewardId":[1],"rewardNum":[17000],"nacr":1},{"id":1807,"type":4,"rewardType":[5],"rewardId":[1],"rewardNum":[15000],"nacr":1},{"id":1808,"type":4,"rewardType":[5],"rewardId":[1],"rewardNum":[15000],"nacr":1},{"id":1809,"type":4,"rewardType":[5],"rewardId":[1],"rewardNum":[15000],"nacr":1},{"id":1810,"type":4,"rewardType":[5],"rewardId":[1],"rewardNum":[13000],"nacr":1},{"id":1811,"type":4,"rewardType":[5],"rewardId":[1],"rewardNum":[13000],"nacr":1},{"id":1812,"type":4,"rewardType":[5],"rewardId":[1],"rewardNum":[13000],"nacr":1},{"id":1813,"type":4,"rewardType":[5],"rewardId":[1],"rewardNum":[10000],"nacr":1},{"id":1814,"type":4,"rewardType":[5],"rewardId":[1],"rewardNum":[10000],"nacr":1},{"id":1815,"type":4,"rewardType":[5],"rewardId":[1],"rewardNum":[10000],"nacr":1},{"id":1816,"type":4,"rewardType":[5],"rewardId":[1],"rewardNum":[10000],"nacr":1},{"id":1817,"type":4,"rewardType":[5],"rewardId":[1],"rewardNum":[10000],"nacr":1},{"id":1818,"type":4,"rewardType":[5],"rewardId":[1],"rewardNum":[10000],"nacr":1},{"id":1819,"type":4,"rewardType":[5],"rewardId":[1],"rewardNum":[8000],"nacr":1},{"id":1820,"type":4,"rewardType":[5],"rewardId":[1],"rewardNum":[8000],"nacr":1},{"id":1821,"type":4,"rewardType":[5],"rewardId":[1],"rewardNum":[8000],"nacr":1},{"id":1822,"type":4,"rewardType":[5],"rewardId":[1],"rewardNum":[8000],"nacr":1},{"id":1823,"type":4,"rewardType":[5],"rewardId":[1],"rewardNum":[8000],"nacr":1},{"id":1824,"type":4,"rewardType":[5],"rewardId":[1],"rewardNum":[8000],"nacr":1},{"id":1825,"type":4,"rewardType":[5],"rewardId":[1],"rewardNum":[6000],"nacr":1},{"id":1826,"type":4,"rewardType":[5],"rewardId":[1],"rewardNum":[6000],"nacr":1},{"id":1827,"type":4,"rewardType":[5],"rewardId":[1],"rewardNum":[6000],"nacr":1},{"id":1828,"type":4,"rewardType":[5],"rewardId":[1],"rewardNum":[6000],"nacr":1},{"id":1829,"type":4,"rewardType":[5],"rewardId":[1],"rewardNum":[6000],"nacr":1},{"id":1830,"type":4,"rewardType":[5],"rewardId":[1],"rewardNum":[6000],"nacr":1},{"id":1831,"type":4,"rewardType":[5],"rewardId":[1],"rewardNum":[4000],"nacr":1},{"id":1832,"type":4,"rewardType":[5],"rewardId":[1],"rewardNum":[4000],"nacr":1},{"id":1833,"type":4,"rewardType":[5],"rewardId":[1],"rewardNum":[4000],"nacr":1},{"id":1834,"type":4,"rewardType":[5],"rewardId":[1],"rewardNum":[4000],"nacr":1},{"id":1835,"type":4,"rewardType":[5],"rewardId":[1],"rewardNum":[4000],"nacr":1},{"id":1836,"type":4,"rewardType":[5],"rewardId":[1],"rewardNum":[4000],"nacr":1},{"id":1837,"type":4,"rewardType":[5],"rewardId":[1],"rewardNum":[4000],"nacr":1},{"id":1838,"type":4,"rewardType":[5],"rewardId":[1],"rewardNum":[4000],"nacr":1},{"id":1839,"type":4,"rewardType":[5],"rewardId":[1],"rewardNum":[4000],"nacr":1},{"id":1840,"type":4,"rewardType":[5],"rewardId":[1],"rewardNum":[4000],"nacr":1},{"id":1841,"type":4,"rewardType":[5],"rewardId":[1],"rewardNum":[4000],"nacr":1},{"id":1842,"type":4,"rewardType":[5],"rewardId":[1],"rewardNum":[4000],"nacr":1},{"id":1843,"type":4,"rewardType":[5],"rewardId":[1],"rewardNum":[4000],"nacr":1},{"id":1844,"type":4,"rewardType":[5],"rewardId":[1],"rewardNum":[4000],"nacr":1},{"id":1845,"type":4,"rewardType":[5],"rewardId":[1],"rewardNum":[4000],"nacr":1},{"id":1846,"type":4,"rewardType":[5],"rewardId":[1],"rewardNum":[4000],"nacr":1},{"id":1847,"type":4,"rewardType":[5],"rewardId":[1],"rewardNum":[4000],"nacr":1},{"id":1848,"type":4,"rewardType":[5],"rewardId":[1],"rewardNum":[4000],"nacr":1},{"id":1901,"type":4,"rewardType":[5],"rewardId":[302],"rewardNum":[1],"nacr":1,"mailId":111},{"id":1902,"type":4,"rewardType":[5],"rewardId":[301],"rewardNum":[1],"nacr":1,"mailId":112},{"id":1903,"type":4,"rewardType":[5],"rewardId":[1],"rewardNum":[180000],"nacr":1},{"id":1904,"type":4,"rewardType":[5],"rewardId":[1],"rewardNum":[140000],"nacr":1},{"id":1905,"type":4,"rewardType":[5],"rewardId":[1],"rewardNum":[100000],"nacr":1},{"id":1906,"type":4,"rewardType":[5],"rewardId":[1],"rewardNum":[70000],"nacr":1},{"id":1907,"type":4,"rewardType":[5],"rewardId":[1],"rewardNum":[58000],"nacr":1},{"id":1908,"type":4,"rewardType":[5],"rewardId":[1],"rewardNum":[48000],"nacr":1},{"id":1909,"type":4,"rewardType":[5],"rewardId":[1],"rewardNum":[48000],"nacr":1},{"id":1910,"type":4,"rewardType":[5],"rewardId":[1],"rewardNum":[38000],"nacr":1},{"id":1911,"type":4,"rewardType":[5],"rewardId":[1],"rewardNum":[38000],"nacr":1},{"id":1912,"type":4,"rewardType":[5],"rewardId":[1],"rewardNum":[31000],"nacr":1},{"id":1913,"type":4,"rewardType":[5],"rewardId":[1],"rewardNum":[31000],"nacr":1},{"id":1914,"type":4,"rewardType":[5],"rewardId":[1],"rewardNum":[31000],"nacr":1},{"id":1915,"type":4,"rewardType":[5],"rewardId":[1],"rewardNum":[25000],"nacr":1},{"id":1916,"type":4,"rewardType":[5],"rewardId":[1],"rewardNum":[25000],"nacr":1},{"id":1917,"type":4,"rewardType":[5],"rewardId":[1],"rewardNum":[25000],"nacr":1},{"id":1918,"type":4,"rewardType":[5],"rewardId":[1],"rewardNum":[21000],"nacr":1},{"id":1919,"type":4,"rewardType":[5],"rewardId":[1],"rewardNum":[21000],"nacr":1},{"id":1920,"type":4,"rewardType":[5],"rewardId":[1],"rewardNum":[21000],"nacr":1},{"id":1921,"type":4,"rewardType":[5],"rewardId":[1],"rewardNum":[21000],"nacr":1},{"id":1922,"type":4,"rewardType":[5],"rewardId":[1],"rewardNum":[21000],"nacr":1},{"id":1923,"type":4,"rewardType":[5],"rewardId":[1],"rewardNum":[21000],"nacr":1},{"id":1924,"type":4,"rewardType":[5],"rewardId":[1],"rewardNum":[18000],"nacr":1},{"id":1925,"type":4,"rewardType":[5],"rewardId":[1],"rewardNum":[18000],"nacr":1},{"id":1926,"type":4,"rewardType":[5],"rewardId":[1],"rewardNum":[18000],"nacr":1},{"id":1927,"type":4,"rewardType":[5],"rewardId":[1],"rewardNum":[18000],"nacr":1},{"id":1928,"type":4,"rewardType":[5],"rewardId":[1],"rewardNum":[18000],"nacr":1},{"id":1929,"type":4,"rewardType":[5],"rewardId":[1],"rewardNum":[18000],"nacr":1},{"id":1930,"type":4,"rewardType":[5],"rewardId":[1],"rewardNum":[18000],"nacr":1},{"id":1931,"type":4,"rewardType":[5],"rewardId":[1],"rewardNum":[18000],"nacr":1},{"id":1932,"type":4,"rewardType":[5],"rewardId":[1],"rewardNum":[18000],"nacr":1},{"id":1933,"type":4,"rewardType":[5],"rewardId":[1],"rewardNum":[18000],"nacr":1},{"id":1934,"type":4,"rewardType":[5],"rewardId":[1],"rewardNum":[18000],"nacr":1},{"id":1935,"type":4,"rewardType":[5],"rewardId":[1],"rewardNum":[18000],"nacr":1},{"id":1936,"type":4,"rewardType":[5],"rewardId":[1],"rewardNum":[15000],"nacr":1},{"id":1937,"type":4,"rewardType":[5],"rewardId":[1],"rewardNum":[15000],"nacr":1},{"id":1938,"type":4,"rewardType":[5],"rewardId":[1],"rewardNum":[15000],"nacr":1},{"id":1939,"type":4,"rewardType":[5],"rewardId":[1],"rewardNum":[15000],"nacr":1},{"id":1940,"type":4,"rewardType":[5],"rewardId":[1],"rewardNum":[15000],"nacr":1},{"id":1941,"type":4,"rewardType":[5],"rewardId":[1],"rewardNum":[15000],"nacr":1},{"id":1942,"type":4,"rewardType":[5],"rewardId":[1],"rewardNum":[15000],"nacr":1},{"id":1943,"type":4,"rewardType":[5],"rewardId":[1],"rewardNum":[15000],"nacr":1},{"id":1944,"type":4,"rewardType":[5],"rewardId":[1],"rewardNum":[15000],"nacr":1},{"id":1945,"type":4,"rewardType":[5],"rewardId":[1],"rewardNum":[15000],"nacr":1},{"id":1946,"type":4,"rewardType":[5],"rewardId":[1],"rewardNum":[15000],"nacr":1},{"id":1947,"type":4,"rewardType":[5],"rewardId":[1],"rewardNum":[15000],"nacr":1},{"id":1948,"type":4,"rewardType":[5],"rewardId":[1],"rewardNum":[15000],"nacr":1},{"id":2001,"type":4,"rewardType":[5],"rewardId":[304],"rewardNum":[1],"nacr":1,"mailId":121},{"id":2002,"type":4,"rewardType":[5],"rewardId":[303],"rewardNum":[1],"nacr":1,"mailId":122},{"id":2003,"type":4,"rewardType":[5],"rewardId":[302],"rewardNum":[1],"nacr":1,"mailId":123},{"id":2004,"type":4,"rewardType":[5],"rewardId":[1],"rewardNum":[200000],"nacr":1},{"id":2005,"type":4,"rewardType":[5],"rewardId":[1],"rewardNum":[150000],"nacr":1},{"id":2006,"type":4,"rewardType":[5],"rewardId":[1],"rewardNum":[100000],"nacr":1},{"id":2007,"type":4,"rewardType":[5],"rewardId":[1],"rewardNum":[80000],"nacr":1},{"id":2008,"type":4,"rewardType":[5],"rewardId":[1],"rewardNum":[80000],"nacr":1},{"id":2009,"type":4,"rewardType":[5],"rewardId":[1],"rewardNum":[80000],"nacr":1},{"id":2010,"type":4,"rewardType":[5],"rewardId":[1],"rewardNum":[70000],"nacr":1},{"id":2011,"type":4,"rewardType":[5],"rewardId":[1],"rewardNum":[70000],"nacr":1},{"id":2012,"type":4,"rewardType":[5],"rewardId":[1],"rewardNum":[70000],"nacr":1},{"id":2013,"type":4,"rewardType":[5],"rewardId":[1],"rewardNum":[70000],"nacr":1},{"id":2014,"type":4,"rewardType":[5],"rewardId":[1],"rewardNum":[70000],"nacr":1},{"id":2015,"type":4,"rewardType":[5],"rewardId":[1],"rewardNum":[70000],"nacr":1},{"id":2016,"type":4,"rewardType":[5],"rewardId":[1],"rewardNum":[65000],"nacr":1},{"id":2017,"type":4,"rewardType":[5],"rewardId":[1],"rewardNum":[65000],"nacr":1},{"id":2018,"type":4,"rewardType":[5],"rewardId":[1],"rewardNum":[65000],"nacr":1},{"id":2019,"type":4,"rewardType":[5],"rewardId":[1],"rewardNum":[65000],"nacr":1},{"id":2020,"type":4,"rewardType":[5],"rewardId":[1],"rewardNum":[65000],"nacr":1},{"id":2021,"type":4,"rewardType":[5],"rewardId":[1],"rewardNum":[65000],"nacr":1},{"id":2022,"type":4,"rewardType":[5],"rewardId":[1],"rewardNum":[65000],"nacr":1},{"id":2023,"type":4,"rewardType":[5],"rewardId":[1],"rewardNum":[65000],"nacr":1},{"id":2024,"type":4,"rewardType":[5],"rewardId":[1],"rewardNum":[65000],"nacr":1},{"id":2025,"type":4,"rewardType":[5],"rewardId":[1],"rewardNum":[60000],"nacr":1},{"id":2026,"type":4,"rewardType":[5],"rewardId":[1],"rewardNum":[60000],"nacr":1},{"id":2027,"type":4,"rewardType":[5],"rewardId":[1],"rewardNum":[60000],"nacr":1},{"id":2028,"type":4,"rewardType":[5],"rewardId":[1],"rewardNum":[60000],"nacr":1},{"id":2029,"type":4,"rewardType":[5],"rewardId":[1],"rewardNum":[60000],"nacr":1},{"id":2030,"type":4,"rewardType":[5],"rewardId":[1],"rewardNum":[60000],"nacr":1},{"id":2031,"type":4,"rewardType":[5],"rewardId":[1],"rewardNum":[60000],"nacr":1},{"id":2032,"type":4,"rewardType":[5],"rewardId":[1],"rewardNum":[60000],"nacr":1},{"id":2033,"type":4,"rewardType":[5],"rewardId":[1],"rewardNum":[60000],"nacr":1},{"id":2034,"type":4,"rewardType":[5],"rewardId":[1],"rewardNum":[60000],"nacr":1},{"id":2035,"type":4,"rewardType":[5],"rewardId":[1],"rewardNum":[60000],"nacr":1},{"id":2036,"type":4,"rewardType":[5],"rewardId":[1],"rewardNum":[60000],"nacr":1},{"id":3001,"type":4,"rewardType":[5],"rewardId":[1],"rewardNum":[5000],"nacr":1},{"id":3002,"type":4,"rewardType":[5],"rewardId":[1],"rewardNum":[3000],"nacr":1},{"id":3003,"type":4,"rewardType":[5],"rewardId":[1],"rewardNum":[1000],"nacr":1},{"id":3004,"type":4,"rewardType":[5],"rewardId":[1],"rewardNum":[4000],"nacr":1},{"id":3005,"type":4,"rewardType":[5],"rewardId":[1],"rewardNum":[2000],"nacr":1},{"id":3006,"type":4,"rewardType":[5],"rewardId":[1],"rewardNum":[8000],"nacr":1},{"id":3007,"type":4,"rewardType":[5],"rewardId":[1],"rewardNum":[4000],"nacr":1},{"id":3008,"type":4,"rewardType":[5],"rewardId":[1],"rewardNum":[200000],"nacr":1},{"id":60001,"type":4,"rewardType":[5,5,5],"rewardId":[1,113,4],"rewardNum":[100000,1,100],"nacr":1,"mailId":124},{"id":60002,"type":4,"rewardType":[5],"rewardId":[1],"rewardNum":[200000000],"nacr":1},{"id":60003,"type":4,"rewardType":[5],"rewardId":[202],"rewardNum":[1],"nacr":1},{"id":60004,"type":4,"rewardType":[5],"rewardId":[213],"rewardNum":[1],"nacr":1},{"id":60005,"type":4,"rewardType":[5],"rewardId":[214],"rewardNum":[1],"nacr":1},{"id":60006,"type":4,"rewardType":[5],"rewardId":[203],"rewardNum":[1],"nacr":1},{"id":60007,"type":4,"rewardType":[5],"rewardId":[201],"rewardNum":[1],"nacr":1},{"id":60008,"type":4,"rewardType":[5],"rewardId":[1],"rewardNum":[100000000],"nacr":1},{"id":60009,"type":4,"rewardType":[5],"rewardId":[212],"rewardNum":[1],"nacr":1},{"id":60010,"type":4,"rewardType":[5],"rewardId":[215],"rewardNum":[1],"nacr":1},{"id":60011,"type":4,"rewardType":[5],"rewardId":[211],"rewardNum":[1],"nacr":1},{"id":60012,"type":4,"rewardType":[5],"rewardId":[1],"rewardNum":[20000000],"nacr":1},{"id":60013,"type":4,"rewardType":[5],"rewardId":[204],"rewardNum":[1],"nacr":1},{"id":60014,"type":4,"rewardType":[5],"rewardId":[205],"rewardNum":[1],"nacr":1},{"id":60015,"type":4,"rewardType":[5],"rewardId":[216],"rewardNum":[1],"nacr":1},{"id":60016,"type":4,"rewardType":[5],"rewardId":[1],"rewardNum":[10000000],"nacr":1},{"id":60017,"type":4,"rewardType":[5],"rewardId":[206],"rewardNum":[1],"nacr":1},{"id":60018,"type":4,"rewardType":[5],"rewardId":[207],"rewardNum":[1],"nacr":1},{"id":60019,"type":4,"rewardType":[5],"rewardId":[208],"rewardNum":[1],"nacr":1},{"id":60020,"type":4,"rewardType":[5],"rewardId":[210],"rewardNum":[1],"nacr":1},{"id":60021,"type":4,"rewardType":[5],"rewardId":[304],"rewardNum":[1],"nacr":1},{"id":60022,"type":4,"rewardType":[5],"rewardId":[1],"rewardNum":[900000],"nacr":1},{"id":60023,"type":4,"rewardType":[5],"rewardId":[218],"rewardNum":[1],"nacr":1},{"id":60024,"type":4,"rewardType":[5],"rewardId":[303],"rewardNum":[1],"nacr":1},{"id":60025,"type":4,"rewardType":[5],"rewardId":[217],"rewardNum":[1],"nacr":1},{"id":60026,"type":4,"rewardType":[5],"rewardId":[1],"rewardNum":[200000],"nacr":1},{"id":60027,"type":4,"rewardType":[5],"rewardId":[301],"rewardNum":[1],"nacr":1},{"id":60028,"type":4,"rewardType":[5],"rewardId":[209],"rewardNum":[1],"nacr":1},{"id":61001,"type":1,"rewardType":[5],"rewardId":[1],"rewardNum":[4000],"limit":4,"nacr":1} ]