[{"id":1,"indexId":1,"type":1,"x":882,"y":480,"scale":0.36,"layer":101},{"id":2,"indexId":2,"type":1,"x":882,"y":499,"scale":0.36,"layer":102},{"id":3,"indexId":3,"type":1,"x":841,"y":480,"scale":0.36,"layer":103},{"id":4,"indexId":4,"type":1,"x":841,"y":499,"scale":0.36,"layer":104},{"id":5,"indexId":5,"type":1,"x":800,"y":480,"scale":0.36,"layer":105},{"id":6,"indexId":6,"type":1,"x":800,"y":499,"scale":0.36,"layer":106},{"id":7,"indexId":7,"type":1,"x":759,"y":480,"scale":0.36,"layer":107},{"id":8,"indexId":8,"type":1,"x":759,"y":499,"scale":0.36,"layer":108},{"id":9,"indexId":9,"type":1,"x":718,"y":480,"scale":0.36,"layer":109},{"id":10,"indexId":10,"type":1,"x":718,"y":499,"scale":0.36,"layer":110},{"id":11,"indexId":11,"type":1,"x":677,"y":480,"scale":0.36,"layer":111},{"id":12,"indexId":12,"type":1,"x":677,"y":499,"scale":0.36,"layer":112},{"id":13,"indexId":13,"type":1,"x":636,"y":480,"scale":0.36,"layer":113},{"id":14,"indexId":14,"type":1,"x":636,"y":499,"scale":0.36,"layer":114},{"id":15,"indexId":15,"type":1,"x":595,"y":480,"scale":0.36,"layer":115},{"id":16,"indexId":16,"type":1,"x":595,"y":499,"scale":0.36,"layer":116},{"id":17,"indexId":17,"type":1,"x":554,"y":480,"scale":0.36,"layer":117},{"id":18,"indexId":18,"type":1,"x":554,"y":499,"scale":0.36,"layer":118},{"id":19,"indexId":19,"type":1,"x":513,"y":480,"scale":0.36,"layer":119},{"id":20,"indexId":20,"type":1,"x":513,"y":499,"scale":0.36,"layer":120},{"id":21,"indexId":21,"type":1,"x":472,"y":480,"scale":0.36,"layer":121},{"id":22,"indexId":22,"type":1,"x":472,"y":499,"scale":0.36,"layer":122},{"id":23,"indexId":23,"type":1,"x":431,"y":480,"scale":0.36,"layer":123},{"id":24,"indexId":24,"type":1,"x":431,"y":499,"scale":0.36,"layer":124},{"id":25,"indexId":25,"type":1,"x":390,"y":480,"scale":0.36,"layer":125},{"id":26,"indexId":26,"type":1,"x":390,"y":499,"scale":0.36,"layer":126},{"id":27,"indexId":27,"type":1,"x":349,"y":480,"scale":0.36,"layer":127},{"id":28,"indexId":28,"type":1,"x":349,"y":499,"scale":0.36,"layer":128},{"id":29,"indexId":1,"type":4,"x":210,"y":383,"scale":0.4,"layer":401},{"id":30,"indexId":2,"type":4,"x":215,"y":405,"scale":0.4,"layer":402},{"id":31,"indexId":3,"type":4,"x":216,"y":363,"scale":0.395,"layer":403},{"id":32,"indexId":4,"type":4,"x":221,"y":385,"scale":0.395,"layer":404},{"id":33,"indexId":5,"type":4,"x":222,"y":343,"scale":0.39,"layer":405},{"id":34,"indexId":6,"type":4,"x":227,"y":365,"scale":0.39,"layer":406},{"id":35,"indexId":7,"type":4,"x":228,"y":323,"scale":0.385,"layer":407},{"id":36,"indexId":8,"type":4,"x":233,"y":345,"scale":0.385,"layer":408},{"id":37,"indexId":9,"type":4,"x":234,"y":303,"scale":0.38,"layer":409},{"id":38,"indexId":10,"type":4,"x":239,"y":325,"scale":0.38,"layer":410},{"id":39,"indexId":11,"type":4,"x":240,"y":283,"scale":0.375,"layer":411},{"id":40,"indexId":12,"type":4,"x":245,"y":305,"scale":0.375,"layer":412},{"id":41,"indexId":13,"type":4,"x":246,"y":263,"scale":0.37,"layer":413},{"id":42,"indexId":14,"type":4,"x":251,"y":285,"scale":0.37,"layer":414},{"id":43,"indexId":15,"type":4,"x":252,"y":243,"scale":0.365,"layer":415},{"id":44,"indexId":16,"type":4,"x":257,"y":265,"scale":0.365,"layer":416},{"id":45,"indexId":17,"type":4,"x":258,"y":223,"scale":0.36,"layer":417},{"id":46,"indexId":18,"type":4,"x":263,"y":245,"scale":0.36,"layer":418},{"id":47,"indexId":19,"type":4,"x":264,"y":203,"scale":0.355,"layer":419},{"id":48,"indexId":20,"type":4,"x":269,"y":225,"scale":0.355,"layer":420},{"id":49,"indexId":21,"type":4,"x":270,"y":183,"scale":0.35,"layer":421},{"id":50,"indexId":22,"type":4,"x":275,"y":205,"scale":0.35,"layer":422},{"id":51,"indexId":23,"type":4,"x":276,"y":163,"scale":0.345,"layer":423},{"id":52,"indexId":24,"type":4,"x":281,"y":185,"scale":0.345,"layer":424},{"id":53,"indexId":25,"type":4,"x":282,"y":143,"scale":0.34,"layer":425},{"id":54,"indexId":26,"type":4,"x":287,"y":165,"scale":0.34,"layer":426},{"id":55,"indexId":27,"type":4,"x":288,"y":123,"scale":0.335,"layer":427},{"id":56,"indexId":28,"type":4,"x":293,"y":145,"scale":0.335,"layer":428},{"id":57,"indexId":1,"type":3,"x":434,"y":83,"scale":0.325,"layer":301},{"id":58,"indexId":2,"type":3,"x":434,"y":99,"scale":0.325,"layer":302},{"id":59,"indexId":3,"type":3,"x":463,"y":83,"scale":0.325,"layer":303},{"id":60,"indexId":4,"type":3,"x":463,"y":99,"scale":0.325,"layer":304},{"id":61,"indexId":5,"type":3,"x":492,"y":83,"scale":0.325,"layer":305},{"id":62,"indexId":6,"type":3,"x":492,"y":99,"scale":0.325,"layer":306},{"id":63,"indexId":7,"type":3,"x":521,"y":83,"scale":0.325,"layer":307},{"id":64,"indexId":8,"type":3,"x":521,"y":99,"scale":0.325,"layer":308},{"id":65,"indexId":9,"type":3,"x":550,"y":83,"scale":0.325,"layer":309},{"id":66,"indexId":10,"type":3,"x":550,"y":99,"scale":0.325,"layer":310},{"id":67,"indexId":11,"type":3,"x":579,"y":83,"scale":0.325,"layer":311},{"id":68,"indexId":12,"type":3,"x":579,"y":99,"scale":0.325,"layer":312},{"id":69,"indexId":13,"type":3,"x":608,"y":83,"scale":0.325,"layer":313},{"id":70,"indexId":14,"type":3,"x":608,"y":99,"scale":0.325,"layer":314},{"id":71,"indexId":15,"type":3,"x":637,"y":83,"scale":0.325,"layer":315},{"id":72,"indexId":16,"type":3,"x":637,"y":99,"scale":0.325,"layer":316},{"id":73,"indexId":17,"type":3,"x":666,"y":83,"scale":0.325,"layer":317},{"id":74,"indexId":18,"type":3,"x":666,"y":99,"scale":0.325,"layer":318},{"id":75,"indexId":19,"type":3,"x":695,"y":83,"scale":0.325,"layer":319},{"id":76,"indexId":20,"type":3,"x":695,"y":99,"scale":0.325,"layer":320},{"id":77,"indexId":21,"type":3,"x":724,"y":83,"scale":0.325,"layer":321},{"id":78,"indexId":22,"type":3,"x":724,"y":99,"scale":0.325,"layer":322},{"id":79,"indexId":23,"type":3,"x":753,"y":83,"scale":0.325,"layer":323},{"id":80,"indexId":24,"type":3,"x":753,"y":99,"scale":0.325,"layer":324},{"id":81,"indexId":25,"type":3,"x":782,"y":83,"scale":0.325,"layer":325},{"id":82,"indexId":26,"type":3,"x":782,"y":99,"scale":0.325,"layer":326},{"id":83,"indexId":27,"type":3,"x":811,"y":83,"scale":0.325,"layer":327},{"id":84,"indexId":28,"type":3,"x":811,"y":99,"scale":0.325,"layer":328},{"id":85,"indexId":1,"type":2,"x":935,"y":123,"scale":0.335,"layer":227},{"id":86,"indexId":2,"type":2,"x":933,"y":145,"scale":0.335,"layer":228},{"id":87,"indexId":3,"type":2,"x":940,"y":143,"scale":0.34,"layer":225},{"id":88,"indexId":4,"type":2,"x":938,"y":165,"scale":0.34,"layer":226},{"id":89,"indexId":5,"type":2,"x":945,"y":163,"scale":0.345,"layer":223},{"id":90,"indexId":6,"type":2,"x":943,"y":185,"scale":0.345,"layer":224},{"id":91,"indexId":7,"type":2,"x":950,"y":183,"scale":0.35,"layer":221},{"id":92,"indexId":8,"type":2,"x":948,"y":205,"scale":0.35,"layer":222},{"id":93,"indexId":9,"type":2,"x":955,"y":203,"scale":0.355,"layer":219},{"id":94,"indexId":10,"type":2,"x":953,"y":225,"scale":0.355,"layer":220},{"id":95,"indexId":11,"type":2,"x":960,"y":223,"scale":0.36,"layer":217},{"id":96,"indexId":12,"type":2,"x":958,"y":245,"scale":0.36,"layer":218},{"id":97,"indexId":13,"type":2,"x":965,"y":243,"scale":0.365,"layer":215},{"id":98,"indexId":14,"type":2,"x":963,"y":265,"scale":0.365,"layer":216},{"id":99,"indexId":15,"type":2,"x":970,"y":263,"scale":0.37,"layer":213},{"id":100,"indexId":16,"type":2,"x":968,"y":285,"scale":0.37,"layer":214},{"id":101,"indexId":17,"type":2,"x":975,"y":283,"scale":0.375,"layer":211},{"id":102,"indexId":18,"type":2,"x":973,"y":305,"scale":0.375,"layer":212},{"id":103,"indexId":19,"type":2,"x":980,"y":303,"scale":0.38,"layer":209},{"id":104,"indexId":20,"type":2,"x":978,"y":325,"scale":0.38,"layer":210},{"id":105,"indexId":21,"type":2,"x":985,"y":323,"scale":0.385,"layer":207},{"id":106,"indexId":22,"type":2,"x":983,"y":345,"scale":0.385,"layer":208},{"id":107,"indexId":23,"type":2,"x":990,"y":343,"scale":0.39,"layer":205},{"id":108,"indexId":24,"type":2,"x":988,"y":365,"scale":0.39,"layer":206},{"id":109,"indexId":25,"type":2,"x":995,"y":363,"scale":0.395,"layer":203},{"id":110,"indexId":26,"type":2,"x":993,"y":385,"scale":0.395,"layer":204},{"id":111,"indexId":27,"type":2,"x":1000,"y":383,"scale":0.4,"layer":201},{"id":112,"indexId":28,"type":2,"x":998,"y":405,"scale":0.4,"layer":202} ]