[{"id":4,"name":"免费-20万金币赛","type":1,"icon":"match_1","sNum":12,"bNum":600,"signCost":0,"serveCost":0,"rebuyCost":500,"addonCost":500,"timeId":101,"displayTime":1800,"signTime":1800,"delaySign":600,"rebuy":6,"addon":1,"prize":101,"blindType":101,"initialChips":3000,"roomId":201,"addonChips":6000,"maxRebuyTimes":2,"autoinit":1},{"id":5,"name":"100万金币欢乐赛","type":1,"icon":"match_2","sNum":36,"bNum":800,"signCost":5000,"serveCost":500,"rebuyCost":5000,"addonCost":5000,"ticketId":105,"timeId":102,"displayTime":7200,"signTime":7200,"delaySign":1200,"rebuy":6,"addon":1,"prize":102,"blindType":102,"initialChips":3000,"roomId":201,"addonChips":6000,"maxRebuyTimes":2,"autoinit":1},{"id":6,"name":"200万金币欢乐赛","type":1,"icon":"match_2","sNum":36,"bNum":800,"signCost":10000,"serveCost":1000,"rebuyCost":10000,"addonCost":10000,"ticketId":106,"timeId":103,"displayTime":7200,"signTime":7200,"delaySign":1200,"rebuy":7,"addon":1,"prize":103,"blindType":102,"initialChips":3000,"roomId":201,"addonChips":6000,"maxRebuyTimes":2,"autoinit":1},{"id":7,"name":"500万金币欢乐赛","type":1,"icon":"match_3","sNum":25,"bNum":800,"signCost":20000,"serveCost":2000,"rebuyCost":20000,"addonCost":20000,"ticketId":107,"timeId":104,"displayTime":14400,"signTime":14400,"delaySign":1800,"rebuy":7,"addon":1,"prize":104,"blindType":103,"initialChips":5000,"roomId":201,"addonChips":10000,"maxRebuyTimes":2,"autoinit":1},{"id":8,"name":"1000万金币欢乐赛","type":1,"icon":"match_4","sNum":48,"bNum":800,"signCost":50000,"serveCost":5000,"rebuyCost":50000,"addonCost":50000,"ticketId":108,"timeId":105,"displayTime":28800,"signTime":28800,"delaySign":1800,"rebuy":7,"addon":1,"prize":105,"blindType":105,"initialChips":5000,"roomId":201,"addonChips":10000,"maxRebuyTimes":2},{"id":9,"name":"2000万每日欢乐赛","type":1,"icon":"match_5","sNum":48,"bNum":800,"signCost":100000,"serveCost":10000,"rebuyCost":100000,"addonCost":100000,"ticketId":109,"timeId":106,"displayTime":64800,"signTime":64800,"delaySign":1800,"rebuy":8,"addon":1,"prize":106,"blindType":106,"initialChips":5000,"roomId":201,"addonChips":10000,"maxRebuyTimes":2},{"id":10,"name":"1亿金币周赛","type":1,"icon":"match_6","sNum":72,"bNum":800,"signCost":500000,"serveCost":50000,"rebuyCost":500000,"addonCost":500000,"ticketId":110,"timeId":107,"displayTime":172800,"signTime":86400,"delaySign":1800,"rebuy":8,"addon":1,"prize":107,"blindType":106,"initialChips":10000,"roomId":201,"addonChips":20000,"maxRebuyTimes":2},{"id":11,"name":"免费-10元话费赛","type":1,"icon":"match_8","sNum":18,"bNum":600,"signCost":0,"serveCost":0,"rebuyCost":1000,"addonCost":1000,"timeId":108,"displayTime":7200,"signTime":7200,"delaySign":600,"rebuy":6,"addon":1,"prize":108,"blindType":101,"initialChips":3000,"roomId":201,"addonChips":6000,"maxRebuyTimes":2,"autoinit":1},{"id":12,"name":"30元话费争夺赛","type":1,"icon":"match_9","sNum":36,"bNum":800,"signCost":10000,"serveCost":1000,"rebuyCost":10000,"addonCost":10000,"ticketId":112,"timeId":109,"displayTime":14400,"signTime":14400,"delaySign":1800,"rebuy":7,"addon":1,"prize":109,"blindType":105,"initialChips":5000,"roomId":201,"addonChips":10000,"maxRebuyTimes":2,"autoinit":1},{"id":13,"name":"100元话费争夺赛","type":1,"icon":"match_10","sNum":32,"bNum":800,"signCost":30000,"serveCost":3000,"rebuyCost":30000,"addonCost":30000,"ticketId":113,"timeId":110,"displayTime":21600,"signTime":21600,"delaySign":1800,"rebuy":8,"addon":1,"prize":110,"blindType":103,"initialChips":5000,"roomId":201,"addonChips":10000,"maxRebuyTimes":2},{"id":101,"name":"500金币争霸场","type":2,"icon":"match_1","sNum":18,"bNum":18,"signCost":500,"serveCost":50,"timeId":301,"prize":201,"blindType":201,"initialChips":3000,"roomId":221,"waitingTime":8},{"id":111,"name":"1000金币场","type":2,"icon":"match_1","sNum":6,"bNum":6,"signCost":1000,"serveCost":100,"timeId":301,"prize":202,"blindType":201,"initialChips":3000,"roomId":221,"waitingTime":8},{"id":112,"name":"2000金币场","type":2,"icon":"match_1","sNum":6,"bNum":6,"signCost":2000,"serveCost":200,"timeId":301,"prize":203,"blindType":201,"initialChips":3000,"roomId":221,"waitingTime":8},{"id":121,"name":"单挑-10万金币场","type":2,"icon":"match_1","sNum":2,"bNum":2,"signCost":100000,"serveCost":5500,"timeId":301,"prize":204,"blindType":202,"initialChips":4000,"roomId":221,"waitingTime":8} ]