[{"id":1,"type":1,"name":"欢乐场","icon":"xiuxian_1","minBuyin":1000,"maxRole":300,"bet":[100,1000,10000,100000,1000000],"bankerGold":200000000,"seatGold":10000000,"bettingRatio":0.2,"bankerRatio":0.2,"taxRate":0.05,"seat":8,"waitTime":8,"betTime":15,"confirmTime":5,"timeOut":30,"kick":2,"bankerRound":15,"bankerMinGold":50000000},{"id":2,"type":2,"name":"富豪场","icon":"xiuxian_2","minBuyin":20000,"maxRole":300,"bet":[1000,10000,100000,1000000,10000000],"bankerGold":500000000,"seatGold":30000000,"bettingRatio":0.2,"bankerRatio":0.2,"taxRate":0.05,"seat":8,"waitTime":8,"betTime":15,"confirmTime":5,"timeOut":30,"kick":2,"bankerRound":15,"bankerMinGold":200000000} ]