[{"id":1,"name":"金币","type":1,"typeDes":"数值道具","des":"游戏中必备货币","icon":"gold2"},{"id":2,"name":"钻石","type":1,"typeDes":"数值道具","des":"钻石","icon":"mall_zs_3"},{"id":3,"name":"vip经验","type":1,"typeDes":"数值道具","des":"vip经验","icon":"item_3"},{"id":4,"name":"等级经验","type":1,"typeDes":"数值道具","des":"等级经验","icon":"item_4"},{"id":5,"name":"普通VIP","type":1,"typeDes":"VIP","des":"购买后立即获得专属标识、专属客服、等级加速、创建私人房、免费使用保险箱等特权","icon":"vip_3"},{"id":6,"name":"年费VIP","type":1,"typeDes":"VIP","des":"购买后立即获得专属标识、专属客服、等级加速、创建私人房、免费使用保险箱等特权。同时立即获得200点VIP成长值。","icon":"vip_1"},{"id":7,"name":"欢乐券","type":1,"typeDes":"活动道具","des":"可在欢乐送壕礼活动中使用兑换超级奖励"},{"id":101,"name":"10元话费赛门票","type":2,"typeDes":"门票","effectType":1,"des":"使用可免费参与10元话费赛","icon":"item_111"},{"id":102,"name":"100钻石赛门票","type":2,"typeDes":"门票","effectType":1,"des":"使用可免费参与100钻石赛","icon":"item_102"},{"id":103,"name":"100万金币欢乐赛门票","type":2,"typeDes":"门票","effectType":1,"des":"使用可免费参与100万金币欢乐赛","icon":"item_105"},{"id":104,"name":"免费-20万金币赛门票","type":2,"typeDes":"门票","effectType":1,"des":"使用可免费参与免费-20万金币赛","icon":"item_104"},{"id":105,"name":"100万金币欢乐赛门票","type":2,"typeDes":"门票","effectType":1,"des":"使用可免费参与100万金币欢乐赛","icon":"item_105"},{"id":106,"name":"200万金币欢乐赛门票","type":2,"typeDes":"门票","effectType":1,"des":"使用可免费参与200万金币欢乐赛","icon":"item_106"},{"id":107,"name":"500万金币欢乐赛门票","type":2,"typeDes":"门票","effectType":1,"des":"使用可免费参与500万金币欢乐赛","icon":"item_107"},{"id":108,"name":"1000万金币欢乐赛门票","type":2,"typeDes":"门票","effectType":1,"des":"使用可免费参与1000万金币欢乐赛","icon":"item_108"},{"id":109,"name":"2000万每日欢乐赛门票","type":2,"typeDes":"门票","effectType":1,"des":"使用可免费参与2000万每日欢乐赛","icon":"item_109"},{"id":110,"name":"1亿金币周赛门票","type":2,"typeDes":"门票","effectType":1,"des":"使用可免费参与1亿金币周赛","icon":"item_110"},{"id":111,"name":"免费-10元话费赛门票","type":2,"typeDes":"门票","effectType":1,"des":"使用可免费参与免费-10元话费赛","icon":"item_111"},{"id":112,"name":"30元话费争夺赛门票","type":2,"typeDes":"门票","effectType":1,"des":"使用可免费参与30元话费争夺赛","icon":"item_112"},{"id":113,"name":"100元话费赛门票","type":2,"typeDes":"门票","effectType":1,"des":"使用可免费参与100元话费赛","icon":"item_113"},{"id":201,"name":"iPhone7兑换券","type":3,"typeDes":"兑奖券","effectType":2,"des":"可兑换64GiPhone7一台，颜色随机发送","icon":"item_201","extern":"锦标赛-iPhone7争霸赛冠军奖励"},{"id":202,"name":"iPhoneX兑换券","type":3,"typeDes":"兑奖券","effectType":2,"des":"可兑换64GiPhoneX一台，颜色随机发送","icon":"item_202","extern":"活动中获得"},{"id":203,"name":"Ipad Pro","type":3,"typeDes":"兑奖券","effectType":2,"des":"可兑换Ipad Pro一台","icon":"item_203","extern":"活动中获得"},{"id":204,"name":"1000元京东卡","type":3,"typeDes":"兑奖券","effectType":2,"des":"可兑换1000元京东卡一张","icon":"item_204","extern":"活动中获得"},{"id":205,"name":"小米空气净化器","type":3,"typeDes":"兑奖券","effectType":2,"des":"可兑换小米空气净化器一台","icon":"item_205","extern":"活动中获得"},{"id":206,"name":"500Q币","type":3,"typeDes":"兑奖券","effectType":3,"des":"可兑换500Q币","icon":"item_206","extern":"活动中获得"},{"id":207,"name":"卡西欧电子表","type":3,"typeDes":"兑奖券","effectType":2,"des":"可兑换卡西欧电子版一个","icon":"item_207","extern":"活动中获得"},{"id":208,"name":"300元京东卡","type":3,"typeDes":"兑奖券","effectType":2,"des":"可兑换300元京东卡","icon":"item_208","extern":"活动中获得"},{"id":209,"name":"5Q币","type":3,"typeDes":"兑奖券","effectType":3,"des":"可兑换5Q币","icon":"item_209","extern":"活动中获得"},{"id":210,"name":"美的电饭锅","type":3,"typeDes":"兑奖券","effectType":2,"des":"可兑换美的电饭锅一个","icon":"item_210","extern":"活动中获得"},{"id":211,"name":"美的空调","type":3,"typeDes":"兑奖券","effectType":2,"des":"可兑换美的空调一台","icon":"item_211","extern":"活动中获得"},{"id":212,"name":"神舟笔记本电脑","type":3,"typeDes":"兑奖券","effectType":2,"des":"可兑换神州战神K670D-G4D1笔记本电脑一台","icon":"item_212","extern":"活动中获得"},{"id":213,"name":"iphone8 Plus","type":3,"typeDes":"兑奖券","effectType":2,"des":"可兑换iPhone8 Plus一台","icon":"item_213","extern":"活动中获得"},{"id":214,"name":"iphone8","type":3,"typeDes":"兑奖券","effectType":2,"des":"可兑换iPhone8一台","icon":"item_214","extern":"活动中获得"},{"id":215,"name":"OPPO R11s","type":3,"typeDes":"兑奖券","effectType":2,"des":"可兑换OPPO R11s一台","icon":"item_215","extern":"活动中获得"},{"id":216,"name":"ZIPPO打火机","type":3,"typeDes":"兑奖券","effectType":2,"des":"可兑换ZIPPO打火机一个","icon":"item_216","extern":"活动中获得"},{"id":217,"name":"300M全国流量","type":3,"typeDes":"兑奖券","effectType":3,"des":"可兑换300M全国流量","icon":"item_217","extern":"活动中获得"},{"id":218,"name":"500M全国流量","type":3,"typeDes":"兑奖券","effectType":3,"des":"可兑换500M全国流量","icon":"item_218","extern":"活动中获得"},{"id":301,"name":"10元话费兑奖券","type":3,"typeDes":"兑奖券","effectType":3,"des":"可兑换10元话费","icon":"item_301","extern":"通过锦标赛-话费类比赛赢取的兑换券"},{"id":302,"name":"20元话费兑换券","type":3,"typeDes":"兑奖券","effectType":3,"des":"可兑换20元话费","icon":"item_302","extern":"通过锦标赛-话费类比赛赢取的兑换券"},{"id":303,"name":"30元话费兑换券","type":3,"typeDes":"兑奖券","effectType":3,"des":"可兑换30元话费","icon":"item_303","extern":"通过锦标赛-话费类比赛赢取的兑换券"},{"id":304,"name":"50元话费兑换券","type":3,"typeDes":"兑奖券","effectType":3,"des":"可兑换50元话费","icon":"item_304","extern":"通过锦标赛-话费类比赛赢取的兑换券"},{"id":401,"name":"小喇叭","type":4,"typeDes":"小喇叭","effectType":13,"des":"购买后可发送全服小喇叭","icon":"item_401"} ]