[{"id":1,"name":"一万","img":"w_1"},{"id":2,"name":"两万","img":"w_2"},{"id":3,"name":"三万","img":"w_3"},{"id":4,"name":"四万","img":"w_4"},{"id":5,"name":"五万","img":"w_5"},{"id":6,"name":"六万","img":"w_6"},{"id":7,"name":"七万","img":"w_7"},{"id":8,"name":"八万","img":"w_8"},{"id":9,"name":"九万","img":"w_9"},{"id":10,"name":"一筒","img":"tong_1"},{"id":11,"name":"二筒","img":"tong_2"},{"id":12,"name":"三筒","img":"tong_3"},{"id":13,"name":"四筒","img":"tong_4"},{"id":14,"name":"五筒","img":"tong_5"},{"id":15,"name":"六筒","img":"tong_6"},{"id":16,"name":"七筒","img":"tong_7"},{"id":17,"name":"八筒","img":"tong_8"},{"id":18,"name":"九筒","img":"tong_9"},{"id":19,"name":"一条","img":"tiao_1"},{"id":20,"name":"二条","img":"tiao_2"},{"id":21,"name":"三条","img":"tiao_3"},{"id":22,"name":"四条","img":"tiao_4"},{"id":23,"name":"五条","img":"tiao_5"},{"id":24,"name":"六条","img":"tiao_6"},{"id":25,"name":"七条","img":"tiao_7"},{"id":26,"name":"八条","img":"tiao_8"},{"id":27,"name":"九条","img":"tiao_9"},{"id":28,"name":"中","img":"zhong"} ]