[{"id":1,"type":1,"sBlind":5,"bBlind":10,"sBuyin":200,"bBuyin":2000,"tax":1,"seat":5,"pattern":0,"cd":20,"clientCd":15,"waitingTime":30,"timeout":3,"delayPosTime":5,"robot":3,"keepSeat":1,"initRobot":1},{"id":2,"type":1,"sBlind":10,"bBlind":20,"sBuyin":400,"bBuyin":4000,"tax":5,"seat":5,"pattern":0,"cd":20,"clientCd":15,"waitingTime":30,"timeout":3,"delayPosTime":5,"robot":3,"keepSeat":1,"initRobot":1},{"id":3,"type":2,"sBlind":25,"bBlind":50,"sBuyin":1000,"bBuyin":10000,"tax":10,"seat":9,"pattern":0,"cd":20,"clientCd":15,"waitingTime":30,"timeout":3,"delayPosTime":5,"robot":4,"keepSeat":3,"initRobot":1},{"id":4,"type":2,"sBlind":25,"bBlind":50,"sBuyin":1000,"bBuyin":10000,"tax":10,"seat":9,"pattern":1,"cd":13,"clientCd":8,"waitingTime":30,"timeout":3,"delayPosTime":5,"robot":4,"keepSeat":3,"initRobot":1},{"id":5,"type":2,"sBlind":100,"bBlind":200,"sBuyin":4000,"bBuyin":40000,"tax":50,"seat":9,"pattern":1,"cd":13,"clientCd":8,"waitingTime":30,"timeout":3,"delayPosTime":5},{"id":6,"type":2,"sBlind":200,"bBlind":400,"sBuyin":8000,"bBuyin":80000,"tax":150,"seat":9,"pattern":1,"cd":13,"clientCd":8,"waitingTime":30,"timeout":3,"delayPosTime":5},{"id":7,"type":2,"sBlind":500,"bBlind":1000,"sBuyin":20000,"bBuyin":200000,"tax":300,"seat":9,"pattern":1,"cd":13,"clientCd":8,"waitingTime":30,"timeout":3,"delayPosTime":5},{"id":8,"type":3,"sBlind":1000,"bBlind":2000,"sBuyin":40000,"bBuyin":400000,"tax":600,"seat":9,"pattern":1,"cd":13,"clientCd":8,"waitingTime":30,"timeout":3,"delayPosTime":5},{"id":9,"type":3,"sBlind":2000,"bBlind":4000,"sBuyin":80000,"bBuyin":800000,"tax":1200,"seat":9,"pattern":1,"cd":13,"clientCd":8,"waitingTime":30,"timeout":3,"delayPosTime":5},{"id":10,"type":3,"sBlind":5000,"bBlind":10000,"sBuyin":200000,"bBuyin":2000000,"tax":3000,"seat":9,"pattern":1,"cd":13,"clientCd":8,"waitingTime":30,"timeout":3,"delayPosTime":5},{"id":11,"type":3,"sBlind":10000,"bBlind":20000,"sBuyin":400000,"bBuyin":4000000,"tax":6000,"seat":9,"pattern":1,"cd":13,"clientCd":8,"waitingTime":30,"timeout":3,"delayPosTime":5},{"id":12,"type":3,"sBlind":10000,"bBlind":20000,"sBuyin":4000000,"tax":6000,"seat":5,"pattern":2,"cd":13,"clientCd":8,"ante":[100000],"waitingTime":30,"timeout":3,"delayPosTime":5},{"id":13,"type":3,"sBlind":10000,"bBlind":20000,"sBuyin":400000,"bBuyin":4000000,"tax":6000,"seat":9,"pattern":5,"cd":13,"clientCd":8,"waitingTime":30,"timeout":3,"delayPosTime":5},{"id":14,"type":3,"sBlind":20000,"bBlind":40000,"sBuyin":800000,"bBuyin":8000000,"tax":12000,"seat":9,"pattern":1,"cd":13,"clientCd":8,"waitingTime":30,"timeout":3,"delayPosTime":5},{"id":15,"type":3,"sBlind":20000,"bBlind":40000,"sBuyin":8000000,"tax":12000,"seat":5,"pattern":2,"cd":13,"clientCd":8,"ante":[500000],"waitingTime":30,"timeout":3,"delayPosTime":5},{"id":16,"type":3,"sBlind":20000,"bBlind":40000,"sBuyin":800000,"bBuyin":8000000,"tax":12000,"seat":9,"pattern":5,"cd":13,"clientCd":8,"waitingTime":30,"timeout":3,"delayPosTime":5},{"id":17,"type":3,"sBlind":40000,"bBlind":80000,"sBuyin":1600000,"bBuyin":16000000,"tax":20000,"seat":9,"pattern":1,"cd":13,"clientCd":8,"waitingTime":30,"timeout":3,"delayPosTime":5},{"id":18,"type":3,"sBlind":40000,"bBlind":80000,"sBuyin":16000000,"tax":20000,"seat":5,"pattern":2,"cd":13,"clientCd":8,"ante":[1000000],"waitingTime":30,"timeout":3,"delayPosTime":5},{"id":19,"type":3,"sBlind":40000,"bBlind":80000,"sBuyin":1600000,"bBuyin":16000000,"tax":20000,"seat":9,"pattern":5,"cd":13,"clientCd":8,"waitingTime":30,"timeout":3,"delayPosTime":5},{"id":20,"type":3,"sBlind":100000,"bBlind":200000,"sBuyin":4000000,"bBuyin":40000000,"tax":50000,"seat":9,"pattern":1,"cd":13,"clientCd":8,"waitingTime":30,"timeout":3,"delayPosTime":5},{"id":21,"type":3,"sBlind":100000,"bBlind":200000,"sBuyin":40000000,"tax":50000,"seat":5,"pattern":2,"cd":13,"clientCd":8,"ante":[1000000],"waitingTime":30,"timeout":3,"delayPosTime":5},{"id":22,"type":3,"sBlind":200000,"bBlind":400000,"sBuyin":8000000,"bBuyin":80000000,"tax":100000,"seat":9,"pattern":1,"cd":13,"clientCd":8,"waitingTime":30,"timeout":3,"delayPosTime":5},{"id":23,"type":3,"sBlind":200000,"bBlind":400000,"sBuyin":80000000,"tax":100000,"seat":5,"pattern":2,"cd":13,"clientCd":8,"ante":[5000000],"waitingTime":30,"timeout":3,"delayPosTime":5},{"id":101,"type":11,"sBlind":75,"bBlind":150,"sBuyin":2000,"bBuyin":20000000,"tax":0,"seat":9,"pattern":4,"cd":20,"clientCd":15,"ante":[0,100,200,400],"waitingTime":30,"timeout":3,"delayPosTime":5},{"id":102,"type":11,"sBlind":1000,"bBlind":2000,"sBuyin":20000,"bBuyin":200000000,"tax":0,"seat":9,"pattern":4,"cd":20,"clientCd":15,"ante":[0,1000,2000,4000],"waitingTime":30,"timeout":3,"delayPosTime":5},{"id":103,"type":11,"sBlind":10000,"bBlind":20000,"sBuyin":40000,"bBuyin":400000000,"tax":0,"seat":9,"pattern":4,"cd":20,"clientCd":15,"ante":[0,10000,20000,40000],"waitingTime":30,"timeout":3,"delayPosTime":5},{"id":104,"type":11,"sBlind":20000,"bBlind":40000,"sBuyin":80000,"bBuyin":800000000,"tax":0,"seat":9,"pattern":4,"cd":20,"clientCd":15,"ante":[0,20000,40000,80000],"waitingTime":30,"timeout":3,"delayPosTime":5},{"id":105,"type":11,"sBlind":50000,"bBlind":100000,"sBuyin":200000,"bBuyin":1000000000,"tax":0,"seat":9,"pattern":4,"cd":20,"clientCd":15,"ante":[0,50000,100000,200000],"waitingTime":30,"timeout":3,"delayPosTime":5},{"id":106,"type":11,"sBlind":100000,"bBlind":200000,"sBuyin":400000,"bBuyin":1000000000,"tax":0,"seat":9,"pattern":4,"cd":20,"clientCd":15,"ante":[0,100000,200000,400000],"waitingTime":30,"timeout":3,"delayPosTime":5},{"id":107,"type":11,"sBlind":200000,"bBlind":400000,"sBuyin":800000,"bBuyin":2000000000,"tax":0,"seat":9,"pattern":4,"cd":20,"clientCd":15,"ante":[0,200000,400000,800000],"waitingTime":30,"timeout":3,"delayPosTime":5},{"id":108,"type":11,"sBlind":500000,"bBlind":1000000,"sBuyin":2000000,"bBuyin":2000000000,"tax":0,"seat":9,"pattern":4,"cd":20,"clientCd":15,"ante":[0,500000,1000000,2000000],"waitingTime":30,"timeout":3,"delayPosTime":5},{"id":201,"type":21,"sBlind":0,"bBlind":0,"sBuyin":0,"bBuyin":0,"tax":0,"seat":6,"pattern":0,"cd":13,"clientCd":8,"waitingTime":30,"timeout":2,"delayPosTime":5},{"id":202,"type":21,"sBlind":0,"bBlind":0,"sBuyin":0,"bBuyin":0,"tax":0,"seat":9,"pattern":0,"cd":13,"clientCd":8,"waitingTime":30,"timeout":2,"delayPosTime":5},{"id":221,"type":22,"sBlind":0,"bBlind":0,"sBuyin":0,"bBuyin":0,"tax":0,"seat":6,"pattern":0,"cd":13,"clientCd":8,"waitingTime":30,"timeout":2,"delayPosTime":5},{"id":301,"type":31,"sBlind":50,"bBlind":100,"sBuyin":200,"bBuyin":2000,"tax":0,"seat":3,"pattern":0,"cd":20,"clientCd":15,"waitingTime":30,"timeout":3,"delayPosTime":5},{"id":302,"type":32,"sBlind":5000,"bBlind":10000,"sBuyin":200000,"bBuyin":2000000,"tax":0,"seat":6,"pattern":0,"cd":20,"clientCd":15,"waitingTime":30,"timeout":3,"delayPosTime":5},{"id":1001,"type":4,"sBlind":5,"bBlind":10,"sBuyin":200,"bBuyin":2000,"tax":1,"seat":5,"pattern":0,"cd":20,"clientCd":15,"waitingTime":30,"timeout":3,"delayPosTime":5},{"id":1002,"type":4,"sBlind":10,"bBlind":20,"sBuyin":400,"bBuyin":4000,"tax":5,"seat":5,"pattern":0,"cd":20,"clientCd":15,"waitingTime":30,"timeout":3,"delayPosTime":5},{"id":1003,"type":5,"sBlind":25,"bBlind":50,"sBuyin":1000,"bBuyin":10000,"tax":10,"seat":9,"pattern":0,"cd":20,"clientCd":15,"waitingTime":30,"timeout":3,"delayPosTime":5},{"id":1004,"type":5,"sBlind":25,"bBlind":50,"sBuyin":1000,"bBuyin":10000,"tax":10,"seat":9,"pattern":1,"cd":13,"clientCd":8,"waitingTime":30,"timeout":3,"delayPosTime":5},{"id":1005,"type":5,"sBlind":100,"bBlind":200,"sBuyin":4000,"bBuyin":40000,"tax":50,"seat":9,"pattern":1,"cd":13,"clientCd":8,"waitingTime":30,"timeout":3,"delayPosTime":5},{"id":1006,"type":5,"sBlind":200,"bBlind":400,"sBuyin":8000,"bBuyin":80000,"tax":150,"seat":9,"pattern":1,"cd":13,"clientCd":8,"waitingTime":30,"timeout":3,"delayPosTime":5},{"id":1007,"type":5,"sBlind":500,"bBlind":1000,"sBuyin":20000,"bBuyin":200000,"tax":300,"seat":9,"pattern":1,"cd":13,"clientCd":8,"waitingTime":30,"timeout":3,"delayPosTime":5},{"id":1008,"type":6,"sBlind":1000,"bBlind":2000,"sBuyin":40000,"bBuyin":400000,"tax":600,"seat":9,"pattern":1,"cd":13,"clientCd":8,"waitingTime":30,"timeout":3,"delayPosTime":5},{"id":1009,"type":6,"sBlind":2000,"bBlind":4000,"sBuyin":80000,"bBuyin":800000,"tax":1200,"seat":9,"pattern":1,"cd":13,"clientCd":8,"waitingTime":30,"timeout":3,"delayPosTime":5},{"id":1010,"type":6,"sBlind":5000,"bBlind":10000,"sBuyin":200000,"bBuyin":2000000,"tax":3000,"seat":9,"pattern":1,"cd":13,"clientCd":8,"waitingTime":30,"timeout":3,"delayPosTime":5},{"id":1011,"type":6,"sBlind":10000,"bBlind":20000,"sBuyin":400000,"bBuyin":4000000,"tax":6000,"seat":9,"pattern":1,"cd":13,"clientCd":8,"waitingTime":30,"timeout":3,"delayPosTime":5},{"id":1012,"type":6,"sBlind":10000,"bBlind":20000,"sBuyin":4000000,"tax":6000,"seat":5,"pattern":2,"cd":13,"clientCd":8,"ante":[100000],"waitingTime":30,"timeout":3,"delayPosTime":5},{"id":1013,"type":6,"sBlind":10000,"bBlind":20000,"sBuyin":400000,"bBuyin":4000000,"tax":6000,"seat":9,"pattern":5,"cd":13,"clientCd":8,"waitingTime":30,"timeout":3,"delayPosTime":5},{"id":1014,"type":6,"sBlind":20000,"bBlind":40000,"sBuyin":800000,"bBuyin":8000000,"tax":12000,"seat":9,"pattern":1,"cd":13,"clientCd":8,"waitingTime":30,"timeout":3,"delayPosTime":5},{"id":1015,"type":6,"sBlind":20000,"bBlind":40000,"sBuyin":8000000,"tax":12000,"seat":5,"pattern":2,"cd":13,"clientCd":8,"ante":[500000],"waitingTime":30,"timeout":3,"delayPosTime":5},{"id":1016,"type":6,"sBlind":20000,"bBlind":40000,"sBuyin":800000,"bBuyin":8000000,"tax":12000,"seat":9,"pattern":5,"cd":13,"clientCd":8,"waitingTime":30,"timeout":3,"delayPosTime":5},{"id":1017,"type":6,"sBlind":40000,"bBlind":80000,"sBuyin":1600000,"bBuyin":16000000,"tax":20000,"seat":9,"pattern":1,"cd":13,"clientCd":8,"waitingTime":30,"timeout":3,"delayPosTime":5},{"id":1018,"type":6,"sBlind":40000,"bBlind":80000,"sBuyin":16000000,"tax":20000,"seat":5,"pattern":2,"cd":13,"clientCd":8,"ante":[1000000],"waitingTime":30,"timeout":3,"delayPosTime":5},{"id":1019,"type":6,"sBlind":40000,"bBlind":80000,"sBuyin":1600000,"bBuyin":16000000,"tax":20000,"seat":9,"pattern":5,"cd":13,"clientCd":8,"waitingTime":30,"timeout":3,"delayPosTime":5},{"id":1020,"type":6,"sBlind":100000,"bBlind":200000,"sBuyin":4000000,"bBuyin":40000000,"tax":50000,"seat":9,"pattern":1,"cd":13,"clientCd":8,"waitingTime":30,"timeout":3,"delayPosTime":5},{"id":1021,"type":6,"sBlind":100000,"bBlind":200000,"sBuyin":40000000,"tax":50000,"seat":5,"pattern":2,"cd":13,"clientCd":8,"ante":[1000000],"waitingTime":30,"timeout":3,"delayPosTime":5},{"id":1022,"type":6,"sBlind":200000,"bBlind":400000,"sBuyin":8000000,"bBuyin":80000000,"tax":100000,"seat":9,"pattern":1,"cd":13,"clientCd":8,"waitingTime":30,"timeout":3,"delayPosTime":5},{"id":1023,"type":6,"sBlind":200000,"bBlind":400000,"sBuyin":80000000,"tax":100000,"seat":5,"pattern":2,"cd":13,"clientCd":8,"ante":[5000000],"waitingTime":30,"timeout":3,"delayPosTime":5},{"id":1121,"type":12,"sBlind":75,"bBlind":150,"sBuyin":2000,"bBuyin":20000000,"tax":0,"seat":9,"pattern":4,"cd":20,"clientCd":15,"ante":[0,100,200,400],"waitingTime":30,"timeout":3,"delayPosTime":5},{"id":1122,"type":12,"sBlind":1000,"bBlind":2000,"sBuyin":20000,"bBuyin":200000000,"tax":0,"seat":9,"pattern":4,"cd":20,"clientCd":15,"ante":[0,1000,2000,4000],"waitingTime":30,"timeout":3,"delayPosTime":5},{"id":1123,"type":12,"sBlind":10000,"bBlind":20000,"sBuyin":40000,"bBuyin":400000000,"tax":0,"seat":9,"pattern":4,"cd":20,"clientCd":15,"ante":[0,10000,20000,40000],"waitingTime":30,"timeout":3,"delayPosTime":5},{"id":1124,"type":12,"sBlind":20000,"bBlind":40000,"sBuyin":80000,"bBuyin":800000000,"tax":0,"seat":9,"pattern":4,"cd":20,"clientCd":15,"ante":[0,20000,40000,80000],"waitingTime":30,"timeout":3,"delayPosTime":5},{"id":1125,"type":12,"sBlind":50000,"bBlind":100000,"sBuyin":200000,"bBuyin":1000000000,"tax":0,"seat":9,"pattern":4,"cd":20,"clientCd":15,"ante":[0,50000,100000,200000],"waitingTime":30,"timeout":3,"delayPosTime":5},{"id":1126,"type":12,"sBlind":100000,"bBlind":200000,"sBuyin":400000,"bBuyin":1000000000,"tax":0,"seat":9,"pattern":4,"cd":20,"clientCd":15,"ante":[0,100000,200000,400000],"waitingTime":30,"timeout":3,"delayPosTime":5},{"id":1127,"type":12,"sBlind":200000,"bBlind":400000,"sBuyin":800000,"bBuyin":2000000000,"tax":0,"seat":9,"pattern":4,"cd":20,"clientCd":15,"ante":[0,200000,400000,800000],"waitingTime":30,"timeout":3,"delayPosTime":5},{"id":1128,"type":12,"sBlind":500000,"bBlind":1000000,"sBuyin":2000000,"bBuyin":2000000000,"tax":0,"seat":9,"pattern":4,"cd":20,"clientCd":15,"ante":[0,500000,1000000,2000000],"waitingTime":30,"timeout":3,"delayPosTime":5} ]