[{"id":1,"posType":1,"pos":1,"x":124,"y":581},{"id":2,"posType":1,"pos":2,"x":203,"y":581},{"id":3,"posType":1,"pos":3,"x":282,"y":581},{"id":4,"posType":1,"pos":4,"x":361,"y":581},{"id":5,"posType":1,"pos":5,"x":440,"y":581},{"id":6,"posType":1,"pos":6,"x":519,"y":581},{"id":7,"posType":1,"pos":7,"x":598,"y":581},{"id":8,"posType":1,"pos":8,"x":677,"y":581},{"id":9,"posType":1,"pos":9,"x":756,"y":581},{"id":10,"posType":1,"pos":10,"x":835,"y":581},{"id":11,"posType":1,"pos":11,"x":914,"y":581},{"id":12,"posType":1,"pos":12,"x":993,"y":581},{"id":13,"posType":1,"pos":13,"x":1072,"y":581},{"id":14,"posType":1,"pos":14,"x":1162,"y":581,"isLast":1},{"id":15,"posType":2,"pos":1,"x":1178,"y":425,"scale":0.418,"layer":14},{"id":16,"posType":2,"pos":2,"x":1168,"y":398,"scale":0.417,"layer":13},{"id":17,"posType":2,"pos":3,"x":1158,"y":371,"scale":0.416,"layer":12},{"id":18,"posType":2,"pos":4,"x":1148,"y":344,"scale":0.415,"layer":11},{"id":19,"posType":2,"pos":5,"x":1138,"y":317,"scale":0.414,"layer":10},{"id":20,"posType":2,"pos":6,"x":1128,"y":290,"scale":0.413,"layer":9},{"id":21,"posType":2,"pos":7,"x":1118,"y":263,"scale":0.412,"layer":8},{"id":22,"posType":2,"pos":8,"x":1108,"y":236,"scale":0.411,"layer":7},{"id":23,"posType":2,"pos":9,"x":1098,"y":209,"scale":0.41,"layer":6},{"id":24,"posType":2,"pos":10,"x":1088,"y":182,"scale":0.409,"layer":5},{"id":25,"posType":2,"pos":11,"x":1078,"y":155,"scale":0.408,"layer":4},{"id":26,"posType":2,"pos":12,"x":1068,"y":128,"scale":0.407,"layer":3},{"id":27,"posType":2,"pos":13,"x":1058,"y":101,"scale":0.406,"layer":2},{"id":28,"posType":2,"pos":14,"x":1046,"y":60,"scale":0.405,"layer":1,"isLast":1},{"id":29,"posType":3,"pos":1,"x":875,"y":26},{"id":30,"posType":3,"pos":2,"x":837,"y":26},{"id":31,"posType":3,"pos":3,"x":799,"y":26},{"id":32,"posType":3,"pos":4,"x":761,"y":26},{"id":33,"posType":3,"pos":5,"x":723,"y":26},{"id":34,"posType":3,"pos":6,"x":685,"y":26},{"id":35,"posType":3,"pos":7,"x":647,"y":26},{"id":36,"posType":3,"pos":8,"x":609,"y":26},{"id":37,"posType":3,"pos":9,"x":571,"y":26},{"id":38,"posType":3,"pos":10,"x":533,"y":26},{"id":39,"posType":3,"pos":11,"x":495,"y":26},{"id":40,"posType":3,"pos":12,"x":457,"y":26},{"id":41,"posType":3,"pos":13,"x":419,"y":26},{"id":42,"posType":3,"pos":14,"x":366,"y":26,"isLast":1},{"id":43,"posType":4,"pos":1,"x":239,"y":62,"scale":0.405,"layer":14},{"id":44,"posType":4,"pos":2,"x":229,"y":89,"scale":0.406,"layer":13},{"id":45,"posType":4,"pos":3,"x":219,"y":116,"scale":0.407,"layer":12},{"id":46,"posType":4,"pos":4,"x":209,"y":143,"scale":0.408,"layer":11},{"id":47,"posType":4,"pos":5,"x":199,"y":170,"scale":0.409,"layer":10},{"id":48,"posType":4,"pos":6,"x":189,"y":197,"scale":0.41,"layer":9},{"id":49,"posType":4,"pos":7,"x":179,"y":224,"scale":0.411,"layer":8},{"id":50,"posType":4,"pos":8,"x":169,"y":251,"scale":0.412,"layer":7},{"id":51,"posType":4,"pos":9,"x":159,"y":278,"scale":0.413,"layer":6},{"id":52,"posType":4,"pos":10,"x":149,"y":305,"scale":0.414,"layer":5},{"id":53,"posType":4,"pos":11,"x":139,"y":332,"scale":0.415,"layer":4},{"id":54,"posType":4,"pos":12,"x":129,"y":359,"scale":0.416,"layer":3},{"id":55,"posType":4,"pos":13,"x":119,"y":386,"scale":0.417,"layer":2},{"id":56,"posType":4,"pos":14,"x":104,"y":429,"scale":0.418,"layer":1,"isLast":1} ]