[{"k":"领取失败","v":""},{"k":"获得","v":""},{"k":"获得","v":""},{"k":"该比赛报名已达最大人数，请选择其他比赛！","v":""},{"k":"该赛事因为报名人数不足已经取消。","v":""},{"k":"该赛事已经结束。","v":""},{"k":"您报名的","v":""},{"k":"因为报名人数不足已经取消，您的所有报名费用/门票已经返还给您！","v":""},{"k":"您报名的比赛将于3分钟后开始！","v":""},{"k":"录音时间太短，请重试","v":""},{"k":"您已成功添加此好友。","v":""},{"k":"您已拒绝此条好友申请。","v":""},{"k":"此用户名或者ID不存在","v":""},{"k":"已向对方发送好友申请。","v":""},{"k":"该用户已是您的好友","v":""},{"k":"皇家同花顺","v":""},{"k":"同花顺","v":""},{"k":"葫芦","v":""},{"k":"同花","v":""},{"k":"三条","v":""},{"k":"两对","v":""},{"k":"高牌","v":""},{"k":"本局重购次数已达上限","v":""},{"k":"重购次数已达上限","v":""},{"k":"拥有筹码小于或等于初始筹码时才能进行重购","v":""},{"k":"本局增购次数已达上限","v":""},{"k":"增购次数已达上限","v":""},{"k":"当前阶段无法重购","v":""},{"k":"当前阶段无法增购","v":""},{"k":"重购成功,{0}筹码将在下局增加","v":""},{"k":"增购成功,{0}筹码将在下局增加","v":""},{"k":"重购成功,筹码将在下局增加","v":""},{"k":"增购成功,筹码将在下局增加","v":""},{"k":"当前阶段无法增购","v":""},{"k":"全下","v":""},{"k":"过牌","v":""},{"k":"加注","v":""},{"k":"思考中","v":""},{"k":"亮牌","v":""},{"k":"gamlbingmanager进入房间：reqEnterRoom","v":""},{"k":"手牌张数大于2","v":""},{"k":"手牌张数大于2","v":""},{"k":"已存在相同的牌","v":""},{"k":"已存在相同的卡牌","v":""},{"k":"出现了，推送先于房间数据过来：","v":""},{"k":"游客","v":""},{"k":"网络连接超时！","v":""},{"k":"网络超时","v":""},{"k":"网络异常","v":""},{"k":"连接服务器失败","v":""},{"k":"发送协议出错","v":""},{"k":"提示","v":""},{"k":"这个方法不能被调用，请调用上面的dispatchNotifyByParams(string id)","v":""},{"k":"初级场","v":""},{"k":"中级场","v":""},{"k":"高级场","v":""},{"k":"领奖信息保存成功","v":""},{"k":"物品不存在或数量不够","v":""},{"k":"您获得了","v":""},{"k":"金币","v":""},{"k":"冠","v":""},{"k":"季","v":""},{"k":"存入成功","v":""},{"k":"取出成功","v":""},{"k":"您输入的密码错误，请重新输入！","v":""},{"k":"您的原密码不正确！","v":""},{"k":"登录token不能为空","v":""},{"k":"登录失败","v":""},{"k":"登录验证已失效，请重新登录游戏！","v":""},{"k":"重新登录","v":""},{"k":"服务器信息为空！","v":""},{"k":"服务器正在维护中...","v":""},{"k":"正在加载场景资源.....","v":""},{"k":"钻石数量不足，是否前往充值？","v":""},{"k":"钻石数量不足，是否前往充值？","v":""},{"k":"金币数量不足，是否前往充值？","v":""},{"k":"已说话","v":""},{"k":"已弃牌","v":""},{"k":"在说话","v":""},{"k":"一局开始显示筹码：","v":""},{"k":"一局开始","v":""},{"k":"坐下显示筹码：","v":""},{"k":"在比牌！","v":""},{"k":"等待说话！","v":""},{"k":"等待下一局显示筹码：","v":""},{"k":"等待下一局","v":""},{"k":"showBankRoll小于显示筹码：","v":""},{"k":"showBankRoll显示筹码：","v":""},{"k":"万亿","v":""},{"k":"亿","v":""},{"k":"红点不能重复添加到同一容器上！","v":""},{"k":"已到最底部","v":""},{"k":"下拉以继续","v":""},{"k":"每日任务","v":""},{"k":"每周任务","v":""},{"k":"成长任务","v":""},{"k":"每日任务","v":""},{"k":"成长任务","v":""},{"k":"仅需","v":""},{"k":"剩余买入比赛次数:{0}","v":""},{"k":"比赛筹码输光了,是否花费{0}金币重新购买{1}比赛筹码?","v":""},{"k":"是否花费{0}金币重新购买{1}比赛筹码?","v":""},{"k":"剩余买入比赛次数:{0}","v":""},{"k":"比赛筹码输光了,是否花费{0}金币重新购买{1}比赛筹码?","v":""},{"k":"是否花费{0}金币增购{1}比赛筹码?","v":""},{"k":"比赛已结束","v":""},{"k":"重购/增加购阶段已结束","v":""},{"k":"赛况","v":""},{"k":"排名","v":""},{"k":"奖励","v":""},{"k":"退赛成功，您的门票已返回账户","v":""},{"k":"退赛成功，报名费已返回账户","v":""},{"k":"比赛已经开启，不可退赛。","v":""},{"k":"提示：主动退赛仅退还报名费，服务费将不予退还。","v":""},{"k":"免费","v":""},{"k":"服务费 ","v":""},{"k":"金币","v":""},{"k":"服务费 ","v":""},{"k":"门票1张","v":""},{"k":"（延迟报名","v":""},{"k":"人","v":""},{"k":"可重构比赛，次数：","v":""},{"k":"次","v":""},{"k":"，第","v":""},{"k":"个盲注级别前可用","v":""},{"k":"金币","v":""},{"k":"兑换","v":""},{"k":"比赛筹码","v":""},{"k":"可增构比赛，次数：","v":""},{"k":"次","v":""},{"k":"，第","v":""},{"k":"个盲注级别前可用","v":""},{"k":"金币","v":""},{"k":"兑换","v":""},{"k":"比赛筹码","v":""},{"k":"赛事列表","v":""},{"k":"已报名","v":""},{"k":"我的门票","v":""},{"k":"最近赛况","v":""},{"k":"请输入一个新的昵称","v":""},{"k":"修改成功","v":""},{"k":"男","v":""},{"k":"万","v":""},{"k":"请先输入6位数的密码再创建房间！","v":""},{"k":"请先输入6位数的密码再创建房间！","v":""},{"k":"您的金币不足","v":""},{"k":",请补充金币或者选择较低场次。","v":""},{"k":"请选择盲注级别！","v":""},{"k":"好友","v":""},{"k":"收到礼物","v":""},{"k":"好友请求","v":""},{"k":"收到礼物","v":""},{"k":"好友请求","v":""},{"k":"您已成功领取好友赠送的","v":""},{"k":"打开微信","v":""},{"k":"未检测到麦克风设备或没有使用麦克风权限！","v":""},{"k":"上一条音频数据上传中","v":""},{"k":"恭喜您进入奖励圈","v":""},{"k":"恭喜您进入比赛最终桌,继续加油哦","v":""},{"k":"比赛进行{0}分钟,剩余比赛人数:{1}","v":""},{"k":"为了公平起见,已为您重新配桌","v":""},{"k":"均码:","v":""},{"k":"均码:---","v":""},{"k":"已达到最大盲注","v":""},{"k":"下次涨盲:","v":""},{"k":"下局盲注将增长至:","v":""},{"k":",前注:","v":""},{"k":"您报名的","v":""},{"k":"因为报名人数不足已经取消，您的所有报名费用/门票已经返还给您！","v":""},{"k":"您报名的比赛因为报名人数不足已经取消，您的所有报名费用/门票已经返还给您！","v":""},{"k":"状态变更：","v":""},{"k":"全下","v":""},{"k":"跟注","v":""},{"k":"发牌出现异常!","v":""},{"k":"比赛中途离开，系统将会帮您托管，您可在“我的比赛”重新进入比赛,是否确认离开？","v":""},{"k":"你是该房间的房主，你退出房间后该房间在所有玩家都离开后将被收回，您是否确定退出？","v":""},{"k":"点：","v":""},{"k":"唯一编码：","v":""},{"k":"弹出互动窗口","v":""},{"k":"金币已达上限！","v":""},{"k":"百人大战未开启","v":""},{"k":"玩法介绍","v":""},{"k":"牌型介绍","v":""},{"k":"功能键介绍","v":""},{"k":"金币","v":""},{"k":"您完成了计时奖励第","v":""},{"k":"仅需","v":""},{"k":"购买","v":""},{"k":"本周榜单","v":""},{"k":"开奖信息","v":""},{"k":"购买记录","v":""},{"k":"购买一局","v":""},{"k":"购买每局","v":""},{"k":"请选择要买入项","v":""},{"k":"您牌桌外的剩余金币不足。","v":""},{"k":"您当前不在房间中,无法邀请好友","v":""},{"k":"您未选择要邀请的好友","v":""},{"k":"好友邀请已发送","v":""},{"k":"你的好友","v":""},{"k":"现在邀请您一起游戏！","v":""},{"k":"已在房间内","v":""},{"k":"退出比赛后，比赛将进入托管状态，是否确认退出？","v":""},{"k":"是否退出并解散当前房间,进入被邀请房间?","v":""},{"k":"今日","v":""},{"k":"服务器维护中！","v":""},{"k":"您的账号或密码为空，请重新输入！","v":""},{"k":"请安装微信后重启本游戏！","v":""},{"k":"用户必须同意用户协议才可进行登录！","v":""},{"k":"私人邮箱","v":""},{"k":"系统邮箱","v":""},{"k":"私人邮箱","v":""},{"k":"跑马灯内容为空！","v":""},{"k":"您报名的比赛将于00:60秒后开始！","v":""},{"k":"您报名的比赛将于","v":""},{"k":"秒后开始！","v":""},{"k":"比赛即将开始","v":""},{"k":"第","v":""},{"k":"恭喜你获得了","v":""},{"k":"奖励！","v":""},{"k":"您没有获得任何奖励","v":""},{"k":"打开微信","v":""},{"k":"您未安装微信，分享失败。","v":""},{"k":"等待发货","v":""},{"k":"信息错误，已返回","v":""},{"k":"初级场","v":""},{"k":"中级场","v":""},{"k":"对不起，您的金币不足最小买入","v":""},{"k":"私人房仅对VIP开放，您现在还不是VIP，是否马上开通？","v":""},{"k":"立即开通VIP","v":""},{"k":"已领取","v":""},{"k":"领奖信息","v":""},{"k":"兑换成功，我们将于1-5个工作日内进行发货。","v":""},{"k":"兑换成功，我们将于1-3个工作日内充值到您的手机。","v":""},{"k":"领奖信息必须填写完整！","v":""},{"k":"收件人输入长度不得大于6个字符","v":""},{"k":"请输入有效的手机号码","v":""},{"k":"请输入有效的qq号码","v":""},{"k":"请输入正确格式的邮箱","v":""},{"k":"详细地址的输入长度不得大于35个字符","v":""},{"k":"等级","v":""},{"k":"全部","v":""},{"k":"好友","v":""},{"k":"提现","v":""},{"k":"修改密码","v":""},{"k":"*新密码两次不一致","v":""},{"k":"密码修改成功","v":""},{"k":"0万","v":""},{"k":"存入金币不能低于1万","v":""},{"k":"密码不能为空","v":""},{"k":"密码长度为6位","v":""},{"k":"取出金额不能为空","v":""},{"k":"当前可存金币不足一万","v":""},{"k":"保险箱金币为0","v":""},{"k":"*密码不能为空","v":""},{"k":"*密码长度为6位","v":""},{"k":"*新密码两次不一致","v":""},{"k":"*密码不能为空","v":""},{"k":"*密码长度为6位","v":""},{"k":"*两次密码不一致","v":""},{"k":"您报名的比赛将于","v":""},{"k":"秒后开始，是否立即进入比赛？","v":""},{"k":"您报名的比赛将于","v":""},{"k":"秒后开始，是否立即进入比赛？","v":""},{"k":"微信","v":""},{"k":"朋友圈","v":""},{"k":"钻石","v":""},{"k":"是否花费{0}钻石，购买{1}？","v":""},{"k":"测试","v":""},{"k":"距离下次领奖时间00:00","v":""},{"k":"您已领取","v":""},{"k":"全部计时奖励","v":""},{"k":"距离下次领奖时间","v":""},{"k":"距离下次领奖时间00:00","v":""},{"k":"第","v":""},{"k":"距离下次领奖时间","v":""},{"k":"资料","v":""},{"k":"成就","v":""},{"k":"当前玩家不在线","v":""},{"k":"正在游戏大厅","v":""},{"k":"在{0}：{1}，{2}买入","v":""},{"k":"确定删除此好友？","v":""},{"k":"我的VIP","v":""},{"k":"VIP介绍","v":""},{"k":"点","v":""},{"k":"领取","v":""},{"k":"秒","v":""},{"k":"剩余人数:","v":""},{"k":"免费","v":""},{"k":"今日","v":""},{"k":"即将开始","v":""},{"k":"托管中","v":""},{"k":"延迟报名","v":""},{"k":"房卡(     x","v":""},{"k":"元","v":""},{"k":"是否花费{0}元，购买{1}？","v":""},{"k":"离线","v":""},{"k":"在线","v":""},{"k":"您已成功赠送给此好友","v":""},{"k":"金币！","v":""},{"k":"赠送给您","v":""},{"k":"好友金币","v":""},{"k":"是否花费{0}元，购买{1}？","v":""},{"k":"请先取消购买再选择","v":""},{"k":"离线","v":""},{"k":"在线","v":""},{"k":"已发货","v":""},{"k":"已充值","v":""},{"k":"等待发货","v":""},{"k":"您尚未填写领奖信息，请填写后再领取奖品","v":""},{"k":"今天","v":""},{"k":"冠军","v":""},{"k":"等级：","v":""},{"k":"成长值：","v":""},{"k":"天","v":""},{"k":"面板名为空！","v":""},{"k":"请先选择图片","v":""},{"k":"头像上传完成,请等待审核","v":""},{"k":"没有使用相册的权限","v":""},{"k":"选择图片失败,请尝试其他图片","v":""},{"k":"请先选择图片","v":""},{"k":"头像上传完成,请等待审核","v":""},{"k":"游客","v":""},{"k":"游客","v":""},{"k":"昵称不能为空","v":""},{"k":"昵称不能大于6个字","v":""},{"k":"昵称只能为汉字、英文和数字","v":""},{"k":"您输入的昵称包含屏蔽词","v":""},{"k":"保险箱功能仅对VIP用户开放","v":""},{"k":"您开通了VIP，保险箱以为您免费开放，请尽快设定您的保险箱密码!","v":""},{"k":"非法支付","v":""},{"k":"支付失败","v":""},{"k":"token不能为空","v":""},{"k":"微信支付接口不存在","v":""},{"k":"登录类型错误","v":""},{"k":"请求支付数据返回错误","v":""},{"k":"请求支付失败，请检查网络是否正常","v":""},{"k":"非微信打开无法分享","v":""},{"k":"分享成功","v":""},{"k":"onComplete不为空时，thisObject不能为空","v":""},{"k":"连接失败","v":""},{"k":"重新登录","v":""},{"k":"登录验证失效或服务器主动断开连接，点击确认重新登录游戏！","v":""},{"k":"网络断开","v":""},{"k":"登录验证已失效，点击确认重新登录游戏！","v":""},{"k":"网络断开","v":""},{"k":"网络连接断开，请检查您的网络是否正常，点击确认重试！","v":""},{"k":"验证错误","v":""},{"k":"连接服务器验证错误","v":""},{"k":"登录失效","v":""},{"k":"登录验证失效，请重新登录游戏！","v":""},{"k":"网络超时","v":""},{"k":"网络连接超时，请检查您的网络是否正常并重试！","v":""},{"k":"该账号在其它地方登录，确定回到登录界面。","v":""},{"k":"登录验证失效或服务器主动断开连接！","v":""},{"k":"发送协议出错","v":""},{"k":"下载出错，请到应用商店下载","v":""},{"k":"版本号获取错误，请检查安装包是否完整","v":""},{"k":"加载版本文件失败！点击确定重新加载！","v":""},{"k":"有新版本(","v":""},{"k":")更新，需要更新才能进入游戏，点击确定前往更新!","v":""},{"k":"有新版本(","v":""},{"k":")更新，是否前往更新？","v":""},{"k":"版本文件解析错误！点击确定重新加载！","v":""},{"k":"客户端版本与服务器版本不匹配，请更新客户端再进游戏。","v":""},{"k":"前往下载","v":""},{"k":"游戏停机维护中，届时将无法登录游戏，请各位相互转告。具体开服时间可能会根据实际情况通告，敬请谅解。","v":""},{"k":"登录类型列表长度不可能为0","v":""},{"k":"图片不能大于100KB","v":""},{"k":"图片类型不正确","v":""},{"k":"yyyy年MM月dd日 hh时mm分ss秒","v":""},{"k":"yyyy年MM月dd日","v":""},{"k":"hh时mm分ss秒","v":""},{"k":"yyyy年MM月dd日 hh时mm分","v":""},{"k":"万","v":""},{"k":"正在进入游戏...","v":""},{"k":"正在加载启动资源...","v":""},{"k":"金币达人-1","v":""},{"k":"拥有金币数","v":""},{"k":"金币达人-2","v":""},{"k":"拥有金币数","v":""},{"k":"金币达人-3","v":""},{"k":"拥有金币数","v":""},{"k":"金币达人-4","v":""},{"k":"拥有金币数","v":""},{"k":"金币达人-5","v":""},{"k":"拥有金币数","v":""},{"k":"金币达人-6","v":""},{"k":"拥有金币数","v":""},{"k":"好友达人-1","v":""},{"k":"拥有好友数","v":""},{"k":"好友达人-2","v":""},{"k":"拥有好友数","v":""},{"k":"好友达人-3","v":""},{"k":"拥有好友数","v":""},{"k":"好友达人-4","v":""},{"k":"拥有好友数","v":""},{"k":"好友达人-5","v":""},{"k":"拥有好友数","v":""},{"k":"好友达人-6","v":""},{"k":"拥有好友数","v":""},{"k":"等级达人-1","v":""},{"k":"游戏等级达到","v":""},{"k":"等级达人-2","v":""},{"k":"游戏等级达到","v":""},{"k":"等级达人-3","v":""},{"k":"游戏等级达到","v":""},{"k":"等级达人-4","v":""},{"k":"游戏等级达到","v":""},{"k":"等级达人-5","v":""},{"k":"游戏等级达到","v":""},{"k":"等级达人-6","v":""},{"k":"游戏等级达到","v":""},{"k":"对子达人-1","v":""},{"k":"以对子胜出牌局数","v":""},{"k":"对子达人-2","v":""},{"k":"以对子胜出牌局数","v":""},{"k":"对子达人-3","v":""},{"k":"以对子胜出牌局数","v":""},{"k":"对子达人-4","v":""},{"k":"以对子胜出牌局数","v":""},{"k":"对子达人-5","v":""},{"k":"以对子胜出牌局数","v":""},{"k":"对子达人-6","v":""},{"k":"以对子胜出牌局数","v":""},{"k":"两对达人-1","v":""},{"k":"以两队胜出牌局数","v":""},{"k":"两对达人-2","v":""},{"k":"以两队胜出牌局数","v":""},{"k":"两对达人-3","v":""},{"k":"以两队胜出牌局数","v":""},{"k":"两对达人-4","v":""},{"k":"以两队胜出牌局数","v":""},{"k":"两对达人-5","v":""},{"k":"以两队胜出牌局数","v":""},{"k":"两对达人-6","v":""},{"k":"以两队胜出牌局数","v":""},{"k":"三条达人-1","v":""},{"k":"以三条胜出牌局数","v":""},{"k":"三条达人-2","v":""},{"k":"以三条胜出牌局数","v":""},{"k":"三条达人-3","v":""},{"k":"以三条胜出牌局数","v":""},{"k":"三条达人-4","v":""},{"k":"以三条胜出牌局数","v":""},{"k":"三条达人-5","v":""},{"k":"以三条胜出牌局数","v":""},{"k":"三条达人-6","v":""},{"k":"以三条胜出牌局数","v":""},{"k":"顺子达人-1","v":""},{"k":"以顺子胜出牌局数","v":""},{"k":"顺子达人-2","v":""},{"k":"以顺子胜出牌局数","v":""},{"k":"顺子达人-3","v":""},{"k":"以顺子胜出牌局数","v":""},{"k":"顺子达人-4","v":""},{"k":"以顺子胜出牌局数","v":""},{"k":"顺子达人-5","v":""},{"k":"以顺子胜出牌局数","v":""},{"k":"顺子达人-6","v":""},{"k":"以顺子胜出牌局数","v":""},{"k":"同花达人-1","v":""},{"k":"以同花胜出牌局数","v":""},{"k":"同花达人-2","v":""},{"k":"以同花胜出牌局数","v":""},{"k":"同花达人-3","v":""},{"k":"以同花胜出牌局数","v":""},{"k":"同花达人-4","v":""},{"k":"以同花胜出牌局数","v":""},{"k":"同花达人-5","v":""},{"k":"以同花胜出牌局数","v":""},{"k":"同花达人-6","v":""},{"k":"以同花胜出牌局数","v":""},{"k":"葫芦达人-1","v":""},{"k":"以葫芦胜出牌局数","v":""},{"k":"葫芦达人-2","v":""},{"k":"以葫芦胜出牌局数","v":""},{"k":"葫芦达人-3","v":""},{"k":"以葫芦胜出牌局数","v":""},{"k":"葫芦达人-4","v":""},{"k":"以葫芦胜出牌局数","v":""},{"k":"葫芦达人-5","v":""},{"k":"以葫芦胜出牌局数","v":""},{"k":"葫芦达人-6","v":""},{"k":"以葫芦胜出牌局数","v":""},{"k":"四条达人-1","v":""},{"k":"以四条胜出牌局数","v":""},{"k":"四条达人-2","v":""},{"k":"以四条胜出牌局数","v":""},{"k":"四条达人-3","v":""},{"k":"以四条胜出牌局数","v":""},{"k":"四条达人-4","v":""},{"k":"以四条胜出牌局数","v":""},{"k":"四条达人-5","v":""},{"k":"以四条胜出牌局数","v":""},{"k":"四条达人-6","v":""},{"k":"以四条胜出牌局数","v":""},{"k":"同花顺达人-1","v":""},{"k":"以同花顺胜出牌局数","v":""},{"k":"同花顺达人-2","v":""},{"k":"以同花顺胜出牌局数","v":""},{"k":"同花顺达人-3","v":""},{"k":"以同花顺胜出牌局数","v":""},{"k":"同花顺达人-4","v":""},{"k":"以同花顺胜出牌局数","v":""},{"k":"同花顺达人-5","v":""},{"k":"以同花顺胜出牌局数","v":""},{"k":"同花顺达人-6","v":""},{"k":"以同花顺胜出牌局数","v":""},{"k":"皇家同花顺达人-1","v":""},{"k":"以皇家同花顺胜出牌局数","v":""},{"k":"皇家同花顺达人-2","v":""},{"k":"以皇家同花顺胜出牌局数","v":""},{"k":"皇家同花顺达人-3","v":""},{"k":"以皇家同花顺胜出牌局数","v":""},{"k":"皇家同花顺达人-4","v":""},{"k":"以皇家同花顺胜出牌局数","v":""},{"k":"皇家同花顺达人-5","v":""},{"k":"以皇家同花顺胜出牌局数","v":""},{"k":"皇家同花顺达人-6","v":""},{"k":"以皇家同花顺胜出牌局数","v":""},{"k":"在德州扑克初级场对局5场","v":""},{"k":"在德州扑克初级场对局10场","v":""},{"k":"在德州扑克初级场对局20场","v":""},{"k":"在德州扑克初级场对局50场","v":""},{"k":"在德州扑克中级场对局5场","v":""},{"k":"在德州扑克中级场对局10场","v":""},{"k":"在德州扑克中级场对局20场","v":""},{"k":"在德州扑克中级场对局50场","v":""},{"k":"在德州扑克高级场对局5场","v":""},{"k":"在德州扑克高级场对局10场","v":""},{"k":"在德州扑克高级场对局20场","v":""},{"k":"在德州扑克高级场对局50场","v":""},{"k":"成功参与1场MTT锦标赛","v":""},{"k":"成功参与3场MTT锦标赛","v":""},{"k":"成功参与5场MTT锦标赛","v":""},{"k":"成功参与10场MTT锦标赛","v":""},{"k":"在德州扑克内赢得10次胜利","v":""},{"k":"在德州扑克内赢得20次胜利","v":""},{"k":"在德州扑克内赢得50次胜利","v":""},{"k":"在德州扑克内赢得100次胜利","v":""},{"k":"在MTT锦标赛内赢得1次冠军","v":""},{"k":"在MTT锦标赛内赢得3次冠军","v":""},{"k":"在MTT锦标赛内赢得5次冠军","v":""},{"k":"在MTT锦标赛内赢得8次冠军","v":""},{"k":"等级升到5级","v":""},{"k":"等级升到10级","v":""},{"k":"等级升到15级","v":""},{"k":"等级升到20级","v":""},{"k":"等级升到25级","v":""},{"k":"等级升到30级","v":""},{"k":"等级升到35级","v":""},{"k":"等级升到40级","v":""},{"k":"微信公众号","v":""},{"k":"关注微信公众号，获得更多游戏资讯。","v":""},{"k":"玩家福利","v":""},{"k":"玩家游戏福利","v":""},{"k":"进行游戏，可获得超多游戏福利","v":""},{"k":"签到奖励","v":""},{"k":"1个月VIP","v":""},{"k":"6个月VIP","v":""},{"k":"年费VIP","v":""},{"k":"6.5万金币","v":""},{"k":"1元=1.08万","v":""},{"k":"20万金币","v":""},{"k":"1元=1.11万","v":""},{"k":"86万金币","v":""},{"k":"1元=1.26万","v":""},{"k":"183万金币","v":""},{"k":"1元=1.42万","v":""},{"k":"510万金币","v":""},{"k":"1元=1.55万","v":""},{"k":"1200万金币","v":""},{"k":"1元=1.85万","v":""},{"k":"6钻石","v":""},{"k":"18钻石","v":""},{"k":"68钻石","v":""},{"k":"128钻石","v":""},{"k":"328钻石","v":""},{"k":"648钻石","v":""},{"k":"免费-20万金币赛","v":""},{"k":"100万金币欢乐赛","v":""},{"k":"200万金币欢乐赛","v":""},{"k":"500万金币欢乐赛","v":""},{"k":"1000万金币欢乐赛","v":""},{"k":"2000万每日欢乐赛","v":""},{"k":"1亿金币周赛","v":""},{"k":"免费-10元话费赛","v":""},{"k":"30元话费争夺赛","v":""},{"k":"100元话费争夺赛","v":""},{"k":"测试-20万金币赛9人场","v":""},{"k":"成功","v":""},{"k":"网络异常，消息重置","v":""},{"k":"错误请求","v":""},{"k":"您输入的账号和密码错误，请重新输入！","v":""},{"k":"禁止","v":""},{"k":"账号或密码错误","v":""},{"k":"服务器维护中","v":""},{"k":"平台未开放","v":""},{"k":"只能在测试环境使用","v":""},{"k":"内部错误","v":""},{"k":"服务器达到上限,请选择其它服务器！","v":""},{"k":"昵称长度不能大于6或小于2","v":""},{"k":"请输入一个新昵称","v":""},{"k":"该帐号已注册","v":""},{"k":"用户名不存在","v":""},{"k":"用户被禁用","v":""},{"k":"角色已被封停","v":""},{"k":"角色已被禁言","v":""},{"k":"设备已被禁言","v":""},{"k":"设备已被禁用","v":""},{"k":"昵称已被使用","v":""},{"k":"昵称格式不对","v":""},{"k":"金币不足","v":""},{"k":"钻石不足","v":""},{"k":"房间不存在","v":""},{"k":"人数已满","v":""},{"k":"没有胡牌","v":""},{"k":"邀请码不存在","v":""},{"k":"VIP才能操作","v":""},{"k":"您的原密码不正确！","v":""},{"k":"输入的格式不对","v":""},{"k":"需要先设置保险箱密码","v":""},{"k":"您输入的密码错误，请重新输入！","v":""},{"k":"该用户已是您的好友！","v":""},{"k":"位置已满","v":""},{"k":"输入字符长度过长","v":""},{"k":"收获时间未到","v":""},{"k":"时间已过","v":""},{"k":"您没有坐下，不能发送聊天消息","v":""},{"k":"您已报名该锦标赛","v":""},{"k":"领取时间未到","v":""},{"k":"活动时间未到或已过期","v":""},{"k":"活动要求未完成","v":""},{"k":"活动奖励已领取","v":""},{"k":"找不到子索引","v":""},{"k":"当前阶段不能重购或增购","v":""},{"k":"赛事已结束","v":""},{"k":"信息未填写","v":""},{"k":"打杂","v":""},{"k":"打杂","v":""},{"k":"打杂","v":""},{"k":"打杂","v":""},{"k":"打杂","v":""},{"k":"实习生","v":""},{"k":"实习生","v":""},{"k":"实习生","v":""},{"k":"实习生","v":""},{"k":"实习生","v":""},{"k":"初级业务员","v":""},{"k":"初级业务员","v":""},{"k":"初级业务员","v":""},{"k":"初级业务员","v":""},{"k":"初级业务员","v":""},{"k":"中级业务员","v":""},{"k":"中级业务员","v":""},{"k":"中级业务员","v":""},{"k":"中级业务员","v":""},{"k":"中级业务员","v":""},{"k":"高级业务员","v":""},{"k":"高级业务员","v":""},{"k":"高级业务员","v":""},{"k":"高级业务员","v":""},{"k":"高级业务员","v":""},{"k":"副经理","v":""},{"k":"副经理","v":""},{"k":"副经理","v":""},{"k":"副经理","v":""},{"k":"副经理","v":""},{"k":"经理","v":""},{"k":"经理","v":""},{"k":"经理","v":""},{"k":"经理","v":""},{"k":"经理","v":""},{"k":"高级经理","v":""},{"k":"高级经理","v":""},{"k":"高级经理","v":""},{"k":"高级经理","v":""},{"k":"高级经理","v":""},{"k":"副总监","v":""},{"k":"副总监","v":""},{"k":"副总监","v":""},{"k":"副总监","v":""},{"k":"副总监","v":""},{"k":"总监","v":""},{"k":"总监","v":""},{"k":"总监","v":""},{"k":"总监","v":""},{"k":"总监","v":""},{"k":"高级总监","v":""},{"k":"高级总监","v":""},{"k":"高级总监","v":""},{"k":"高级总监","v":""},{"k":"高级总监","v":""},{"k":"资深总监","v":""},{"k":"资深总监","v":""},{"k":"资深总监","v":""},{"k":"资深总监","v":""},{"k":"资深总监","v":""},{"k":"副总经理","v":""},{"k":"副总经理","v":""},{"k":"副总经理","v":""},{"k":"副总经理","v":""},{"k":"副总经理","v":""},{"k":"总经理","v":""},{"k":"总经理","v":""},{"k":"总经理","v":""},{"k":"总经理","v":""},{"k":"总经理","v":""},{"k":"副总裁","v":""},{"k":"副总裁","v":""},{"k":"副总裁","v":""},{"k":"副总裁","v":""},{"k":"副总裁","v":""},{"k":"高级副总裁","v":""},{"k":"高级副总裁","v":""},{"k":"高级副总裁","v":""},{"k":"高级副总裁","v":""},{"k":"高级副总裁","v":""},{"k":"总裁","v":""},{"k":"总裁","v":""},{"k":"总裁","v":""},{"k":"总裁","v":""},{"k":"总裁","v":""},{"k":"副董事长","v":""},{"k":"副董事长","v":""},{"k":"副董事长","v":""},{"k":"副董事长","v":""},{"k":"副董事长","v":""},{"k":"董事长","v":""},{"k":"董事长","v":""},{"k":"董事长","v":""},{"k":"董事长","v":""},{"k":"董事长","v":""},{"k":"董事会主席","v":""},{"k":"董事会主席","v":""},{"k":"董事会主席","v":""},{"k":"董事会主席","v":""},{"k":"董事会主席","v":""},{"k":"快点行动吧，时间宝贵！","v":""},{"k":"各位，让看看牌再加吧！","v":""},{"k":"莫偷鸡，偷鸡必被抓","v":""},{"k":"你牌技这么好，地球人知道吗？","v":""},{"k":"冲动是魔鬼，冷静","v":""},{"k":"很高兴和大家一起打牌","v":""},{"k":"打诚信德州，不偷不抢","v":""},{"k":"这手牌打的不错，赢得漂亮","v":""},{"k":"青山不改绿水长流，改日再战","v":""},{"k":"嘿嘿，我又赢了，感谢大家","v":""},{"k":"你真是一个天生的演员","v":""},{"k":"有运气为什么要用技术","v":""},{"k":"自己造的池，含泪也要打完","v":""},{"k":"运气好，谢谢老板！","v":""},{"k":"无A和K","v":""},{"k":"为同花","v":""},{"k":"含A或K","v":""},{"k":"含A","v":""},{"k":"为对子","v":""},{"k":"为AA","v":""},{"k":"金币","v":""},{"k":"数值道具","v":""},{"k":"游戏中必备货币","v":""},{"k":"钻石","v":""},{"k":"数值道具","v":""},{"k":"钻石","v":""},{"k":"vip经验","v":""},{"k":"数值道具","v":""},{"k":"vip经验","v":""},{"k":"等级经验","v":""},{"k":"数值道具","v":""},{"k":"等级经验","v":""},{"k":"普通VIP","v":""},{"k":"购买后立即获得专属标识、专属客服、等级加速、创建私人房、免费使用保险箱等特权","v":""},{"k":"年费VIP","v":""},{"k":"购买后立即获得专属标识、专属客服、等级加速、创建私人房、免费使用保险箱等特权。同时立即获得200点VIP成长值。","v":""},{"k":"10元话费赛门票","v":""},{"k":"门票","v":""},{"k":"使用可免费参与10元话费赛","v":""},{"k":"100钻石赛门票","v":""},{"k":"门票","v":""},{"k":"使用可免费参与100钻石赛","v":""},{"k":"100万金币欢乐赛门票","v":""},{"k":"门票","v":""},{"k":"使用可免费参与100万金币欢乐赛","v":""},{"k":"免费-20万金币赛门票","v":""},{"k":"门票","v":""},{"k":"使用可免费参与免费-20万金币赛","v":""},{"k":"100万金币欢乐赛门票","v":""},{"k":"门票","v":""},{"k":"使用可免费参与100万金币欢乐赛","v":""},{"k":"200万金币欢乐赛门票","v":""},{"k":"门票","v":""},{"k":"使用可免费参与200万金币欢乐赛","v":""},{"k":"500万金币欢乐赛门票","v":""},{"k":"门票","v":""},{"k":"使用可免费参与500万金币欢乐赛","v":""},{"k":"1000万金币欢乐赛门票","v":""},{"k":"门票","v":""},{"k":"使用可免费参与1000万金币欢乐赛","v":""},{"k":"2000万每日欢乐赛门票","v":""},{"k":"门票","v":""},{"k":"使用可免费参与2000万每日欢乐赛","v":""},{"k":"1亿金币周赛门票","v":""},{"k":"门票","v":""},{"k":"使用可免费参与1亿金币周赛","v":""},{"k":"免费-10元话费赛门票","v":""},{"k":"门票","v":""},{"k":"使用可免费参与免费-10元话费赛","v":""},{"k":"30元话费争夺赛门票","v":""},{"k":"门票","v":""},{"k":"使用可免费参与30元话费争夺赛","v":""},{"k":"100元话费争夺赛门票","v":""},{"k":"门票","v":""},{"k":"使用可免费参与100元话费争夺赛","v":""},{"k":"iPhone7兑换券","v":""},{"k":"兑奖券","v":""},{"k":"可兑换iPhone7一台！","v":""},{"k":"iPhone7锦标赛冠军奖励","v":""},{"k":"10元话费兑奖券","v":""},{"k":"兑奖券","v":""},{"k":"可兑换10元话费","v":""},{"k":"免费-10元话费赛","v":""},{"k":"20元话费兑换券","v":""},{"k":"兑奖券","v":""},{"k":"可兑换20元话费","v":""},{"k":"100元话费争夺赛","v":""},{"k":"30元话费兑换券","v":""},{"k":"兑奖券","v":""},{"k":"可兑换30元话费","v":""},{"k":"100元话费争夺赛","v":""},{"k":"50元话费兑换券","v":""},{"k":"兑奖券","v":""},{"k":"可兑换50元话费","v":""},{"k":"100元话费争夺赛","v":""},{"k":"奖励测试1","v":""},{"k":"这是您获得的奖励{0}，请您查收！","v":""},{"k":"奖励测试2","v":""},{"k":"这是您获得的奖励{0}，请您查收！","v":""},{"k":"奖励测试3","v":""},{"k":"这是您获得的奖励{0}，请您查收！","v":""},{"k":"锦标赛奖励","v":""},{"k":"您在免费-10元话费赛中获得冠军，奖励{0}，请查收！","v":""},{"k":"锦标赛奖励","v":""},{"k":"您在30元话费争夺赛中获得冠军，奖励{0}，请查收！","v":""},{"k":"锦标赛奖励","v":""},{"k":"您在30元话费争夺赛中获得第2名，奖励{0}，请查收！","v":""},{"k":"锦标赛奖励","v":""},{"k":"您在100元话费争夺赛中获得冠军，奖励{0}，请查收！","v":""},{"k":"锦标赛奖励","v":""},{"k":"您在100元话费争夺赛中获得第2名，奖励{0}，请查收！","v":""},{"k":"锦标赛奖励","v":""},{"k":"您在100元话费争夺赛中获得第3名，奖励{0}，请查收！","v":""},{"k":"全下","v":""},{"k":"跟注","v":""},{"k":"过牌","v":""},{"k":"弃牌","v":""},{"k":"加注","v":""},{"k":"全下下注","v":""},{"k":"非全下下注","v":""},{"k":"加注滑动","v":""},{"k":"大胜利（葫芦及以上）","v":""},{"k":"下盲注","v":""},{"k":"按钮点击","v":""},{"k":"皇家同花顺胜利","v":""},{"k":"葫芦胜利","v":""},{"k":"四条胜利","v":""},{"k":"同花顺胜利","v":""},{"k":"筹码落下（一轮下注结束）","v":""},{"k":"筹码结算飞行","v":""},{"k":"结束筹码","v":""},{"k":"界面关闭","v":""},{"k":"发牌1","v":""},{"k":"弃牌音效","v":""},{"k":"收取礼物","v":""},{"k":"发送礼物","v":""},{"k":"获得金币","v":""},{"k":"大厅背景音乐","v":""},{"k":"升级","v":""},{"k":"亮牌1","v":""},{"k":"失败","v":""},{"k":"有提示（加好友、邀请入座）","v":""},{"k":"轮到自己出牌","v":""},{"k":"游戏中背景音乐","v":""},{"k":"界面打开","v":""},{"k":"发送信息","v":""},{"k":"入座","v":""},{"k":"站起","v":""},{"k":"点击座位","v":""},{"k":"胜利","v":""},{"k":"获得道具","v":""},{"k":"一万","v":""},{"k":"两万","v":""},{"k":"三万","v":""},{"k":"四万","v":""},{"k":"五万","v":""},{"k":"六万","v":""},{"k":"七万","v":""},{"k":"八万","v":""},{"k":"九万","v":""},{"k":"一筒","v":""},{"k":"二筒","v":""},{"k":"三筒","v":""},{"k":"四筒","v":""},{"k":"五筒","v":""},{"k":"六筒","v":""},{"k":"七筒","v":""},{"k":"八筒","v":""},{"k":"九筒","v":""},{"k":"一条","v":""},{"k":"二条","v":""},{"k":"三条","v":""},{"k":"四条","v":""},{"k":"五条","v":""},{"k":"六条","v":""},{"k":"七条","v":""},{"k":"八条","v":""},{"k":"九条","v":""},{"k":"中","v":""},{"k":"8局","v":""},{"k":"16局","v":""},{"k":"普通玩法","v":""},{"k":"胡八字","v":""},{"k":"10分","v":""},{"k":"20分","v":""},{"k":"30分","v":""},{"k":"用户许可协议","v":""},{"k":"【沁游互动】用户许可协议\\n1. 特别提示\\n上海沁游信息科技有限公司（以下简称“沁游互动”）同意按照本协议的规定及其不时发布的操作规则提供基于互联网的相关服务（以下称“网络服务”）。为获得网络服务，服务使用人 （以下称“用户”）同意本协议的全部条款并按照页面上的提示完成全部的登录程序。用户在进行登录接收沁游互动提供的服务时，均表示用户完全理解并接受本协议项下的全部条款。\\n2. 服务内容\\n2.1沁游互动提供网络服务的具体内容由沁游互动根据实际情况提供，沁游互动保留随时变更、中断或终止部分或全部网络服务的权利。\\n2.2沁游互动在提供服务时，可能会对部分服务的用户收取一定的费用。在此情况下，沁游互动会在相关页面上做出明确提示。如用户拒绝支付该等费用，则视为拒绝使用相关服务。为使用本服务，用户必须能够自行通过有法律资格对您提供互联网接入服务的第三方进入国际互联网，并应自行支付相关服务费用。\\n2.3用户理解：沁游互动仅提供相关服务，除此之外与相关服务有关的设备(如电脑、调制解调器及其他与接入互联网有关的装置)及所需的费用(如为接入互联网而支付的电话费及上网费)均应由用户自行负担。\\n2.4用户应使用正版软件接受服务。\\n3. 用户帐号\\n3.1 用户帐号授权\\n3.1.1用户必须完全同意本协议所有条款并使用相应的账号进行登录（包括但不仅限于QQ、微信等第三方账号）。在使用相关账号进行登录时，必须接受第三方账号的授权，并使用此账号进行游戏，该用户帐号和密码由用户负责保管；用户应当对以其用户帐号进行的所有活动和事件负法律责任。\\n3.1.2用户授权的账号应具有正确的个人基本信息，并保证所提供的个人身份资料信息真实、完整、有效。在用户无法有效证明其身份时，沁游互动有权拒绝提供任何信息或承担任何义务。\\n3.2 用户帐号使用\\n3.2.1用户在使用沁游互动服务过程中，必须遵循以下原则：\\n(A) 遵守中国有关的法律和法规；\\n(B) 不得为任何非法目的而使用服务系统；\\n(C) 遵守所有与服务有关的网络协议、规定和程序；\\n(D) 不得利用沁游互动服务系统进行任何可能对互联网的正常运转造成不利影响的行为；\\n(E) 不得利用沁游互动服务系统传输任何骚扰性的、中伤他人的、辱骂性的、恐吓性的、庸俗淫秽的或其他任何非法的信息资料；\\n(F) 不得利用沁游互动服务系统进行任何不利于沁游互动的行为；\\n(G) 就沁游互动及合作商业伙伴的服务、产品、业务咨询应采取相应机构提供的沟通渠道，不得在公众场合发布有关沁游互动及相关服务的负面宣传；\\n(H) 如发现任何非法使用用户帐号或帐号出现安全漏洞的情况，应立即通告沁游互动；\\n3.2.2用户同意接受沁游互动通过电子邮件或其他方式向用户发送的商品促销或其他相关商业信息。\\n3.3 用户帐号的保管\\n3.3.1若因为用户自身原因，而导致账号、密码遭他人非法使用时，沁游互动将不负责处理。用户自身原因包括但不限于：任意向第三者透露账号和密码及所有注册资料；多人共享同一个账号；安装非法或来路不明的程序等。\\n3.3.2若沁游互动发现疑似遭盗用的会员帐号，有权立即终止该会员帐号的使用权。\\n4. 所有权\\n4.1沁游互动提供的服务内容中包括和/或涉及的所有的作品及资料，其著作权、专利权、商标专用权、商业秘密权及其它知识产权，均为沁游互动或授权沁游互动使用的合法权利人所有，除非事先经沁游互动或其权利人的合法授权，任何人皆不得擅自以任何形式使用，否则沁游互动可立即终止向用户提供产品和服务，并依法追究其法律责任，赔偿沁游互动一切损失。\\n4.2未经沁游互动授权，任何人不得擅自复制、反编译(de-compile)、反汇编(disassemble)任何功能或程序，不得对任何功能和/或程序进行反向工程(reverse engineering)。\\n4.3用户在此同意并确认，用户账号数据和所有其它相关信息，包括用户提供的个人信息、账号中的游戏角色信息、虚拟货币信息和虚拟物品（包括游戏内游戏币、道具、装备、材料等，下同）信息都归沁游互动所有。\\n5. 服务的中止和终止\\n5.1 服务的中止\\n用户在此同意并确认，其有下列行为之一时，沁游互动有权中止为该用户提供部分或全部服务，对其帐户做冻结处理：\\n5.1.1实施了违法本协议的行为；\\n5.1.2实施了损害第三方用户权益或利益的行为；\\n5.1.3在用户实施了违法本协议的行为后，沁游互动有权中止为该用户提供部分或全部服务；沁游互动在采取中止措施时，将告知用户中止期间，中止期间应该是合理的，中止期间届满后，沁游互动应当及时恢复对用户的服务。但中止期间届满时，如果用户的违约状态仍然存在的，则沁游互动有权延长中止服务的期间。\\n5.2 服务的终止\\n用户同意其实施了下列行为之一时，沁游互动有权终止为该用户提供服务，对其帐户做删除处理：\\n5.2.1发布违法信息；\\n5.2.2严重违背社会公德以及其他违反法律禁止性规定的行为；\\n5.2.3通过非法手段、不正当手段或其他不公平的手段使用沁游互动服务或参加沁游互动活动；\\n5.2.4干扰沁游互动正常地提供产品和服务，包括但不限于：攻击、侵入沁游互动的网站服务器、游戏服务器客户端程序或使网站服务器过载；\\n5.2.5破解、修改沁游互动提供的客户端程序；\\n5.2.6制作、发布、传播、使用任何形式的妨碍游戏公平性的辅助工具或程序(外挂)；\\n5.2.7利用程序的漏洞和错误(Bug)破坏游戏的正常进行或传播该漏洞或错误(Bug)；\\n5.2.8实施其他不合理地干扰或阻碍他人使用沁游互动所提供服务或损害其他用户利益和权益的行为；\\n5.2.9为了维护和保证用户使用沁游互动服务时的公平性，在沁游互动发现用户数据异常时，无论用户对该异常数据的产生是否存在过错，沁游互动均有权根据本协议及之后不定期发布的服务公告等，采取相应措施：包括但不限于对该账号的冻结、中止、终止、删除；用户在此承诺沁游互动有权作出上述行为，并承诺不就上述行为要求沁游互动作出任何形式的补偿或退费。\\n6. 用户的义务\\n6.1自行提供与服务有关的设备(如电脑、调制解调器及其他与接入互联网有关的装置)并承担所需的费用(如为接入互联网而支付的电话费及上网费。\\n6.2使用正版软件接受服务。\\n6.3按照第3.1条的规定完成授权登录。如果因为用户提供的资料包含有不正确的信息，导致用户不能正常使用沁游互动提供的服务，沁游互动不承担任何责任。\\n6.5履行第6条约定义务之外的所有其他任何义务。\\n7. 沁游互动的义务\\n7.1在法律法规允许的范围内，利用互联网为用户提供网络服务。\\n7.2严格按照《沁游互动用户信息保密条款》的约定对用户信息承担保密义务。\\n7.3依据我国法律规定，核实用户所提供的个人有效身份信息与所注册的身份信息是否一致，经核实后，发现一致的，沁游互动应当为用户提供账号注册人证明、原始注册信息等必要的协助和支持，并根据需要向有关行政机关和司法机关提供相关证据信息资料。\\n7.4承诺不同时从事网络游戏虚拟货币发行主体和网络游戏虚拟货币交易服务。\\n7.5承诺发行的虚拟货币的使用范围仅限于兑换自身提供的网络游戏产品和服务，不用于支付、购买实物或者兑换其它单位的产品和服务。\\n7.6保证发行网络游戏虚拟货币时不以恶意占用用户预付资金为目的。\\n8. 服务的中断、停止\\n8.1用户了解并认可，为了网站的正常运行，沁游互动需定期或不定期地对网站进行停机维护，这种因系统维护或升级的需要而需暂停服务时，沁游互动将尽可能事先进行通告。因此类情况而造成的正常服务的中断、停止，用户应该予以理解。\\n8.2发生下列情形之一时，沁游互动有权停止或中断服务器所提供之服务，对因此而产生的不便或损害，沁游互动不承担任何责任：\\n8.2.1定期检查或施工，更新软硬件等；\\n8.2.2服务器遭受损坏，导致无法正常运作；\\n8.2.3突发性的软硬件设备与电子通信设备故障；\\n8.2.4网路提供商线路或其它故障，无法提供服务；\\n8.2.5在紧急情况之下为维护国家安全或其它会员及第三者之人身安全；\\n8.2.6不可抗力及其他第三方原因致使沁游互动无法提供服务；\\n8.2.7由于相关政府机构的要求。\\n8.3用户同意沁游互动享有通过提前60天在服务所涉官方网站公告通知的方式中断或终止部分或全部服务的权利，用户已明确知晓上述权利的授予且知晓因上述权利的行使可能给自身及其他第三方造成的直接或间接利益减损，用户在此明确表示不追究沁游互动因行使上述单方中断或终止服务权利而可能导致的一切责任。\\n8.4用户在此同意并确认：沁游互动提供服务时可能会涉及到虚拟物品（包括但不限于游戏币、道具、材料等），该虚拟物品仅在服务运营期内有效，服务停止时，虚拟物品将随服务停止运营而消失，游戏内的虚拟物品用户一经获得将不得以任何形式退还给沁游互动。\\n9. 隐私保护\\n9.1保护用户隐私是沁游互动的一项基本政策，沁游互动保证不对外公开或向第三方提供用户在使用网络服务时存储在沁游互动的非公开内容，但下列情况除外：\\n(A)事先获得用户的明确授权；\\n(B)根据有关的法律法规要求；\\n(C)按照相关政府主管部门的要求；\\n(D)为维护社会公众的利益；\\n(E)为维护沁游互动的合法权益。\\n9.2沁游互动可能会与第三方合作向用户提供相关的网络服务，在此情况下，如该第三方同意承担与沁游互动同等的保护用户隐私的责任，则沁游互动可将用户的注册资料等提供给该第三方。\\n9.3在不透露单个用户隐私资料的前提下，沁游互动有权对整个用户数据库进行分析并对用户数据库进行商业上的利用。\\n10. 免责声明\\n10.1沁游互动就其所提供的服务，不负任何明示或默示的担保责任，而其所提供的服务的稳定、安全、无误及不中断性亦有可能因第8条所述情形而受到影响。用户应自行承担使用服务所有的风险及因此可能导致的损害，包括而不限于其因使用服务而到沁游互动官方网站下载游戏或资料图片而导致用户或其所使用的计算机系统非因沁游互动主观原因造成的损害，或发生任何资料的流失等。\\n10.2沁游互动对其服务不保证不出现任何程序BUG,并对由此可能产生的问题不承担任何赔偿责任。\\n10.3沁游互动不保证其所提供的服务将符合每位用户的要求，不保证服务将不受干扰，也不对服务的及时性、安全性、出错发生以及信息是否能准确、及时、顺利地传送作任何担保。\\n10.4用户明确同意其使用沁游互动服务所存在的风险将完全由其自己承担；因其使用沁游互动服务而产生的一切后果也由其自己承担，沁游互动对用户不承担任何责任。\\n10.5用户在此同意并确认，在适用法律允许的最大范围内，沁游互动所提供的服务是在“现状”及“现有”基础上提供给用户使用，不包括任何类型的明示或暗示的担保（包括但不限于适销性、针对特定目的的适用性、所有权、不侵权以及由交易习惯所引发的各种可能性）。沁游互动不保证用户可按照其所选择的时间和地点访问或使用沁游互动服务，不保证沁游互动服务不会中断或没有错误，不保证缺陷必被纠正，也不保证沁游互动服务均不含病毒或其它有害要素。\\n10.7用户在服务所涉官方网站上所表达的观点、建议、意见和其它内容均为用户本人看法，不代表沁游互动的观点，因此而产生的法律纠纷或责任，与沁游互动无关，均由用户承担。\\n11. 解释权\\n11.1在适用法律允许的最大范围内，沁游互动保留对本协议的最终解释权。用户如对本协议有任何疑问，请登陆沁游互动官方网站获取相关信息或拨打本公司客服电话。\\n\\n","v":""},{"k":"锦标赛说明","v":""},{"k":">如何领取实物奖励？</font>\\n<font color=","v":""},{"k":">1，点击个人头像打开个人信息资料窗口，在窗口左下角点击“我的奖品”即可进入奖品领取页面。\\n2，请按照要求填写所有领奖信息并保存，以便及时领取奖品。</font>\\n\\n<font color=","v":""},{"k":">什么是锦标赛</font>\\n<font color=","v":""},{"k":">锦标赛是一直定时多桌的德州扑克比赛玩法。所有参赛玩家以同样的金币数量开局，直至仅剩一名玩家拥有金币，冠军产生，比赛结束。为保证比赛激烈程度，随着比赛进行，盲注等级将不断提升。\\n\\n</font><font color=","v":""},{"k":">1，固定时间开始比赛，届时若参数人数不足最低人数要求，则比赛取消，返还全部报名费用。\\n2，参加必要需要支付报名费+服务费。主动退赛仅退还报名费，不退还服务费。\\n3，逾期未参加比赛，将不退还任何费用，请提前进入游戏并准时参加。\\n4，比赛中玩家将使用比赛筹码进行比赛（比赛筹码不等于账户中的金币），仅用于比赛内计数。\\n5，前注：比赛进行过程中，每局开始前强制所有玩家自动下注若干金币，即为前注。\\n6，重购筹码（rebuy）：在可以rebuy的比赛中规定的盲注级别内，若玩家当前金币≤初始金币时（或被淘汰），可以再次花费比赛参赛费额外买入一份初始买入筹码。\\n7，增购筹码（addon）：在可以addon的比赛中规定的盲注级别内，玩家可以再次花费报名费额外买入若干筹码。\\n8，比赛根据比赛代币数进行排位，最先退出比赛的玩家即为最后一名，以此类推。同时被淘汰则依次按照牌力、开始时筹码定位名次，牌力大者排名在前，开始时筹码多者排名在前。\\n9，当比赛里只剩下最后一名玩家时比赛结束，最后一名玩家即是冠军。\\n10，比赛优先使用门票报名，金币报名（参赛费+服务费，如“10万+1万”）退赛时将仅退还参赛费，赛事开始后无法退赛。\\n\\n</font>","v":""},{"k":"提示","v":""},{"k":"推广招募微信:ceshizhanghu1、ceshizhanghu2","v":""},{"k":"版本信息","v":""},{"k":">亲爱的玩家你好</font>\\n1，欢迎来到盱眙麻将。\\n此为测试版本，如你遇到任何问题，请咨询客服。","v":""},{"k":"提示","v":""},{"k":"客服QQ:999999999","v":""},{"k":">玩法规则</font>","v":""},{"k":">1，在牌局进行中，您可以使用牌桌外的筹码在手牌竞猜中购买手牌类型，在规定数量内进行购买。\\n2，购买的额度根据当前所在房间的大盲注为准。\\n3，当您在开局，获得手牌后进行结算，若发出您竞猜的手牌牌型，则返还您该项目的投入并按其比例奖励您金币到您的账户。\\n4，游戏开始后，只能购买下局的手牌。\\n5，本周榜单的时间为：每周一0:00开始到每周日23:59为止。\\n6，开奖信息只记录当前牌桌内，最近10局的手牌开奖信息。\\n7，购买记录只记录所有牌桌中，最多30条的手牌竞猜记录。</font>","v":""},{"k":"论坛","v":""},{"k":"QQ群","v":""},{"k":"客服电话","v":""}]