{"領取失敗":"","暫未開啓":"","*手機號不能爲空":"","*手機號格式不正確":"","*請填寫手機驗證碼":"","獲得":"","該比賽報名已達最大人數，請選擇其他比賽！":"","該賽事因爲報名人數不足已經取消。":"","該賽事已經結束。":"","您報名的":"","因爲報名人數不足已經取消，您的所有報名費用/門票已經返還給您！":"","獲取賽事信息異常":"","您報名的比賽將于3分鍾後開始！":"","百人大戰{0}爆出獎池{1}，快來一起參與吧！":"","金幣":"","系統廣播":"","錄音時間太短，請重試":"","您已成功添加此好友。":"","您已拒絕此條好友申請。":"","此用戶名或者ID不存在":"","已向對方發送好友申請。":"","該用戶已是您的好友":"","您的好友數量已達到上限":"","皇家同花順":"","同花順":"","葫蘆":"","同花":"","三條":"","兩對":"","高牌":"","本局重購次數已達上限":"","重購次數已達上限":"","擁有籌碼小于或等于初始籌碼時才能進行重購":"","本局增購次數已達上限":"","增購次數已達上限":"","當前階段無法重購":"","當前階段無法增購":"","重購成功,{0}籌碼將在下局增加":"","增購成功,{0}籌碼將在下局增加":"","重購成功,籌碼將在下局增加":"","增購成功,籌碼將在下局增加":"","該比賽房間已經解散，請返回大廳！":"","棄牌":"","過牌":"","跟注":"","思考中":"","等待":"","gamlbingmanager進入房間：reqEnterRoom":"","已存在相同的牌":"","當前下注金幣數已達莊家金幣上限":"","您現在已上莊，請下莊後再退出房間！":"","遊戲正在進行中，您暫時不能退出房間，請等本局結束再操作。":"","您的當前金幣低于":"","金幣，已從莊家列表退出。":"","萌萌":"","牌局正在進行中，本局結束後自動下莊！":"","獲取房間類型異常data：":"","此邀請碼不正確，請檢查後重新輸入":"","登錄失敗！":"","冠軍":"","名":"","您的手機賬號綁定成功，請牢記您的賬號和登錄密碼，如有遺忘，可通過“忘記密碼”找回。":"","綁定微信成功，可用綁定的微信登錄！":"","您未安裝微信，綁定失敗。":"","token不能爲空，綁定失敗!":"","沒有配置包ID":"","安裝包必須要配置包url":"","這個方法不能被調用，請調用上面的dispatchNotifyByParams(string id)":"","初級場":"","中級場":"","高級場":"","奧馬哈初級場":"","奧馬哈中級場":"","奧馬哈高級場":"","奧馬哈私人房":"","公  告":"","當前沒有公告":"","領獎信息保存成功":"","使用了{0} * {1}":"","物品不存在或數量不夠":"","您獲得了":"","冠":"","季":"","存入成功":"","取出成功":"","您輸入的密碼錯誤，請重新輸入！":"","您的原密碼不正確！":"","登錄token不能爲空":"","登錄失敗":"","版本錯誤":"","客戶端版本與服務器版本不匹配，請更新再進遊戲。":"","登錄驗證已失效，請重新登錄遊戲！":"","重新登錄":"","服務器信息爲空！":"","服務器正在維護中...":"","正在加載場景資源.....":"","鑽石數量不足，是否前往充值？":"","金幣數量不足，是否前往充值？":"","獲取音效地址異常！":"","showBankRoll小于顯示籌碼：":"","showBankRoll顯示籌碼：":"","已報名{0}人，還需":"","人即可開賽":"","已說話":"","發了一條語音，當前打開方式不支持語音功能":"","已棄牌":"","在說話":"","一局開始顯示籌碼：":"","剛坐下":"","坐下顯示籌碼：":"","在比牌！":"","等待說話！":"","等待下一局顯示籌碼：":"","萬億":"","億":"","已到最底部":"","下拉以繼續":"","您輸入的手機號錯誤，請重新輸入！":"","您輸入的驗證碼錯誤，請重新輸入！":"","確定":"","取消":"","每日任務":"","每周任務":"","成長任務":"","歡迎回來 ":"","獎品兌換":"","兌換記錄":"","您當前擁有的金幣大于1000，暫時不可領取救助金！":"","已綁定":"","未綁定":"","注冊手機賬號":"","已有手機賬號":"","您的賬號或密碼爲空，請重新輸入！":"","已達最大買入！":"","僅需":"","剩余買入比賽次數:{0}":"","比賽籌碼輸光了,是否花費{0}金幣重新購買{1}比賽籌碼?":"","是否花費{0}金幣重新購買{1}比賽籌碼?":"","是否花費{0}金幣增購{1}比賽籌碼?":"","比賽已結束":"","重購/增加購階段已結束":"","概述":"","賽況":"","盲注":"","獎勵":"","退賽成功，您的門票已返回賬戶":"","退賽成功，報名費已返回賬戶":"","比賽已經開啓，不可退賽。":"","提示：主動退賽僅退還報名費，服務費將不予退還。":"","主動退賽將退還全部報名費、服務費或者門票，您是否進行退賽？":"","免費":"","服務費 ":"","門票1張":"","比賽時間:":"","（延遲報名":"","人":"","開放時間:":"","，坐滿即開":"","可重購比賽，次數：":"","次":"","' + champDef.Rebuy + '次' + '":"","個盲注級別前可用":"","' + champDef.RebuyCost + '金幣' + '":"","比賽籌碼":"","' + champDef.InitialChips + '比賽籌碼' + '":"","' + champDef.Addon + '次' + '":"","' + champDef.AddonCost + '金幣' + '":"","' + champDef.AddonChips + '比賽籌碼' + '":"","錦標賽":"","坐滿即玩":"","我的比賽":"","最近賽況":"","進行中":"","已結束":"","我的門票":"","請輸入一個新的昵稱":"","修改成功":"","請在此輸入小喇叭內容。":"","您還沒有小喇叭，不可進行發送！":"","您今天發送小喇叭次數已用完，請明天再試！":"","男":"","萬":"","請先輸入6位數的密碼再創建房間！":"","您的金幣不足":"",",請補充金幣或者選擇較低場次。":"","請選擇盲注級別！":"","審核中":"","未通過":"","好友":"","收到禮物":"","好友請求":"","您未安裝微信，分享失敗。":"","一直聽說你的牌技不錯，快來和我較量較量。我已經在玩{0}，你不來嗎？":"","未檢測到麥克風設備或沒有使用麥克風權限！":"","上一條音頻數據上傳中":"","只有入座後才可發送語音!":"","您報名的比賽因爲報名人數不足已經取消，您的所有報名費用/門票已經返還給您！":"","狀態變更：":"","全下":"","發牌出現異常!":"","比賽中途離開，系統將會幫您托管，您可在“我的比賽”重新進入比賽,是否確認離開？":"","你是該房間的房主，你退出房間後該房間在所有玩家都離開後將被收回，您是否確定退出？":"","下局盲注將增長至:":"",",前注:":"","均碼:":"","均碼:---":"","已達到最大盲注":"","下次漲盲:":"","點：":"","贏":"","唯一編碼：":"","金幣已達上限！":"","恭喜您進入獎勵圈":"","恭喜您進入比賽最終桌,繼續加油哦":"","比賽進行{0}分鍾,剩余比賽人數:{1}":"","爲了公平起見,已爲您重新配桌":"","牌局切換狀態，移除對象顯示失敗：":"","玩法介紹":"","牌型介紹":"","功能鍵介紹":"","分鍾":"","您完成了計時獎勵第":"","禮物":"","道具":"","裝飾品":"","吉祥物":"","奢侈品":"","小喇叭":"","購買VIP":"","VIP介紹":"","贈送":"","我的VIP":"","TA的VIP":"","開通會員":"","續費會員":"","點":"","贈送成功！":"","元":"","購買":"","本周榜單":"","開獎信息":"","購買記錄":"","購買一局":"","購買每局":"","請選擇要買入項":"","您牌桌外的剩余金幣不足。":"","您的牌型爲":"","您熟悉德州撲克嗎？":"","是否進入訓練營？":"","可獲得額外金幣獎勵":"","禮品":"","排行榜":"","使用記錄":"","活動幫助":"","好友排行":"","您的歡樂券：":"","距離結束還有：":"","活動已結束":"","每次最多坐莊":"","輪比賽！":"","我要上莊":"","上莊至少需要":"","，無法上莊！":"","系統提示":"","充值":"","玩法說明":"","界面說明":"","獎池說明":"","當前無座玩家共有":"","恭喜，您贏取了":"","您輸了":"","確定  ":"","您的金幣不足，快去商城補充點金幣吧！":"","前往商城":"","遊戲正在進行中，本局結束後將自動站起！":"","  平局":"","沒有下注":"","坐下需要金幣大于":"","，您的余額不足！":"","請稍等":"","等待其他玩家下注...":"","開始下注...":"","您當前不在房間中,無法邀請好友":"","您未選擇要邀請的好友":"","好友邀請已發送":"","你的好友":"","現在邀請您一起遊戲！":"","現在邀請您一起進行":"","買入":"","已在房間內":"","退出比賽後，比賽將進入托管狀態，是否確認退出？":"","是否退出並解散當前房間,進入被邀請房間?":"","綁定邀請碼":"","邀請好友":"","領取金豆":"","領取金幣":"","您已綁定":"",")的邀請碼!":"","好友綁定您的邀請碼":"","好友完成新人禮":"","綁定好友：":"","完成新人禮：":"","不可綁定您自己的邀請碼！":"","邀請碼爲空":"","綁定邀請碼成功，你獲得：":"","當前打開方式不支持分享，請在微信裏打開或使用App版本":"","送你一個[{0}]遊戲大禮包，快來領取！":"","這裏有緊張刺激的錦標賽，多人參與的休閑活動。更有豐富的獎勵等你來拿，快來和我一起玩吧！":"","今日":"","請安裝微信後重啓本遊戲！":"","用戶必須同意用戶協議才可進行登錄！":"","雙雙":"","謝建":"","劉凱":"","密碼登錄":"","手機驗證碼登錄":"","此賬號只使用驗證碼登錄過，請通過忘記密碼來設置密碼或仍使用驗證碼登錄！":"","驗證碼登錄":"","您的賬號或手機驗證碼爲空，請重新輸入！":"","私人郵箱":"","系統郵箱":"","跑馬燈內容爲空！":"","您報名的比賽將于00:60秒後開始！":"","您報名的比賽將于":"","秒後開始！":"","比賽即將開始":"","恭喜你獲得了":"","您沒有獲得任何獎勵":"","我在{0}中獲得了冠軍。服嗎？不服來戰！":"","恭喜你完成所有新人禮，你綁定了好友的邀請碼，你額外獲得：":"","領取":"","充值{0}元領取":"","充值中":"","已發貨":"","已充值":"","信息錯誤，已返回":"","對不起，您的金幣不足最小買入":"","私人房僅對VIP開放，您現在還不是VIP，是否馬上開通？":"","立即開通VIP":"","未領取":"","已領取":"","領獎信息":"","您的獎品正在發貨中，預計時間爲1-5個工作日，發貨詳情請在":"","頁簽內查看！":"","領獎信息必須填寫完整！":"","收件人輸入長度不得大于6個字符":"","請輸入有效的手機號碼":"","請輸入有效的qq號碼":"","請輸入正確格式的郵箱":"","詳細地址的輸入長度不得大于35個字符":"","財富":"","等級":"","全部":"","存款":"","提現":"","修改密碼":"","*新密碼兩次不一致":"","密碼修改成功":"","0萬":"","存入金幣不能低于1萬":"","密碼不能爲空":"","密碼長度爲6位":"","取出金額不能爲空":"","當前可存金幣不足一萬":"","保險箱金幣爲0":"","*兩次密碼不一致":"","*密碼不能爲空":"","*密碼長度爲6位":"","秒後開始，是否立即進入比賽？":"","話費送不停，豪禮不間斷，這個德州不一般！":"","您還沒有抽獎次數，每日首次分享朋友圈即可獲得1次抽獎機會！":"","獎池":"","昨天":"","飲料":"","鑽石":"","是否花費{0}鑽石，購買{1}？":"","您報名的坐滿即玩":"","馬上就要開賽，是否立即進入？":"","測試":"","哈哈蛤":"","語言：":"","喔":"","decToHex unicode 編碼轉換":"","衝動是魔鬼，冷靜":"","距離下次領獎時間00:00":"","您已領取":"","全部計時獎勵":"","距離下次領獎時間":"","第":"","資料":"","概況":"","成就":"","常規賽":"","當前玩家不在線":"","正在遊戲大廳":"","在{0}：{1}，{2}買入":"","百人大戰：{0}中":"","確定刪除此好友？":"","購買禮物":"","購買道具":"","贈送禮物":"","贈送道具":"","秒":"","開賽人數:":"","即將開始":"","延遲報名":"","淘汰":"","：發了一條語音，當前打開方式不支持語音功能":"","房卡(     x":"","是否花費{0}元，購買{1}？":"","離線":"","在線":"","您已成功贈送給此好友":"","金幣！":"","大盲":"","小盲":"","離開":"","贈送給您":"","好友金幣":"","您的金豆不足，完成新人禮、邀請好友等活動可獲得金豆。":"","請先取消購買再選擇":"","歡樂券":"","歡樂券不足！":"","勝":"","負":"","平":"","已完成":"","未完成":"","剩余:":"","未激活":"","等待發貨":"","信息錯誤":"","您尚未填寫領獎信息，請填寫後再領取獎品":"","今天":"","等級：":"","成長值：":"","頭像上傳完成，請等待審核":"","頭像上傳失敗，請稍後重試！":"","沒有使用相冊的權限":"","請先選擇圖片":"","選擇圖片失敗,請嘗試其他圖片":"","玩家信息爲私密！":"","遊客":"","綁定手機成功":"","昵稱不能爲空":"","昵稱不能大于6個字":"","昵稱只能爲漢字、英文和數字":"","您輸入的昵稱包含屏蔽詞":"","*密碼長度爲":"","位":"","*密碼兩次不一致":"","發送驗證碼":"","重新發送":"","保險箱功能僅對VIP用戶開放":"","成爲VIP":"","添加紅點類型不能爲空！":"","您開通了VIP，保險箱已爲您免費開放，請盡快設定您的保險箱密碼!":"","前往設定":"","狀態碼爲空":"","帳號系統錯誤":"","服務器維護":"","參數錯誤":"","帳號不存在":"","帳號已存在":"","帳號信息校驗失敗":"","應用不存在":"","簽名驗證失敗":"","帳號或密碼錯誤":"","短信驗證碼發送失敗":"","短信驗證碼驗證失敗":"","手機號碼未綁定":"","手機號碼已綁定":"","帳號已禁用":"","該手機號碼發送次數超過當天限制":"","該手機號碼發送次數超過每小時限制":"","短信發送次數過于頻繁，請一分鍾後再試":"","手機賬號不能綁定/解綁":"","請求過于頻繁，請稍後再試":"","token驗證失敗":"","簽名校驗失敗":"","應用已禁用":"","是否自動登錄":"","舊密碼":"","新密碼":"","解綁手機成功，爲了您的帳號安全請盡快綁定手機":"","帳號至少包含一個英文字母":"","請輸入帳號":"","帳號不能小于{0}個字符":"","帳號不能大于{0}個字符":"","帳號只能使用英文和數字":"","密碼不能小于{0}個字符":"","密碼不能大于{0}個字符":"","密碼只能使用英文和數字":"","兩次輸入的密碼不匹配，請重新輸入":"","請輸入手機號碼":"","請輸入短信驗證碼":"","獲取驗證碼":"","邀請碼複制成功":"","支付已關閉，無法支付":"","沒有找到微信支付接口":"","請求支付數據返回錯誤":"","請求支付失敗，請檢查網絡是否正常":"","支付狀態錯誤":"","非法支付":"","支付失敗":"","微信支付接口不存在":"","登錄類型錯誤":"","微信授權token爲空":"","微信授權openid爲空":"","onComplete不爲空時，thisObject不能爲空":"","連接失敗":"","登錄驗證失效或網絡連接斷開，點擊確認重新登錄遊戲！":"","網絡斷開":"","登錄驗證已失效，點擊確認重新登錄遊戲！":"","網絡連接斷開，請檢查您的網絡是否正常，點擊確認重試！":"","驗證錯誤":"","連接服務器驗證錯誤":"","登錄失效":"","登錄驗證失效，請重新登錄遊戲！":"","網絡超時":"","網絡連接超時，請檢查您的網絡是否正常並重試！":"","該賬號在其它地方登錄，確定回到登錄界面。":"","發送協議出錯":"","協議初始化異常":"","金幣達人-1":"","擁有金幣數":"","金幣達人-2":"","金幣達人-3":"","金幣達人-4":"","金幣達人-5":"","金幣達人-6":"","好友達人-1":"","擁有好友數":"","好友達人-2":"","好友達人-3":"","好友達人-4":"","好友達人-5":"","好友達人-6":"","等級達人-1":"","遊戲等級達到":"","等級達人-2":"","等級達人-3":"","等級達人-4":"","等級達人-5":"","等級達人-6":"","對子達人-1":"","以對子勝出牌局數":"","對子達人-2":"","對子達人-3":"","對子達人-4":"","對子達人-5":"","對子達人-6":"","兩對達人-1":"","以兩隊勝出牌局數":"","兩對達人-2":"","兩對達人-3":"","兩對達人-4":"","兩對達人-5":"","兩對達人-6":"","三條達人-1":"","以三條勝出牌局數":"","三條達人-2":"","三條達人-3":"","三條達人-4":"","三條達人-5":"","三條達人-6":"","順子達人-1":"","以順子勝出牌局數":"","順子達人-2":"","順子達人-3":"","順子達人-4":"","順子達人-5":"","順子達人-6":"","同花達人-1":"","以同花勝出牌局數":"","同花達人-2":"","同花達人-3":"","同花達人-4":"","同花達人-5":"","同花達人-6":"","葫蘆達人-1":"","以葫蘆勝出牌局數":"","葫蘆達人-2":"","葫蘆達人-3":"","葫蘆達人-4":"","葫蘆達人-5":"","葫蘆達人-6":"","四條達人-1":"","以四條勝出牌局數":"","四條達人-2":"","四條達人-3":"","四條達人-4":"","四條達人-5":"","四條達人-6":"","同花順達人-1":"","以同花順勝出牌局數":"","同花順達人-2":"","同花順達人-3":"","同花順達人-4":"","同花順達人-5":"","同花順達人-6":"","皇家同花順達人-1":"","以皇家同花順勝出牌局數":"","皇家同花順達人-2":"","皇家同花順達人-3":"","皇家同花順達人-4":"","皇家同花順達人-5":"","皇家同花順達人-6":"","在德州撲克初級場對局5場":"","在德州撲克初級場對局15場":"","在德州撲克初級場對局30場":"","在德州撲克初級場對局50場":"","在德州撲克中級場對局5場":"","在德州撲克中級場對局15場":"","在德州撲克中級場對局30場":"","在德州撲克中級場對局50場":"","在德州撲克高級場對局5場":"","在德州撲克高級場對局15場":"","在德州撲克高級場對局30場":"","在德州撲克高級場對局50場":"","成功參與1場MTT錦標賽":"","成功參與3場MTT錦標賽":"","成功參與5場MTT錦標賽":"","成功參與10場MTT錦標賽":"","參與百人大戰歡樂場10次":"","參與百人大戰歡樂場30次":"","參與百人大戰歡樂場50次":"","參與百人大戰富豪場10次":"","參與百人大戰富豪場30次":"","參與百人大戰富豪場50次":"","在德州撲克內贏得10次勝利":"","在德州撲克內贏得20次勝利":"","在德州撲克內贏得50次勝利":"","在德州撲克內贏得100次勝利":"","在MTT錦標賽內贏得1次冠軍":"","在MTT錦標賽內贏得3次冠軍":"","在MTT錦標賽內贏得5次冠軍":"","在MTT錦標賽內贏得8次冠軍":"","在百人大戰裏贏取10次勝利":"","在百人大戰裏贏取30次勝利":"","在百人大戰裏贏取50次勝利":"","等級升到5級":"","等級升到10級":"","等級升到15級":"","等級升到20級":"","等級升到25級":"","等級升到30級":"","等級升到35級":"","等級升到40級":"","等級升到45級":"","等級升到50級":"","等級升到55級":"","等級升到60級":"","等級升到65級":"","等級升到70級":"","等級升到75級":"","等級升到80級":"","等級升到85級":"","等級升到90級":"","等級升到95級":"","等級升到100級":"","簽到獎勵":"","首充優惠":"","100000金幣":"","100元話費賽門票":"","歡樂送豪禮":"","玩牌就送IphoneX、2億金幣、Ipad Pro、話費等豐厚大獎":"","德州轉轉轉":"","贏海量金幣，超級大量，巨額獎勵轉不停":"","破産補助":"","綁定大禮包":"","新人禮":"","分享":"","每日首次分享朋友圈，即可獲得1次抽獎機會，100%中獎。抽獎次數當日有效，請盡快使用！":"","1個月VIP":"","6個月VIP":"","小喇叭*1":"","購買後可發送全服小喇叭，總共可發送1次。":"","小喇叭*20":"","購買後可發送全服小喇叭，總共可發送20次。":"","送6,000,000金幣":"","送2,340,000金幣":"","送1,130,000金幣":"","送108,000金幣":"","送6.4萬金幣":"","1元=1.06萬":"","送19.7萬金幣":"","1元=1.09萬":"","1元=1.11萬":"","送146萬金幣":"","1元=1.14萬":"","1元=1.18萬":"","送810萬金幣":"","1元=1.25萬":"","18鑽石":"","68鑽石":"","128鑽石":"","648鑽石":"","黃金月卡":"","200金幣":"","50元京東卡":"","10元電話卡":"","100鑽石":"","60鑽石":"","1000金幣":"","2000金幣":"","600金幣":"","5000金幣":"","400金幣":"","30元電話卡":"","20鑽石":"","40鑽":"","免費-20萬金幣賽":"","100萬金幣歡樂賽":"","200萬金幣歡樂賽":"","500萬金幣歡樂賽":"","1000萬金幣歡樂賽":"","2000萬每日歡樂賽":"","1億金幣周賽":"","免費-10元話費賽":"","30元話費爭奪賽":"","100元話費爭奪賽":"","500金幣爭霸場":"","1000金幣爭霸場":"","5000金幣爭霸場":"","1000金幣場":"","2000金幣場":"","5000金幣場":"","1萬金幣場":"","2萬金幣場":"","5萬金幣場":"","10萬金幣場":"","單挑-5萬金幣場":"","單挑-10萬金幣場":"","單挑-20萬金幣場":"","單挑-50萬金幣場":"","歡樂場":"","富豪場":"","數值道具":"","遊戲中必備貨幣":"","vip經驗":"","等級經驗":"","普通VIP":"","購買後立即獲得專屬標識、專屬客服、等級加速、創建私人房、免費使用保險箱等特權":"","年費VIP":"","購買後立即獲得專屬標識、專屬客服、等級加速、創建私人房、免費使用保險箱等特權。同時立即獲得200點VIP成長值。":"","活動道具":"","可在歡樂送壕禮活動中使用兌換超級獎勵":"","10元話費賽門票":"","使用可免費參與10元話費賽":"","100鑽石賽門票":"","使用可免費參與100鑽石賽":"","100萬金幣歡樂賽門票":"","使用可免費參與100萬金幣歡樂賽":"","免費-20萬金幣賽門票":"","門票":"","使用可免費參與免費-20萬金幣賽":"","200萬金幣歡樂賽門票":"","使用可免費參與200萬金幣歡樂賽":"","500萬金幣歡樂賽門票":"","使用可免費參與500萬金幣歡樂賽":"","1000萬金幣歡樂賽門票":"","使用可免費參與1000萬金幣歡樂賽":"","2000萬每日歡樂賽門票":"","使用可免費參與2000萬每日歡樂賽":"","1億金幣周賽門票":"","使用可免費參與1億金幣周賽":"","免費-10元話費賽門票":"","使用可免費參與免費-10元話費賽":"","30元話費爭奪賽門票":"","使用可免費參與30元話費爭奪賽":"","使用可免費參與100元話費賽":"","iPhone7兌換券":"","可兌換64GiPhone7一台，顔色隨機發送":"","錦標賽-iPhone7爭霸賽冠軍獎勵":"","iPhoneX兌換券":"","可兌換64GiPhoneX一台，顔色隨機發送":"","活動中獲得":"","兌獎券":"","可兌換Ipad Pro一台":"","1000元京東卡":"","可兌換1000元京東卡一張":"","小米空氣淨化器":"","可兌換小米空氣淨化器一台":"","500Q幣":"","可兌換500Q幣":"","卡西歐電子表":"","可兌換卡西歐電子版一個":"","300元京東卡":"","可兌換300元京東卡":"","5Q幣":"","可兌換5Q幣":"","美的電飯鍋":"","可兌換美的電飯鍋一個":"","美的空調":"","可兌換美的空調一台":"","神舟筆記本電腦":"","可兌換神州戰神K670D-G4D1筆記本電腦一台":"","可兌換iPhone8 Plus一台":"","可兌換iPhone8一台":"","可兌換OPPO R11s一台":"","ZIPPO打火機":"","可兌換ZIPPO打火機一個":"","300M全國流量":"","可兌換300M全國流量":"","500M全國流量":"","可兌換500M全國流量":"","5元話費兌換券":"","可兌換5元話費":"","通過錦標賽獎勵或者活動獲得的兌換券":"","10元話費兌獎券":"","可兌換10元話費":"","20元話費兌換券":"","可兌換20元話費":"","30元話費兌換券":"","可兌換30元話費":"","50元話費兌換券":"","可兌換50元話費":"","購買後可發送全服小喇叭":"","金豆":"","可以在兌獎界面進行兌獎":"","打雜":"","實習生":"","初級業務員":"","中級業務員":"","高級業務員":"","副經理":"","經理":"","高級經理":"","副總監":"","總監":"","高級總監":"","資深總監":"","副總經理":"","總經理":"","副總裁":"","高級副總裁":"","總裁":"","副董事長":"","董事長":"","董事會主席":"","永遠不要像照片裏的人一成不變的挂在那裏，你必須綜合你的行爲，讓對手一直在猜測你的目的。":"","只要你不是最好的牌，就要認真思索對方下重注的理由。":"","多總結下你輸大錢的那些牌，比一直不停的打下去更重要。":"","你做的任何事情都有可能讓你輸錢——什麽都不做也一樣。":"","如果你有一手大牌，別忘了對手可能有一手更大的牌。":"","就算AA對27，也不是100%贏的。（所以不是無路可走的時候，最好不要起手就ALLIN）":"","那個一直棄牌的傻瓜其實是才是能一口吞掉你的巨鲨。":"","沒必要花所有的籌碼去驗證對手是否偷雞（萬一不是你就完了）。":"","打牌不偷雞是不行的，老是偷雞更不是行的。":"","不要只看到偷雞成功的，還要看到有些爲了偷雞喪命的。":"","攻擊性太強的人，把自己置于亂箭之中，遲早要被穿心。":"","自己所下的注要對的起自己的底牌，即使底牌是對A,你的下注錯誤也會輸掉一切。":"","沒有什麽不可能，底牌是不是好牌或壞牌，是由莊家發給的那五張牌決定的。":"","中高級場對手看牌停頓的時間能反映出一定的信息。":"","技術、膽識、運氣、心態，是贏錢的關鍵。":"","桌上籌碼最多，這樣打起來輕松。不要怕別人惦記你桌上的錢。":"","拿到雙A並不是你必勝的保證，有可能成爲你出局的陷阱。":"","德州撲克遊戲的規律就是沒有任何一點規律可尋。":"","不要過于依賴自己的底牌，真正的底牌其實是河牌！":"","吸引對手跟重注的是彩池比例，而不是你桌上的獎金。":"","輸贏無法控制，但是你可以控制輸贏的多寡！":"","獎勵測試1":"","這是您獲得的{獎勵}，請您查收！":"","獎勵測試3":"","錦標賽獎勵":"","您在10元話費賽中獲得冠軍，{獎勵}，請查收！":"","您在30元話費爭奪賽中獲得冠軍，{獎勵}，請查收！":"","您在30元話費爭奪賽中獲得第2名，{獎勵}，請查收！":"","您在100元話費爭奪賽中獲得冠軍，{獎勵}，請查收！":"","您在100元話費爭奪賽中獲得第2名，{獎勵}，請查收！":"","您在100元話費爭奪賽中獲得第3名，{獎勵}，請查收！":"","首充優惠獎勵":"","您好，這是您的首充優惠獎勵，請注意查收！":"","%s(ID：%d)綁定了您的邀請碼，獲得{獎勵}，請查收！":"","贈送給您禮物：":"","{獎勵}":"","彈彈樂":"","超市鈎物":"","隨機獎勵金幣":"","隨機獎勵體力":"","女仆商店":"","汽車配件商店":"","房屋升級碎片商店":"","奧馬哈撲克":"","奧馬哈撲克遊戲是一種與德克薩斯撲克相似的撲克遊戲，在玩家當中長盛不衰，該遊戲始于20世紀90年代。":"","百人大戰":"","加注":"","全下下注":"","非全下下注":"","加注滑動":"","大勝利（葫蘆及以上）":"","下盲注":"","按鈕點擊":"","皇家同花順勝利":"","葫蘆勝利":"","四條勝利":"","同花順勝利":"","籌碼落下（一輪下注結束）":"","籌碼結算飛行":"","結束籌碼":"","界面關閉":"","發牌1":"","棄牌音效":"","收取禮物":"","發送禮物":"","獲得金幣":"","大廳背景音樂":"","升級":"","亮牌1":"","失敗":"","有提示（加好友、邀請入座）":"","輪到自己出牌":"","遊戲中背景音樂":"","界面打開":"","發送信息":"","入座":"","站起":"","點擊座位":"","勝利":"","獲得道具":"","歡迎來到跳娃娃！":"","來玩就送，實物大獎領回家！":"","天天簽到送元寶！":"","6元":"","30元":"","128元":"","648元":"","【中國黃金】黃金金條10g":"","【周大福】十二生肖狗吉星高照足金黃金吊墜2g":"","南極人純棉四件套":"","注冊賬戶":"","達到目標分數":"","被邀請人達到目標分數":"","邀請其他玩家注冊遊戲":"","一對":"","錦標賽說明":"","如何領取實物獎勵？":"","1，點擊個人頭像打開個人信息資料窗口，在窗口左下角點擊“我的獎品”即可進入獎品領取頁面。\\\\n2，請按照要求填寫所有領獎信息並保存，以便及時領取獎品。":"","什麽是錦標賽":"","錦標賽是一直定時多桌的德州撲克比賽玩法。所有參賽玩家以同樣的金幣數量開局，直至僅剩一名玩家擁有金幣，冠軍産生，比賽結束。爲保證比賽激烈程度，隨著比賽進行，盲注等級將不斷提升。\\\\n\\\\n":"","錦標賽規則":"","1，固定時間開始比賽，屆時若參數人數不足最低人數要求，則比賽取消，返還全部報名費用。\\\\n2，參加必要需要支付報名費+服務費。主動退賽僅退還報名費，不退還服務費。\\\\n3，逾期未參加比賽，將不退還任何費用，請提前進入遊戲並准時參加。\\\\n4，比賽中玩家將使用比賽籌碼進行比賽（比賽籌碼不等于賬戶中的金幣），僅用于比賽內計數。\\\\n5，前注：比賽進行過程中，每局開始前強制所有玩家自動下注若幹金幣，即爲前注。\\\\n6，重購籌碼（rebuy）：在可以rebuy的比賽中規定的盲注級別內，若玩家當前金幣≤初始金幣時（或被淘汰），可以再次花費比賽參賽費額外買入一份初始買入籌碼。\\\\n7，增購籌碼（addon）：在可以addon的比賽中規定的盲注級別內，玩家可以再次花費報名費額外買入若幹籌碼。\\\\n8，比賽根據比賽代幣數進行排位，最先退出比賽的玩家即爲最後一名，以此類推。同時被淘汰則依次按照牌力、開始時籌碼定位名次，牌力大者排名在前，開始時籌碼多者排名在前。\\\\n9，當比賽裏只剩下最後一名玩家時比賽結束，最後一名玩家即是冠軍。\\\\n10，比賽優先使用門票報名，金幣報名（參賽費+服務費，如“10萬+1萬”）退賽時將僅退還參賽費，賽事開始後無法退賽。\\\\n\\\\n":"","版本信息":"","親愛的玩家你好":"","提示":"","玩法規則":"","1，在牌局進行中，您可以使用牌桌外的籌碼在手牌競猜中購買手牌類型，在規定數量內進行購買。\\\\n2，購買的額度根據當前所在房間的大盲注爲准。\\\\n3，當您在開局，獲得手牌後進行結算，若發出您競猜的手牌牌型，則返還您該項目的投入並按其比例獎勵您金幣到您的賬戶。\\\\n4，遊戲開始後，只能購買下局的手牌。\\\\n5，本周榜單的時間爲：每周一0:00開始到每周日23:59爲止。\\\\n6，開獎信息只記錄當前牌桌內，最近10局的手牌開獎信息。\\\\n7，購買記錄只記錄所有牌桌中，最多30條的手牌競猜記錄。":"","規則":"","\\\\n1，根據玩家當前攜帶的籌碼計算可下注的額度\\\\n2，選擇不同額度，點擊中間的四個不同下注區域可進行下注。\\\\n3，在下注結束後，莊家和下方的四個閑家每家發五張牌，發牌完畢後進行比牌。\\\\n4，按照牌型大小，玩家可贏取或者賠付相應倍率的籌碼。\\\\n5，玩家攜帶金幣達到一定數量，可選擇成爲莊家。成爲莊家以後，不需要進行投注，只需等待其他玩家投注就可以坐等收益。\\\\n\\\\n":"","牌型大小以及賠率":"","獎池資金：":"","\\\\n玩家或莊家勝出後，系統從盈利中抽取極少一部分放入彩池中。\\\\n\\\\n":"","如何參與獎池：":"","\\\\n凡是參與投注即視爲參與了獎池，投注的選項中擊中了牌型：四條，同花順，皇家同花順牌型即可獲得獎池獎勵。\\\\n\\\\n":"","玩法":"","德州撲克，全稱爲德克薩斯撲克，它是一種玩家對玩家的公共牌類遊戲。":"","1.\\\\t每個玩家發兩張底牌，五張由荷官陸續朝\\\\t\\\\t\\\\t\\\\t上發出的公共牌(依次發3張、1張、1張)\\\\n2.\\\\t牌局開始，每個玩家會有兩張面朝下的底\\\\t\\\\t\\\\t\\\\t牌。\\\\n3.\\\\t經過所有押注圈，若仍不能分出勝負，遊\\\\t\\\\t\\\\t\\\\t戲會進入“攤牌”階段。\\\\n4.\\\\t在攤牌階段，所剩的玩家亮出各自的底牌\\\\t\\\\t\\\\t\\\\t以較高下，持大牌者獲勝。":"","比賽用牌":"","德州撲克一共有52張牌，沒有王牌。":"","活動說明":"","一.如何獲得歡樂券？":"","1.在德州撲克大于等于500/1000的房間裏打牌或者下注額大于等于2000的德州轉轉轉均可獲得歡樂券。玩的場次越大獲得的歡樂券越多。\\\\n2.普通玩家充值即可獲得歡樂券，充值1元贈送1歡樂券，充值額度必須大于10元，低于10元不贈送歡樂券。":"","二.歡樂券會過期嗎？":"","活動結束後將會保留一天時間使用歡樂券，切記一定要在活動結束前使用歡樂券，活動結束後歡樂券會清空哦！！":"","三.禮品可以重複兌換碼？":"","不可以哦~每種禮品在活動期間內只能兌換一次~":"","*活動的最終解釋權歸星運德州所有":"","奧馬哈撲克規則":"","遊戲介紹":"","奧馬哈撲克遊戲(Omaha Poker)是一種與德克薩斯撲克相似的撲克遊戲，在玩家當中長盛不衰，該遊戲始于20世紀90年代。":"","基本玩法":"","每個牌手發四張底牌，然後再依次發五張公共牌（翻牌圈發3張、轉牌圈發1張、河牌圈發1張），每個牌手必須從手裏的四張牌中選取兩張，從五張公共牌中選取三張，組合成最大的牌組，與其他人進行輸贏比較。":"","牌型與德州撲克一致，由大到小爲\\\\n10，皇家同花順\\\\n9，同花順\\\\n8，四條\\\\n7，葫蘆\\\\n6，同花\\\\n8，順子\\\\n4，三條\\\\n3，兩對\\\\n2，一對\\\\n1，高牌":"","官方QQ群":"","版本號獲取錯誤，請檢查初始文件是否正確":"","加載版本文件失敗！點擊確定重新加載！":"","有新版本(":"",")更新，需要更新才能進入遊戲，點擊確定前往更新!":"",")更新，是否前往更新？":"","版本文件解析錯誤！點擊確定重新加載！":"","下載地址空，請到應用商店下載或聯系客服處理":"","遊戲停機維護中，屆時將無法登錄遊戲，請各位相互轉告。具體開服時間可能會根據實際情況通告，敬請諒解。":"","個":"","未選擇任何圖片":"","圖片類型不正確":"","圖片不能大于":"","正在加載...":"","socket關閉後，是否允許執行發送方法":"","一樣的命令和回調是否獨占發送，(如果是，當還沒接收到上一個包的時候，再次發包，會忽略掉)":"","斷線重發":"","傳入了錯誤的消息名或Proto文件沒有初始化":"","發送消息出錯，未找到消息體cmdid:":"","copy參數異常：source":"","yyyy年MM月dd日 hh時mm分ss秒":"","yyyy年MM月dd日":"","hh時mm分ss秒":"","yyyy年MM月dd日 hh時mm分":"","{0}小時":"","複制成功!":"","正在進入遊戲...":"","進入比賽":"","綁定手機賬號":"","活動中心":"","返回大廳":"","幫助":"","郵箱":"","充值商城":"","增購":"","保險箱":"","結束時":"","9999萬":"","1/3\\n底池":"","1/2\\n底池":"","2/3\\n底池":"","X1\\n底池":"","歡迎進入訓練營":"","翻牌":"","轉牌":"","河牌":"","邀請":"","坐下":"","啊啊啊啊啊啊":"","加 注":"","下000/8前注6000":"","比賽進行99分鍾,剩余比賽人數:999":"","重購籌碼":"","增購籌碼":"","均碼:9991":"","100萬":"","10萬":"","1000萬金幣每日歡樂賽門票":"","立即進入":"","我的獎品":"","正在請求數據...":"","等待下局開始":"","請輸入您的手機號碼":"","手機短信驗證碼":"","請輸入密碼":"","請再次輸入密碼":"","1000萬":"","成就名稱-1":"","成就描述成就描述":"","點擊可查看活動詳情":"","返回":"","手指上滑，取消發送":"","松開手指，取消發送":"","正在登陸...":"","兌換時間":"","兌換內容":"","消耗":"","領取條件：金幣不足":"","剩余次數：":"","立即領取":"","用戶名":"","手機":"","微信":"","綁定微信":"","綁定手機和微信，可以在其他設備上使用手機或微信進行登錄！":"","忘記密碼":"","綁定手機賬號，可以在其他設備上使用手機賬號進行登錄！還可獲得以下綁定好禮！":"","在您遺忘保險箱密碼後可通過保險箱安全手機找回密碼（保險箱安全手機號可與登錄手機號不一致）！":"","手機號":"","驗證碼":"","1.輸入有效手機號":"","2.點擊“發送驗證碼”，系統將發送驗證碼至您的手機":"","3.輸入您收到的驗證碼，點擊“下一步”。":"","下一步":"","最小買入":"","最大買入":"","自動買入":"","商城充值":"","買入遊戲":"","僅需648元":"","1200萬金幣":"","立即購買":"","報名費:":"","6-14 15:30（延遲報名5分鍾）":"","參賽人數:":"","35-600人":"","初始籌碼:":"","重購描述重購描述重購描述重購描述重購描述重購描述重購描述":"","增購描述增購描述增購描述增購描述增購描述增購描述":"","報名":"","退賽":"","排名":"","參賽人數":"","比賽進行":"","漲盲剩余時間":"","比賽暫未開始":"","當前盲注":"","下級盲注":"","前注":"","昵稱":"","頭像":"","擁有籌碼":"","暫無用戶報名":"","級別":"","升盲時間":"","名次":"","賽事列表":"","賽事":"","賽事信息":"","開始時間":"","暫無賽事":"","已報名":"","您還未參加任何賽事":"","您還未結束任何賽事":"","您暫無任何門票":"","賽事時間":"","暫無任何最近賽況":"","隨機昵稱":"","修改昵稱":"","提示：昵稱只能爲漢字、英文和數字，長度不可大于6個字。":"","快捷輸入":"","表情":"","發送":"","入座後才可輸入表情":"","朋友圈":"","微信好友":"","選擇分享至":"","選擇性別":"","女":"","創建昵稱":"","隨機":"","進入遊戲":"","選擇盲注":"","小盲/大盲":"","1000萬/1500萬":"","20萬":"","9.99億":"","現有資産:":"","4萬":"","請輸入私人房密碼":"","創建房間":"","添加頭像":"","性別":"","年齡":"","保密":"","未知":"","您暫時還沒有添加好友，點擊上方按鈕邀請好友一起遊戲吧！":"","暫時未收到好友金幣先給好友贈送金幣吧":"","快速領取好友金幣":"","暫無好友請求":"","添加":"","搜索":"","好友推薦":"","房間ID:":"","盲注：":"","底池":"","前注：":"","我回來了":"","托管中":"","菜單":"","在線獎勵":"","中獎啦!":"","該房間暫無上局回顧":"","用戶名稱六字":"","商城":"","任務":"","更多":"","設置":"","在牌局開始的時候，每個玩家分得兩張牌作爲“手牌” （僅自己可見），荷官會分三次陸續發出五張公共牌（3張+1張+1張）。從每個玩家的底牌和公共牌中，選出組合最大牌型的五張與其他玩家進行比較，決出勝負。":"","玩家1":"","玩家2":"","公共牌":"","成牌":"","葫蘆 贏家":"","兩對 輸家":"","1.皇家同花順":"","2.同花順":"","3.四條":"","4.葫蘆":"","5.同花":"","6.順子":"","7.三條":"","8.兩對":"","9.一對":"","10.高牌":"","選擇看牌，看牌是不進行下注的！":"","牌不好，就選擇棄牌，不再參與這次對局。":"","如果覺得牌可以，就可進行跟注。":"","如果覺得牌優勢明顯，可進行加注。":"","如果對你的牌相當有信心，就全下吧。":"","首先讓牌，如果需要下注則選擇棄牌。":"","自動選擇跟注。":"","您獲得了9999金幣":"","您完成了及時獎勵第1輪":"","獲得獎勵:":"","1200金幣":"","距離下次領獎時間:":"","20分鍾":"","佩戴中":"","剩余時間：":"","佩戴禮物":"","用戶名字六字":"","我的會員成長值：":"","總計：":"","目前等級：":"","成長速度：":"","到期時間：":"","0點":"","開通年費，每日15點>>":"","11.11萬":"","類型":"","賠率":"","注數":"","總計:":"","15.2萬":"","玩家":"","中獎注數":"","中獎金幣":"","時間":"","手牌":"","總注數":"","中獎金額":"","您的牌型爲高牌":"","你完成了新手引導，獲得了新手獎勵。":"","花色相同的A、K、Q、J、10組成":"","五張花色相同的連續牌組成，但不包括皇家同花順":"","四張點數相同的牌加任一張其他牌組成":"","三張點數相同的牌和一對組成。":"","由花色相同牌，但點數不相連的五張組成":"","由五張點數相連，但花色不同的牌組成。":"","五張中有三張點數相同的牌和兩張非對子的牌組成":"","由兩個對子組合而成":"","由一個對子和三張點數不同的牌組成":"","五張點數沒有任何排列的牌組成":"","跳過新手引導!":"","進入新手引導!":"","我已了解德州\\n撲克規則":"","我還想繼續\\n了解德州撲克":"","距離結束還有：9天":"","您的歡樂券：999":"","排行":"","積分":"","兌換獎品":"","兌換數量":"","暫無使用記錄":"","活動說明\\n活動說明\\n活動說明\\n活動說明":"","活動標題":"","上莊至少需要2億":"","每次最多坐莊99輪比賽！":"","99.99億":"","排序":"","牌型":"","四條":"","順子":"","當前無座玩家共有123人":"","當前沒有無座玩家":"","暫無百人大戰賽事":"","所有玩家的獲利將有小額部分進入獎池":"","上輪中獎信息及名單":"","開獎類型":"","開獎比例":"","暫未開獎":"","總額":"","日期":"","$99.99億":"","無玩家進行押注":"","獎池:":"","莊家昵稱":"","888.8萬":"","下莊":"","趨勢":"","未入座玩家":"","開始下注. . . 15":"","當前沒有勝負記錄":"","圖片加載中...":"","請選擇你要邀請的好友":"","全選":"","發送邀請":"","房間號：":"","你的好友好友名字六字現在邀請您一起遊戲！":"","你的好友好友名字六字現在邀請您一起進行":"","20萬買入":"","立即加入":"","下次再說":"","確認綁定":"","僅限3級及以下用戶":"","您已綁定邀請碼":"","推薦好友進入遊戲":"","好友每次進行金幣充值":"","您可獲得":"","好友充值金幣的10%":"","好友可獲得":"","大量金幣+豪華首充獎勵":"","好友通過您的分享鏈接進入遊戲或者填寫您的邀請碼，都可獲得獎勵！（僅限3級及以下用戶）":"","您的邀請碼:":"","複制邀請碼":"","您已累計獲得":"","還可以獲得":"","當前可以領取":"","綁定時間":"","好友昵稱":"","完成新人禮":"","暫無綁定好友":"","綁定玩家：6人":"","完成新人禮：4人":"","充值時間":"","充值金幣":"","可獲得金幣":"","暫無綁定好友充值":"","賽事名稱：":"","今日20:00":"","比賽時間：":"","參賽人數：":"","初始籌碼：":"","重輸":"","刪除":"","讀取中":"","賬號":"","切換賬號":"","登錄":"","密碼":"","注冊":"","微信登錄":"","官方賬號":"","遊客登錄":"","外網登錄":"","內網遊客":"","內網登錄":"","已閱讀並同意用戶協議":"","用戶許可協議":"","抵制不良遊戲,拒絕盜版遊戲。注意自我保護,謹防受騙上當。適度遊戲益腦,沈迷遊戲傷身。合理安排時間,享受健康生活。":"","注冊賬號":"","您當前沒有郵件哦~":"","提示：每封郵件最多保留30天，請及時查收！ ":"","黃金月卡和白銀月卡可以同時激活哦~":"","第10名":"","本次比賽共":"","玩家報名":"","比賽已進行":"","25分鍾":"","你淘汰了":"","最高排名":"","首次充值6元，返現5元話費。實際只消耗一元！":"","充值6元領取":"","活動內容活動內容活動內容活動內容活動內容活動內容活動內容活動內容活動內容活動內容活動內容活動內容活動內容活動內容活動內容活動內容活動內容活動內容活動內容活動內容活動內容活動內容活動內容活動內容活動內容活動內容活動內容活動內容活動內容":"","10   皇家同花順":""," 9  同花順":""," 8  四條":""," 7  葫蘆":""," 6  同花":""," 5  順子":""," 4  三條":""," 3  兩對":""," 2  一對":""," 1  高牌":"","道具名稱:":"","道具說明:":"","獲得方式:":"","當前狀態:":"","收件人:":"","手機號:":"","地址:":"","快遞單號:":"","支付中，請稍等...":"","僅需6元":"","App Store 支付":"","微信支付":"","支付寶支付":"","房間ID":"","在玩人數":"","小/大盲":"","最小/最大買入":"","搜索房間":"","創建私人房":"","開始遊戲":"","兌換":"","兌換道具：":"","手機號碼：":"","QQ號碼：":"","帥":"","收件人：":"","吳中路":"","詳細地址：":"","您要兌換內容爲":"","暫無可領取獎品\\n參加錦標賽或者活動可贏取獎品":"","參加錦標賽":"","暫無已領取獎品":"","收件人":"","手機號碼":"","QQ號碼":"","郵箱地址":"","詳細地址":"","請務必認真填寫所有領獎信息，以便成功領取您的獎品。":"","保存":"","當前金幣：":"","保險箱金幣：":"","請選擇存入金額":"","存入":"","只有VIP才可使用保險箱，當您VIP過期後，將不可再使用存入功能。非VIP用戶請                                             注：保險箱存款最小操作單位爲1萬遊戲幣":"","續費VIP ":"","請選擇要取出的金額":"","輸入密碼":"","  注：保險箱取款最小操作單位爲1萬遊戲幣":"","取回密碼":"","取出":"","原密碼":"","再輸入一次":"","確認密碼":"","尊貴的VIP用戶，請先創建您的保險箱密碼，創建後才可使用保險箱功能。":"","創建密碼":"","您報名的比賽將于20秒後開始，是否立即進入比賽？":"","關閉":"","賬號設置":"","注銷":"","遊戲選項":"","音樂":"","音效":"","震動":"","自動播放語音":"","遊戲反饋":"","版本：":"","1.點擊右上角選擇按鈕":"","2.選擇分享朋友圈":"","立即分享":"","投注  ":"","獲得獎勵":"","用戶名六個字":"","未上榜":"","每周累計簽到到達指定天數，即可獲得相應獎勵":"","3天":"","5天":"","7天":"","金幣*3000":"","金幣*5000":"","鑽石*10":"","簽到領取":"","沒有失敗就沒有勝利，調整狀態再來一局吧！":"","您獲得獎勵":"","15.22萬":"","再來一局":"","留下觀看":"","您報名的坐滿即玩5000金幣場馬上就要開賽，是否立即進入？（8）":"","提示消息":"","橫幅提醒":"","領取獎勵":"","每日重置時間爲00:00":"","您正在進行中級場第1輪":"","距離下次領獎時間05:00":"","規則：坐下開始計時":"","編輯資料":"","個性簽名：":"","這個人很懶，什麽東西都沒有留下！":"","獲取金幣":"","獲取鑽石":"","刪除好友":"","申請好友":"","進入獎勵圈":"","開通年費，每日15點&gt;&gt;":"","在德州撲克初級場對局20場":"","獎勵：":"","1，活動內容活動內容活動內容":"","好友名字六字":"","前往":"","10元話費":"","120秒":"","開賽人數:18":"","3000萬":"","立即報名":"","等待開始":"","開啓報名":"","10元話費兌換券":"","用戶名字":"","啊啊啊：":"","內容內容內容：":"","快捷輸入文本內容":"","拒絕":"","接受":"","玩家昵稱六字":"","贈送給您188好友金幣":"","全紅":"","手牌非對子":"","玩家名字":"","999元話費兌換券":"","已兌換":"","六字六字六字":"","話費兌換":"","進入下限：":"","66.66萬":"","666.66萬":"","剩余:1天":"","購買後可激活30天，每天上線可領取":"","25000金幣":"","立刻享受300%超值返還！":"","25元":"","您可獲得Iphone7一台，顔色隨機。":"","物品已返還":"","可免費參與1次10元話費賽":"","擁有數量:":"","遊戲等級達到5級":"","進度：":"","用戶名稱":"","獲得10元話費":"","10元話費賽":"","默認":"","11111萬":"","第1天":"","金幣x1800":""}