{"file":"activity_happyGift-e4b13c309a.png","frames":{"happyGift_button_1_png":{"x":398,"y":453,"w":50,"h":50,"offX":0,"offY":0,"sourceW":50,"sourceH":50},"happyGift_button_2_png":{"x":346,"y":453,"w":50,"h":50,"offX":0,"offY":0,"sourceW":50,"sourceH":50},"happyGift_item_bg_png":{"x":434,"y":53,"w":54,"h":62,"offX":0,"offY":0,"sourceW":54,"sourceH":62},"happyGift_line_png":{"x":450,"y":499,"w":50,"h":1,"offX":0,"offY":0,"sourceW":50,"sourceH":1},"happyGift_paihang_bg_png":{"x":434,"y":1,"w":67,"h":50,"offX":0,"offY":0,"sourceW":67,"sourceH":50},"happyGift_wenzi_bg_png":{"x":450,"y":453,"w":45,"h":44,"offX":0,"offY":0,"sourceW":45,"sourceH":44},"item_201_png":{"x":111,"y":1,"w":108,"h":125,"offX":11,"offY":3,"sourceW":130,"sourceH":130},"item_202_png":{"x":1,"y":133,"w":104,"h":121,"offX":13,"offY":5,"sourceW":130,"sourceH":130},"item_203_png":{"x":329,"y":1,"w":103,"h":120,"offX":14,"offY":5,"sourceW":130,"sourceH":130},"item_204_png":{"x":371,"y":213,"w":116,"h":73,"offX":7,"offY":29,"sourceW":130,"sourceH":130},"item_205_png":{"x":1,"y":381,"w":55,"h":129,"offX":38,"offY":1,"sourceW":130,"sourceH":130},"item_206_png":{"x":216,"y":344,"w":126,"h":67,"offX":2,"offY":32,"sourceW":130,"sourceH":130},"item_207_png":{"x":1,"y":1,"w":108,"h":130,"offX":11,"offY":0,"sourceW":130,"sourceH":130},"item_208_png":{"x":88,"y":330,"w":116,"h":73,"offX":7,"offY":29,"sourceW":130,"sourceH":130},"item_209_png":{"x":88,"y":405,"w":126,"h":67,"offX":2,"offY":32,"sourceW":130,"sourceH":130},"item_210_png":{"x":111,"y":128,"w":128,"h":103,"offX":1,"offY":14,"sourceW":130,"sourceH":130},"item_211_png":{"x":216,"y":413,"w":128,"h":41,"offX":1,"offY":45,"sourceW":130,"sourceH":130},"item_212_png":{"x":347,"y":123,"w":130,"h":88,"offX":0,"offY":23,"sourceW":130,"sourceH":130},"item_213_png":{"x":221,"y":1,"w":106,"h":121,"offX":12,"offY":4,"sourceW":130,"sourceH":130},"item_214_png":{"x":241,"y":124,"w":104,"h":121,"offX":13,"offY":4,"sourceW":130,"sourceH":130},"item_215_png":{"x":371,"y":330,"w":97,"h":121,"offX":17,"offY":4,"sourceW":130,"sourceH":130},"item_216_png":{"x":1,"y":256,"w":85,"h":123,"offX":23,"offY":3,"sourceW":130,"sourceH":130},"item_217_png":{"x":107,"y":233,"w":130,"h":95,"offX":0,"offY":18,"sourceW":130,"sourceH":130},"item_218_png":{"x":239,"y":247,"w":130,"h":95,"offX":0,"offY":18,"sourceW":130,"sourceH":130}}}