{"file":"activity_laBa-1c84836131.png","frames":{"zhuan_bg_1_png":{"x":953,"y":1,"w":32,"h":253,"offX":0,"offY":0,"sourceW":32,"sourceH":253},"jiazhu_1_png":{"x":987,"y":1,"w":36,"h":24,"offX":0,"offY":0,"sourceW":36,"sourceH":24},"jiazhu_2_png":{"x":909,"y":142,"w":37,"h":25,"offX":0,"offY":0,"sourceW":37,"sourceH":25},"laBa_bg_png":{"x":1,"y":1,"w":674,"h":142,"offX":0,"offY":0,"sourceW":674,"sourceH":142},"laBa_biaoti_bg_png":{"x":1,"y":145,"w":335,"h":95,"offX":0,"offY":0,"sourceW":335,"sourceH":95},"laBa_item_0_png":{"x":706,"y":286,"w":58,"h":85,"offX":0,"offY":0,"sourceW":58,"sourceH":85},"laBa_item_1_png":{"x":813,"y":142,"w":94,"h":40,"offX":0,"offY":0,"sourceW":94,"sourceH":40},"laBa_item_2_png":{"x":236,"y":383,"w":76,"h":83,"offX":0,"offY":0,"sourceW":76,"sourceH":83},"laBa_item_3_png":{"x":624,"y":286,"w":80,"h":87,"offX":0,"offY":0,"sourceW":80,"sourceH":87},"laBa_item_4_png":{"x":164,"y":383,"w":70,"h":92,"offX":0,"offY":0,"sourceW":70,"sourceH":92},"laBa_item_5_png":{"x":314,"y":427,"w":72,"h":84,"offX":0,"offY":0,"sourceW":72,"sourceH":84},"laBa_item_6_png":{"x":80,"y":383,"w":82,"h":88,"offX":0,"offY":0,"sourceW":82,"sourceH":88},"laBa_item_7_png":{"x":760,"y":141,"w":51,"h":94,"offX":0,"offY":0,"sourceW":51,"sourceH":94},"laBa_line_png":{"x":314,"y":383,"w":14,"h":1,"offX":0,"offY":0,"sourceW":14,"sourceH":1},"laBa_line_1_png":{"x":236,"y":468,"w":39,"h":3,"offX":0,"offY":0,"sourceW":39,"sourceH":3},"laBa_paiming_1_png":{"x":550,"y":427,"w":45,"h":55,"offX":0,"offY":0,"sourceW":45,"sourceH":55},"laBa_paiming_2_png":{"x":624,"y":375,"w":41,"h":50,"offX":0,"offY":0,"sourceW":41,"sourceH":50},"laBa_paiming_3_png":{"x":813,"y":184,"w":41,"h":49,"offX":0,"offY":0,"sourceW":41,"sourceH":49},"laBa_quan_0_png":{"x":352,"y":286,"w":134,"h":139,"offX":0,"offY":0,"sourceW":134,"sourceH":139},"laBa_quan_1_png":{"x":488,"y":145,"w":134,"h":139,"offX":0,"offY":0,"sourceW":134,"sourceH":139},"laBa_quan_2_png":{"x":352,"y":145,"w":134,"h":139,"offX":0,"offY":0,"sourceW":134,"sourceH":139},"laBa_quan_3_png":{"x":216,"y":242,"w":134,"h":139,"offX":0,"offY":0,"sourceW":134,"sourceH":139},"laBa_quan_4_png":{"x":817,"y":1,"w":134,"h":139,"offX":0,"offY":0,"sourceW":134,"sourceH":139},"laBa_quan_5_png":{"x":80,"y":242,"w":134,"h":139,"offX":0,"offY":0,"sourceW":134,"sourceH":139},"laBa_quan_6_png":{"x":624,"y":145,"w":134,"h":139,"offX":0,"offY":0,"sourceW":134,"sourceH":139},"laBa_quan_7_png":{"x":488,"y":286,"w":134,"h":139,"offX":0,"offY":0,"sourceW":134,"sourceH":139},"laBa_quxiao_png":{"x":80,"y":473,"w":38,"h":38,"offX":0,"offY":0,"sourceW":38,"sourceH":38},"laBa_text_bg_png":{"x":677,"y":1,"w":138,"h":138,"offX":0,"offY":0,"sourceW":138,"sourceH":138},"laBa_xuanzhong_png":{"x":388,"y":491,"w":108,"h":4,"offX":0,"offY":0,"sourceW":108,"sourceH":4},"paiming_png":{"x":760,"y":237,"w":40,"h":39,"offX":0,"offY":0,"sourceW":40,"sourceH":39},"shijian_bg_png":{"x":388,"y":427,"w":79,"h":56,"offX":0,"offY":0,"sourceW":79,"sourceH":56},"shijian_bg_1_png":{"x":469,"y":427,"w":79,"h":56,"offX":0,"offY":0,"sourceW":79,"sourceH":56},"xuxian_png":{"x":388,"y":485,"w":564,"h":4,"offX":0,"offY":0,"sourceW":564,"sourceH":4},"zhuan_bg_png":{"x":1,"y":242,"w":77,"h":253,"offX":0,"offY":0,"sourceW":77,"sourceH":253}}}