{"file":"common_2-caf4a94748.png","frames":{"xiuxian_4_png":{"x":749,"y":147,"w":46,"h":47,"offX":0,"offY":0,"sourceW":46,"sourceH":47},"achieve_6_png":{"x":326,"y":638,"w":110,"h":81,"offX":6,"offY":21,"sourceW":122,"sourceH":122},"achieve_10_png":{"x":107,"y":638,"w":119,"h":81,"offX":2,"offY":21,"sourceW":122,"sourceH":122},"bg_pub_1_png":{"x":951,"y":124,"w":46,"h":45,"offX":0,"offY":0,"sourceW":46,"sourceH":45},"bg_pub_2_png":{"x":1,"y":620,"w":104,"h":104,"offX":0,"offY":0,"sourceW":104,"sourceH":104},"bg_sousuo_png":{"x":154,"y":721,"w":59,"h":94,"offX":0,"offY":0,"sourceW":59,"sourceH":94},"button_1_png":{"x":640,"y":147,"w":57,"h":42,"offX":0,"offY":0,"sourceW":57,"sourceH":42},"fenxiang_png":{"x":220,"y":808,"w":52,"h":52,"offX":0,"offY":0,"sourceW":52,"sourceH":52},"flush_1_png":{"x":797,"y":124,"w":42,"h":51,"offX":0,"offY":0,"sourceW":42,"sourceH":51},"flush_2_png":{"x":220,"y":965,"w":44,"h":46,"offX":0,"offY":0,"sourceW":44,"sourceH":46},"flush_3_png":{"x":438,"y":741,"w":39,"h":49,"offX":0,"offY":0,"sourceW":39,"sourceH":49},"flush_4_png":{"x":904,"y":124,"w":45,"h":47,"offX":0,"offY":0,"sourceW":45,"sourceH":47},"game_bg_7_png":{"x":841,"y":124,"w":61,"h":35,"offX":0,"offY":0,"sourceW":61,"sourceH":35},"game_bg_qz_png":{"x":326,"y":721,"w":110,"h":42,"offX":0,"offY":0,"sourceW":110,"sourceH":42},"game_bg2_png":{"x":561,"y":727,"w":38,"h":33,"offX":0,"offY":0,"sourceW":38,"sourceH":33},"game_cjsrf_png":{"x":574,"y":180,"w":47,"h":42,"offX":0,"offY":0,"sourceW":47,"sourceH":42},"game_icon_1_png":{"x":423,"y":765,"w":13,"h":13,"offX":0,"offY":0,"sourceW":13,"sourceH":13},"game_jiantou_png":{"x":533,"y":91,"w":36,"h":22,"offX":0,"offY":0,"sourceW":36,"sourceH":22},"game_srmm_png":{"x":220,"y":862,"w":50,"h":50,"offX":0,"offY":0,"sourceW":50,"sourceH":50},"icon_sousuo_png":{"x":376,"y":765,"w":45,"h":45,"offX":0,"offY":0,"sourceW":45,"sourceH":45},"infor_xiala_png":{"x":508,"y":208,"w":38,"h":32,"offX":0,"offY":0,"sourceW":38,"sourceH":32},"jbs_bg1_png":{"x":1,"y":494,"w":124,"h":124,"offX":0,"offY":0,"sourceW":124,"sourceH":124},"jbs_bg3_png":{"x":646,"y":638,"w":30,"h":64,"offX":0,"offY":0,"sourceW":30,"sourceH":64},"jbs_icon1_png":{"x":841,"y":161,"w":33,"h":18,"offX":0,"offY":0,"sourceW":33,"sourceH":18},"jbs_icon2_png":{"x":646,"y":704,"w":33,"h":18,"offX":0,"offY":0,"sourceW":33,"sourceH":18},"jianpan_1_png":{"x":533,"y":1,"w":127,"h":88,"offX":0,"offY":0,"sourceW":127,"sourceH":88},"jianpan_2_png":{"x":301,"y":1,"w":230,"h":116,"offX":0,"offY":0,"sourceW":230,"sourceH":116},"jiazhu_bg_png":{"x":1,"y":972,"w":63,"h":50,"offX":0,"offY":0,"sourceW":63,"sourceH":50},"jindutiao_1_png":{"x":876,"y":161,"w":26,"h":18,"offX":0,"offY":0,"sourceW":26,"sourceH":18},"kuohao_png":{"x":640,"y":124,"w":153,"h":21,"offX":0,"offY":0,"sourceW":153,"sourceH":21},"lb_1_png":{"x":395,"y":452,"w":25,"h":3,"offX":0,"offY":0,"sourceW":25,"sourceH":3},"lb_2_png":{"x":640,"y":91,"w":18,"h":23,"offX":0,"offY":0,"sourceW":18,"sourceH":23},"lb_tx_png":{"x":640,"y":116,"w":6,"h":6,"offX":0,"offY":0,"sourceW":6,"sourceH":6},"ld_3_png":{"x":637,"y":196,"w":160,"h":5,"offX":40,"offY":0,"sourceW":240,"sourceH":5},"ld_4_png":{"x":287,"y":736,"w":31,"h":68,"offX":0,"offY":0,"sourceW":31,"sourceH":68},"line_png":{"x":388,"y":239,"w":18,"h":1,"offX":0,"offY":0,"sourceW":18,"sourceH":1},"mall_bg_1_png":{"x":273,"y":944,"w":18,"h":19,"offX":0,"offY":0,"sourceW":18,"sourceH":19},"mall_bg_3_png":{"x":320,"y":765,"w":54,"h":38,"offX":0,"offY":0,"sourceW":54,"sourceH":38},"n_game_3_png":{"x":228,"y":638,"w":96,"h":96,"offX":0,"offY":0,"sourceW":96,"sourceH":96},"pai_1_11_png":{"x":395,"y":363,"w":64,"h":87,"offX":0,"offY":0,"sourceW":64,"sourceH":87},"pai_1_12_png":{"x":88,"y":815,"w":64,"h":87,"offX":0,"offY":0,"sourceW":64,"sourceH":87},"pai_1_13_png":{"x":88,"y":904,"w":64,"h":86,"offX":0,"offY":0,"sourceW":64,"sourceH":86},"pai_2_11_png":{"x":88,"y":726,"w":64,"h":87,"offX":0,"offY":0,"sourceW":64,"sourceH":87},"pai_2_12_png":{"x":461,"y":363,"w":64,"h":86,"offX":0,"offY":0,"sourceW":64,"sourceH":86},"pai_2_13_png":{"x":154,"y":905,"w":64,"h":86,"offX":0,"offY":0,"sourceW":64,"sourceH":86},"pai_3_11_png":{"x":574,"y":91,"w":64,"h":87,"offX":0,"offY":0,"sourceW":64,"sourceH":87},"pai_3_12_png":{"x":508,"y":119,"w":64,"h":87,"offX":0,"offY":0,"sourceW":64,"sourceH":87},"pai_3_13_png":{"x":154,"y":817,"w":64,"h":86,"offX":0,"offY":0,"sourceW":64,"sourceH":86},"pai_4_11_png":{"x":473,"y":242,"w":64,"h":87,"offX":0,"offY":0,"sourceW":64,"sourceH":87},"pai_4_12_png":{"x":580,"y":638,"w":64,"h":87,"offX":0,"offY":0,"sourceW":64,"sourceH":87},"pai_4_13_png":{"x":514,"y":638,"w":64,"h":87,"offX":0,"offY":0,"sourceW":64,"sourceH":87},"pai_bg_png":{"x":388,"y":242,"w":83,"h":119,"offX":0,"offY":0,"sourceW":83,"sourceH":119},"pai_bg1_png":{"x":438,"y":638,"w":74,"h":101,"offX":0,"offY":0,"sourceW":74,"sourceH":101},"pai_fang12_png":{"x":562,"y":515,"w":85,"h":121,"offX":0,"offY":0,"sourceW":85,"sourceH":121},"pai_hei_1_png":{"x":601,"y":727,"w":22,"h":32,"offX":0,"offY":0,"sourceW":22,"sourceH":32},"pai_hei_2_png":{"x":273,"y":910,"w":18,"h":32,"offX":0,"offY":0,"sourceW":18,"sourceH":32},"pai_hei_3_png":{"x":999,"y":124,"w":21,"h":32,"offX":0,"offY":0,"sourceW":21,"sourceH":32},"pai_hei_4_png":{"x":562,"y":276,"w":19,"h":32,"offX":0,"offY":0,"sourceW":19,"sourceH":32},"pai_hei_5_png":{"x":562,"y":242,"w":19,"h":32,"offX":0,"offY":0,"sourceW":19,"sourceH":32},"pai_hei_6_png":{"x":66,"y":972,"w":20,"h":32,"offX":0,"offY":0,"sourceW":20,"sourceH":32},"pai_hei_7_png":{"x":274,"y":842,"w":19,"h":32,"offX":0,"offY":0,"sourceW":19,"sourceH":32},"pai_hei_8_png":{"x":343,"y":805,"w":21,"h":32,"offX":0,"offY":0,"sourceW":21,"sourceH":32},"pai_hei_9_png":{"x":320,"y":805,"w":21,"h":32,"offX":0,"offY":0,"sourceW":21,"sourceH":32},"pai_hei_10_png":{"x":297,"y":806,"w":21,"h":32,"offX":0,"offY":0,"sourceW":21,"sourceH":32},"pai_hei_11_png":{"x":566,"y":762,"w":20,"h":32,"offX":0,"offY":0,"sourceW":20,"sourceH":32},"pai_hei_12_png":{"x":266,"y":965,"w":19,"h":32,"offX":0,"offY":0,"sourceW":19,"sourceH":32},"pai_hei_13_png":{"x":274,"y":808,"w":21,"h":32,"offX":0,"offY":0,"sourceW":21,"sourceH":32},"pai_hei5_png":{"x":475,"y":515,"w":85,"h":121,"offX":0,"offY":0,"sourceW":85,"sourceH":121},"pai_hei6_png":{"x":388,"y":515,"w":85,"h":121,"offX":0,"offY":0,"sourceW":85,"sourceH":121},"pai_hei7_png":{"x":301,"y":515,"w":85,"h":121,"offX":0,"offY":0,"sourceW":85,"sourceH":121},"pai_hei8_png":{"x":214,"y":515,"w":85,"h":121,"offX":0,"offY":0,"sourceW":85,"sourceH":121},"pai_hei9_png":{"x":127,"y":515,"w":85,"h":121,"offX":0,"offY":0,"sourceW":85,"sourceH":121},"pai_hei10_png":{"x":421,"y":119,"w":85,"h":121,"offX":0,"offY":0,"sourceW":85,"sourceH":121},"pai_hei12_png":{"x":1,"y":849,"w":85,"h":121,"offX":0,"offY":0,"sourceW":85,"sourceH":121},"pai_hong_1_png":{"x":548,"y":208,"w":22,"h":32,"offX":0,"offY":0,"sourceW":22,"sourceH":32},"pai_hong_2_png":{"x":648,"y":724,"w":18,"h":32,"offX":0,"offY":0,"sourceW":18,"sourceH":32},"pai_hong_3_png":{"x":632,"y":761,"w":20,"h":32,"offX":0,"offY":0,"sourceW":20,"sourceH":32},"pai_hong_4_png":{"x":610,"y":761,"w":20,"h":32,"offX":0,"offY":0,"sourceW":20,"sourceH":32},"pai_hong_5_png":{"x":588,"y":762,"w":20,"h":32,"offX":0,"offY":0,"sourceW":20,"sourceH":32},"pai_hong_6_png":{"x":560,"y":310,"w":19,"h":32,"offX":0,"offY":0,"sourceW":19,"sourceH":32},"pai_hong_7_png":{"x":539,"y":310,"w":19,"h":32,"offX":0,"offY":0,"sourceW":19,"sourceH":32},"pai_hong_8_png":{"x":625,"y":727,"w":21,"h":32,"offX":0,"offY":0,"sourceW":21,"sourceH":32},"pai_hong_9_png":{"x":539,"y":276,"w":21,"h":32,"offX":0,"offY":0,"sourceW":21,"sourceH":32},"pai_hong_10_png":{"x":539,"y":242,"w":21,"h":32,"offX":0,"offY":0,"sourceW":21,"sourceH":32},"pai_hong_11_png":{"x":544,"y":762,"w":20,"h":32,"offX":0,"offY":0,"sourceW":20,"sourceH":32},"pai_hong_12_png":{"x":272,"y":876,"w":19,"h":32,"offX":0,"offY":0,"sourceW":19,"sourceH":32},"pai_hong_13_png":{"x":521,"y":762,"w":21,"h":32,"offX":0,"offY":0,"sourceW":21,"sourceH":32},"pai_hong1_png":{"x":1,"y":726,"w":85,"h":121,"offX":0,"offY":0,"sourceW":85,"sourceH":121},"pai_hong10_png":{"x":301,"y":239,"w":85,"h":121,"offX":0,"offY":0,"sourceW":85,"sourceH":121},"pai_hong11_png":{"x":923,"y":1,"w":85,"h":121,"offX":0,"offY":0,"sourceW":85,"sourceH":121},"pai_hong12_png":{"x":836,"y":1,"w":85,"h":121,"offX":0,"offY":0,"sourceW":85,"sourceH":121},"pai_hong13_png":{"x":749,"y":1,"w":85,"h":121,"offX":0,"offY":0,"sourceW":85,"sourceH":121},"pai_mei12_png":{"x":662,"y":1,"w":85,"h":121,"offX":0,"offY":0,"sourceW":85,"sourceH":121},"pub_bg_png":{"x":107,"y":620,"w":12,"h":12,"offX":0,"offY":0,"sourceW":12,"sourceH":12},"pub_bg_3_1_png":{"x":521,"y":727,"w":38,"h":33,"offX":0,"offY":0,"sourceW":38,"sourceH":33},"pub_bg1_png":{"x":699,"y":147,"w":48,"h":47,"offX":0,"offY":0,"sourceW":48,"sourceH":47},"pub_button_ts_png":{"x":220,"y":914,"w":51,"h":49,"offX":0,"offY":0,"sourceW":51,"sourceH":49},"qd_1_png":{"x":1,"y":457,"w":524,"h":35,"offX":0,"offY":0,"sourceW":524,"sourceH":35},"qd_2_png":{"x":127,"y":494,"w":508,"h":19,"offX":0,"offY":0,"sourceW":508,"sourceH":19},"quan_png":{"x":301,"y":363,"w":92,"h":92,"offX":0,"offY":0,"sourceW":92,"sourceH":92},"tjtx_sc_png":{"x":215,"y":736,"w":70,"h":70,"offX":0,"offY":0,"sourceW":70,"sourceH":70},"touxiang_2_png":{"x":301,"y":119,"w":118,"h":118,"offX":0,"offY":0,"sourceW":118,"sourceH":118},"tx_bg_png":{"x":473,"y":331,"w":30,"h":30,"offX":0,"offY":0,"sourceW":30,"sourceH":30},"weiwancheng_png":{"x":479,"y":741,"w":40,"h":40,"offX":0,"offY":0,"sourceW":40,"sourceH":40},"xiuxian_1_png":{"x":1,"y":229,"w":298,"h":226,"offX":0,"offY":0,"sourceW":298,"sourceH":226},"xiuxian_2_png":{"x":1,"y":1,"w":298,"h":226,"offX":0,"offY":0,"sourceW":298,"sourceH":226}}}