{"file":"common_1_2-8b7541592a.png","frames":{"yueka_bg_png":{"x":1,"y":214,"w":202,"h":243,"offX":0,"offY":0,"sourceW":202,"sourceH":243},"monthCard1_png":{"x":634,"y":1,"w":183,"h":107,"offX":0,"offY":0,"sourceW":183,"sourceH":107},"monthCard2_png":{"x":307,"y":214,"w":183,"h":107,"offX":0,"offY":0,"sourceW":183,"sourceH":107},"sc_bg_1_png":{"x":1,"y":459,"w":36,"h":45,"offX":0,"offY":0,"sourceW":36,"sourceH":45},"sc_bg_2_png":{"x":205,"y":214,"w":100,"h":243,"offX":0,"offY":0,"sourceW":100,"sourceH":243},"shou_yue_bg_png":{"x":1,"y":1,"w":631,"h":211,"offX":0,"offY":0,"sourceW":631,"sourceH":211}}}