{"file":"common_1_1-52e0c89169.png","frames":{"achieve_1_png":{"x":1774,"y":1469,"w":87,"h":88,"offX":18,"offY":17,"sourceW":122,"sourceH":122},"achieve_2_png":{"x":691,"y":1484,"w":70,"h":84,"offX":26,"offY":19,"sourceW":122,"sourceH":122},"achieve_4_png":{"x":974,"y":1619,"w":80,"h":77,"offX":21,"offY":23,"sourceW":122,"sourceH":122},"achieve_5_png":{"x":1869,"y":1360,"w":119,"h":80,"offX":2,"offY":21,"sourceW":122,"sourceH":122},"achieve_7_png":{"x":1265,"y":1576,"w":122,"h":76,"offX":0,"offY":23,"sourceW":122,"sourceH":122},"achieve_8_png":{"x":1389,"y":1517,"w":120,"h":76,"offX":1,"offY":23,"sourceW":122,"sourceH":122},"achieve_9_png":{"x":1621,"y":1505,"w":120,"h":76,"offX":1,"offY":23,"sourceW":122,"sourceH":122},"achieve_11_png":{"x":1265,"y":1498,"w":122,"h":76,"offX":0,"offY":23,"sourceW":122,"sourceH":122},"achieve_12_png":{"x":1422,"y":1439,"w":122,"h":76,"offX":0,"offY":25,"sourceW":122,"sourceH":122},"app_store_png":{"x":1990,"y":568,"w":55,"h":55,"offX":0,"offY":0,"sourceW":55,"sourceH":55},"b_png":{"x":621,"y":1101,"w":17,"h":28,"offX":0,"offY":0,"sourceW":17,"sourceH":28},"banding_bg_png":{"x":1579,"y":1745,"w":106,"h":43,"offX":0,"offY":0,"sourceW":106,"sourceH":43},"bd_shouji_png":{"x":861,"y":745,"w":25,"h":38,"offX":0,"offY":0,"sourceW":25,"sourceH":38},"bd_weixin_png":{"x":1863,"y":1593,"w":39,"h":34,"offX":0,"offY":0,"sourceW":39,"sourceH":34},"bg_1_png":{"x":1687,"y":1749,"w":86,"h":53,"offX":0,"offY":0,"sourceW":86,"sourceH":53},"bg_2_png":{"x":1073,"y":794,"w":86,"h":384,"offX":0,"offY":0,"sourceW":86,"sourceH":384},"bg_3_png":{"x":1762,"y":1629,"w":153,"h":31,"offX":0,"offY":0,"sourceW":153,"sourceH":31},"bg_4_png":{"x":580,"y":286,"w":720,"h":235,"offX":0,"offY":0,"sourceW":720,"sourceH":235},"bg_5_png":{"x":1,"y":1825,"w":407,"h":158,"offX":0,"offY":0,"sourceW":407,"sourceH":158},"bg_biaoti_png":{"x":1,"y":1725,"w":720,"h":98,"offX":0,"offY":0,"sourceW":720,"sourceH":98},"bg_hyyq_png":{"x":1869,"y":1442,"w":133,"h":62,"offX":0,"offY":0,"sourceW":133,"sourceH":62},"bg_jbbz_png":{"x":1302,"y":1,"w":632,"h":202,"offX":0,"offY":0,"sourceW":632,"sourceH":202},"bg_jinbin_png":{"x":591,"y":957,"w":142,"h":142,"offX":0,"offY":0,"sourceW":142,"sourceH":142},"br_button_10_png":{"x":1161,"y":861,"w":323,"h":74,"offX":0,"offY":0,"sourceW":323,"sourceH":74},"br_button_10_1_png":{"x":1161,"y":937,"w":323,"h":74,"offX":0,"offY":0,"sourceW":323,"sourceH":74},"brdz_png":{"x":861,"y":794,"w":210,"h":210,"offX":0,"offY":0,"sourceW":210,"sourceH":210},"brdz_1_png":{"x":773,"y":1183,"w":163,"h":159,"offX":0,"offY":0,"sourceW":163,"sourceH":159},"button_yueka_png":{"x":1788,"y":1718,"w":100,"h":42,"offX":0,"offY":0,"sourceW":100,"sourceH":42},"daoju_bg_png":{"x":1302,"y":369,"w":648,"h":156,"offX":0,"offY":0,"sourceW":648,"sourceH":156},"deng_png":{"x":1809,"y":1176,"w":27,"h":14,"offX":0,"offY":0,"sourceW":27,"sourceH":14},"dzpk_png":{"x":317,"y":857,"w":272,"h":272,"offX":0,"offY":0,"sourceW":272,"sourceH":272},"dzpk_1_png":{"x":1759,"y":747,"w":221,"h":163,"offX":0,"offY":0,"sourceW":221,"sourceH":163},"dzpk_2_png":{"x":1785,"y":527,"w":203,"h":218,"offX":0,"offY":0,"sourceW":203,"sourceH":218},"f_png":{"x":1291,"y":1386,"w":18,"h":26,"offX":0,"offY":0,"sourceW":18,"sourceH":26},"game_bg_1_png":{"x":1621,"y":1434,"w":151,"h":69,"offX":0,"offY":0,"sourceW":151,"sourceH":69},"game_bg_2_png":{"x":1448,"y":1198,"w":31,"h":23,"offX":0,"offY":0,"sourceW":31,"sourceH":23},"game_bg1_png":{"x":1878,"y":1662,"w":65,"h":44,"offX":0,"offY":0,"sourceW":65,"sourceH":44},"game_icon_png":{"x":1743,"y":1505,"w":26,"h":26,"offX":0,"offY":0,"sourceW":26,"sourceH":26},"game_icon_2_png":{"x":968,"y":1948,"w":13,"h":13,"offX":0,"offY":0,"sourceW":13,"sourceH":13},"game_icon_18_png":{"x":1054,"y":1386,"w":31,"h":31,"offX":0,"offY":0,"sourceW":31,"sourceH":31},"game_icon_19_png":{"x":591,"y":1101,"w":28,"h":28,"offX":0,"offY":0,"sourceW":28,"sourceH":28},"game_icon_20_png":{"x":410,"y":1955,"w":28,"h":28,"offX":0,"offY":0,"sourceW":28,"sourceH":28},"game_icon_21_png":{"x":440,"y":1955,"w":28,"h":28,"offX":0,"offY":0,"sourceW":28,"sourceH":28},"game_icon_22_png":{"x":1936,"y":170,"w":31,"h":25,"offX":0,"offY":0,"sourceW":31,"sourceH":25},"gold2_png":{"x":1044,"y":1729,"w":53,"h":47,"offX":0,"offY":0,"sourceW":53,"sourceH":47},"gold2_1_png":{"x":968,"y":1963,"w":53,"h":47,"offX":0,"offY":0,"sourceW":53,"sourceH":47},"gongxi_bg_png":{"x":735,"y":957,"w":118,"h":118,"offX":0,"offY":0,"sourceW":118,"sourceH":118},"gongxi_hdzs_png":{"x":1,"y":1,"w":577,"h":570,"offX":0,"offY":0,"sourceW":577,"sourceH":570},"guang_1_png":{"x":649,"y":523,"w":245,"h":220,"offX":0,"offY":0,"sourceW":245,"sourceH":220},"guang_2_png":{"x":1,"y":857,"w":314,"h":273,"offX":0,"offY":0,"sourceW":314,"sourceH":273},"hall_tx_1_png":{"x":1335,"y":1753,"w":58,"h":68,"offX":7,"offY":4,"sourceW":73,"sourceH":73},"hall_tx_2_png":{"x":1,"y":1132,"w":272,"h":275,"offX":0,"offY":2,"sourceW":272,"sourceH":278},"hall_tx_3_png":{"x":1291,"y":1423,"w":129,"h":73,"offX":0,"offY":0,"sourceW":129,"sourceH":73},"huodong_png":{"x":1484,"y":1595,"w":93,"h":94,"offX":0,"offY":0,"sourceW":93,"sourceH":94},"huoqujinbi_png":{"x":1579,"y":1635,"w":181,"h":42,"offX":0,"offY":0,"sourceW":181,"sourceH":42},"icon_1_png":{"x":1846,"y":1762,"w":68,"h":60,"offX":0,"offY":0,"sourceW":68,"sourceH":60},"icon_2_png":{"x":974,"y":1698,"w":68,"h":57,"offX":0,"offY":3,"sourceW":68,"sourceH":60},"icon_3_png":{"x":968,"y":1757,"w":67,"h":53,"offX":0,"offY":3,"sourceW":68,"sourceH":60},"icon_4_png":{"x":1525,"y":861,"w":22,"h":36,"offX":0,"offY":0,"sourceW":22,"sourceH":36},"icon_5_png":{"x":2001,"y":1646,"w":46,"h":47,"offX":0,"offY":0,"sourceW":46,"sourceH":47},"icon_6_png":{"x":1028,"y":1006,"w":42,"h":49,"offX":0,"offY":0,"sourceW":42,"sourceH":49},"icon_7_png":{"x":1054,"y":1335,"w":34,"h":49,"offX":0,"offY":0,"sourceW":34,"sourceH":49},"icon_bangding_png":{"x":1444,"y":1766,"w":47,"h":48,"offX":0,"offY":0,"sourceW":47,"sourceH":48},"icon_gengduo_png":{"x":1395,"y":1766,"w":47,"h":48,"offX":0,"offY":0,"sourceW":47,"sourceH":48},"icon_haoyou_png":{"x":1916,"y":1762,"w":52,"h":49,"offX":0,"offY":0,"sourceW":52,"sourceH":49},"icon_hytj_png":{"x":523,"y":1482,"w":79,"h":87,"offX":0,"offY":0,"sourceW":79,"sourceH":87},"icon_hyyq_png":{"x":1863,"y":1506,"w":83,"h":85,"offX":0,"offY":0,"sourceW":83,"sourceH":85},"icon_infor_png":{"x":1168,"y":1590,"w":19,"h":20,"offX":0,"offY":0,"sourceW":19,"sourceH":20},"icon_jia_png":{"x":2004,"y":1419,"w":43,"h":44,"offX":0,"offY":0,"sourceW":43,"sourceH":44},"icon_jinbi_png":{"x":1970,"y":1793,"w":47,"h":48,"offX":0,"offY":1,"sourceW":47,"sourceH":49},"icon_linqujinbi_png":{"x":275,"y":1183,"w":190,"h":180,"offX":0,"offY":0,"sourceW":190,"sourceH":180},"icon_renwu_png":{"x":1493,"y":1766,"w":44,"h":49,"offX":0,"offY":0,"sourceW":44,"sourceH":49},"icon_shangcheng_png":{"x":1945,"y":1646,"w":54,"h":50,"offX":0,"offY":0,"sourceW":54,"sourceH":50},"icon_zhuanshi_png":{"x":1023,"y":1963,"w":55,"h":44,"offX":0,"offY":1,"sourceW":56,"sourceH":45},"infor_jp_png":{"x":1990,"y":1360,"w":57,"h":57,"offX":0,"offY":0,"sourceW":57,"sourceH":57},"infor_pub_png":{"x":275,"y":1365,"w":162,"h":115,"offX":0,"offY":0,"sourceW":162,"sourceH":115},"infor_vip_png":{"x":1004,"y":1849,"w":59,"h":55,"offX":0,"offY":0,"sourceW":59,"sourceH":55},"infor_xb_png":{"x":1870,"y":1242,"w":63,"h":56,"offX":0,"offY":0,"sourceW":63,"sourceH":56},"item_3_png":{"x":604,"y":1484,"w":85,"h":80,"offX":8,"offY":12,"sourceW":100,"sourceH":100},"item_4_png":{"x":976,"y":1540,"w":86,"h":77,"offX":7,"offY":13,"sourceW":100,"sourceH":100},"item_104_png":{"x":870,"y":1722,"w":96,"h":60,"offX":0,"offY":0,"sourceW":96,"sourceH":60},"item_105_png":{"x":1335,"y":1691,"w":96,"h":60,"offX":0,"offY":0,"sourceW":96,"sourceH":60},"item_106_png":{"x":1237,"y":1716,"w":96,"h":60,"offX":0,"offY":0,"sourceW":96,"sourceH":60},"item_107_png":{"x":1139,"y":1715,"w":96,"h":60,"offX":0,"offY":0,"sourceW":96,"sourceH":60},"item_108_png":{"x":1237,"y":1654,"w":96,"h":60,"offX":0,"offY":0,"sourceW":96,"sourceH":60},"item_109_png":{"x":1139,"y":1653,"w":96,"h":60,"offX":0,"offY":0,"sourceW":96,"sourceH":60},"item_110_png":{"x":870,"y":1970,"w":96,"h":60,"offX":0,"offY":0,"sourceW":96,"sourceH":60},"item_111_png":{"x":870,"y":1908,"w":96,"h":60,"offX":0,"offY":0,"sourceW":96,"sourceH":60},"item_112_png":{"x":870,"y":1846,"w":96,"h":60,"offX":0,"offY":0,"sourceW":96,"sourceH":60},"item_113_png":{"x":870,"y":1784,"w":96,"h":60,"offX":0,"offY":0,"sourceW":96,"sourceH":60},"item_301_png":{"x":1762,"y":1559,"w":99,"h":68,"offX":0,"offY":0,"sourceW":99,"sourceH":68},"item_302_png":{"x":1687,"y":1679,"w":99,"h":68,"offX":0,"offY":0,"sourceW":99,"sourceH":68},"item_303_png":{"x":1948,"y":1576,"w":99,"h":68,"offX":0,"offY":0,"sourceW":99,"sourceH":68},"item_304_png":{"x":1948,"y":1506,"w":99,"h":68,"offX":0,"offY":0,"sourceW":99,"sourceH":68},"jbs_bg2_png":{"x":951,"y":1335,"w":101,"h":101,"offX":0,"offY":0,"sourceW":101,"sourceH":101},"jbs_jb_png":{"x":1076,"y":523,"w":178,"h":269,"offX":0,"offY":0,"sourceW":178,"sourceH":269},"jbs_jb_yin_png":{"x":896,"y":523,"w":178,"h":269,"offX":0,"offY":0,"sourceW":178,"sourceH":269},"jbzs_bg_png":{"x":709,"y":1955,"w":159,"h":92,"offX":0,"offY":0,"sourceW":159,"sourceH":92},"jindutiao_2_png":{"x":1952,"y":511,"w":23,"h":14,"offX":0,"offY":0,"sourceW":23,"sourceH":14},"jindutiao_3_png":{"x":1838,"y":1176,"w":23,"h":14,"offX":2,"offY":0,"sourceW":27,"sourceH":14},"jiubei_1_png":{"x":1982,"y":747,"w":64,"h":124,"offX":27,"offY":29,"sourceW":120,"sourceH":157},"jiubei_2_png":{"x":1798,"y":1192,"w":70,"h":152,"offX":27,"offY":3,"sourceW":120,"sourceH":157},"jiubei_3_png":{"x":1189,"y":1488,"w":74,"h":132,"offX":24,"offY":23,"sourceW":120,"sourceH":157},"jiubei_4_png":{"x":1952,"y":369,"w":84,"h":140,"offX":26,"offY":17,"sourceW":120,"sourceH":157},"jiubei_5_png":{"x":764,"y":1367,"w":78,"h":142,"offX":17,"offY":11,"sourceW":120,"sourceH":157},"jiubei_6_png":{"x":1546,"y":1439,"w":73,"h":125,"offX":23,"offY":26,"sourceW":120,"sourceH":157},"js_bg_png":{"x":410,"y":1825,"w":351,"h":128,"offX":0,"offY":0,"sourceW":351,"sourceH":128},"js_bg_1_png":{"x":1685,"y":1192,"w":111,"h":104,"offX":0,"offY":0,"sourceW":111,"sourceH":104},"lb_down_png":{"x":1759,"y":711,"w":22,"h":30,"offX":0,"offY":0,"sourceW":22,"sourceH":30},"lb_up_png":{"x":1335,"y":1654,"w":22,"h":30,"offX":0,"offY":0,"sourceW":22,"sourceH":30},"loading_png":{"x":1890,"y":1708,"w":52,"h":52,"offX":0,"offY":0,"sourceW":52,"sourceH":52},"lw_png":{"x":1990,"y":683,"w":50,"h":54,"offX":0,"offY":0,"sourceW":50,"sourceH":54},"m_png":{"x":1511,"y":1517,"w":26,"h":26,"offX":0,"offY":0,"sourceW":26,"sourceH":26},"mall_png":{"x":1256,"y":711,"w":291,"h":148,"offX":0,"offY":0,"sourceW":291,"sourceH":148},"mall_bg_1_2_png":{"x":968,"y":1812,"w":98,"h":35,"offX":0,"offY":0,"sourceW":98,"sourceH":35},"mall_bg_1_3_png":{"x":1,"y":1985,"w":706,"h":60,"offX":0,"offY":0,"sourceW":706,"sourceH":60},"mall_bg_2_png":{"x":580,"y":1,"w":720,"h":283,"offX":0,"offY":0,"sourceW":720,"sourceH":283},"mall_bg_9_png":{"x":1,"y":1409,"w":230,"h":314,"offX":0,"offY":0,"sourceW":230,"sourceH":314},"mall_bg_10_png":{"x":317,"y":1131,"w":720,"h":50,"offX":0,"offY":0,"sourceW":720,"sourceH":50},"mall_button_1_png":{"x":1870,"y":1300,"w":164,"h":58,"offX":0,"offY":0,"sourceW":164,"sourceH":58},"mall_button_2_png":{"x":1448,"y":1297,"w":171,"h":69,"offX":0,"offY":2,"sourceW":171,"sourceH":71},"mall_zs_1_png":{"x":1313,"y":1318,"w":124,"h":103,"offX":0,"offY":0,"sourceW":124,"sourceH":103},"mall_zs_2_png":{"x":1685,"y":1084,"w":122,"h":106,"offX":0,"offY":0,"sourceW":122,"sourceH":106},"mall_zs_3_png":{"x":1809,"y":1070,"w":124,"h":104,"offX":0,"offY":0,"sourceW":124,"sourceH":104},"mall_zs_4_png":{"x":1804,"y":965,"w":132,"h":103,"offX":0,"offY":0,"sourceW":132,"sourceH":103},"mall_zs_5_png":{"x":233,"y":1482,"w":154,"h":109,"offX":0,"offY":0,"sourceW":154,"sourceH":109},"mall_zs_6_png":{"x":604,"y":1367,"w":158,"h":115,"offX":0,"offY":0,"sourceW":158,"sourceH":115},"match_1_png":{"x":488,"y":1600,"w":111,"h":101,"offX":0,"offY":0,"sourceW":111,"sourceH":101},"match_2_png":{"x":389,"y":1482,"w":132,"h":116,"offX":0,"offY":0,"sourceW":132,"sourceH":116},"match_3_png":{"x":1313,"y":1198,"w":133,"h":118,"offX":0,"offY":0,"sourceW":133,"sourceH":118},"match_4_png":{"x":233,"y":1593,"w":134,"h":124,"offX":0,"offY":0,"sourceW":134,"sourceH":124},"match_5_png":{"x":439,"y":1367,"w":163,"h":113,"offX":0,"offY":0,"sourceW":163,"sourceH":113},"match_6_png":{"x":1313,"y":1084,"w":185,"h":112,"offX":0,"offY":0,"sourceW":185,"sourceH":112},"match_8_png":{"x":870,"y":1659,"w":102,"h":61,"offX":0,"offY":0,"sourceW":102,"sourceH":61},"match_9_png":{"x":870,"y":1596,"w":102,"h":61,"offX":0,"offY":0,"sourceW":102,"sourceH":61},"match_10_png":{"x":1064,"y":1590,"w":102,"h":61,"offX":0,"offY":0,"sourceW":102,"sourceH":61},"mrtx_png":{"x":1189,"y":1386,"w":100,"h":100,"offX":0,"offY":0,"sourceW":100,"sourceH":100},"mrtx_bm_png":{"x":1087,"y":1386,"w":100,"h":100,"offX":0,"offY":0,"sourceW":100,"sourceH":100},"mrtx_nan_png":{"x":985,"y":1438,"w":100,"h":100,"offX":0,"offY":0,"sourceW":100,"sourceH":100},"offline_png":{"x":1389,"y":1498,"w":14,"h":14,"offX":0,"offY":0,"sourceW":14,"sourceH":14},"online_png":{"x":1422,"y":1423,"w":14,"h":14,"offX":0,"offY":0,"sourceW":14,"sourceH":14},"paiming_1_png":{"x":275,"y":1132,"w":37,"h":37,"offX":0,"offY":0,"sourceW":37,"sourceH":37},"paiming_2_png":{"x":233,"y":1409,"w":37,"h":37,"offX":0,"offY":0,"sourceW":37,"sourceH":37},"paiming_3_png":{"x":1486,"y":861,"w":37,"h":37,"offX":0,"offY":0,"sourceW":37,"sourceH":37},"paomadeng_png":{"x":1579,"y":1583,"w":155,"h":50,"offX":0,"offY":0,"sourceW":155,"sourceH":50},"pub_a2_png":{"x":1671,"y":912,"w":299,"h":51,"offX":0,"offY":1,"sourceW":299,"sourceH":52},"pub_a3_png":{"x":735,"y":1077,"w":200,"h":51,"offX":0,"offY":1,"sourceW":200,"sourceH":52},"pub_a5_png":{"x":937,"y":1077,"w":122,"h":51,"offX":0,"offY":1,"sourceW":122,"sourceH":52},"pub_bg_4_png":{"x":1783,"y":1346,"w":84,"h":121,"offX":0,"offY":0,"sourceW":84,"sourceH":121},"pub_bg11_png":{"x":1936,"y":1,"w":100,"h":167,"offX":0,"offY":0,"sourceW":100,"sourceH":167},"pub_biankuang1_png":{"x":1090,"y":1180,"w":66,"h":54,"offX":0,"offY":0,"sourceW":66,"sourceH":54},"pub_biankuang2_png":{"x":1056,"y":1653,"w":81,"h":74,"offX":0,"offY":0,"sourceW":81,"sourceH":74},"pub_bt_1_png":{"x":591,"y":857,"w":47,"h":74,"offX":0,"offY":0,"sourceW":47,"sourceH":74},"pub_button_1_png":{"x":1990,"y":625,"w":51,"h":56,"offX":0,"offY":0,"sourceW":51,"sourceH":56},"pub_button_11_png":{"x":1621,"y":1298,"w":160,"h":66,"offX":0,"offY":0,"sourceW":160,"sourceH":66},"pub_button_11_1_png":{"x":1621,"y":1366,"w":160,"h":66,"offX":0,"offY":0,"sourceW":160,"sourceH":66},"pub_button_22_1_png":{"x":1090,"y":1311,"w":221,"h":73,"offX":0,"offY":0,"sourceW":221,"sourceH":73},"pub_button_33_png":{"x":855,"y":1006,"w":171,"h":69,"offX":0,"offY":1,"sourceW":171,"sourceH":71},"pub_button_44_png":{"x":1090,"y":1236,"w":221,"h":73,"offX":0,"offY":0,"sourceW":221,"sourceH":73},"pub_button_55_png":{"x":467,"y":1183,"w":304,"h":90,"offX":0,"offY":0,"sourceW":305,"sourceH":90},"pub_button_66_png":{"x":467,"y":1275,"w":304,"h":90,"offX":0,"offY":0,"sourceW":305,"sourceH":90},"pub_button_77_png":{"x":1256,"y":619,"w":527,"h":90,"offX":0,"offY":0,"sourceW":528,"sourceH":90},"pub_button_77_1_png":{"x":1256,"y":527,"w":527,"h":90,"offX":0,"offY":0,"sourceW":527,"sourceH":90},"pub_cancel_ts_png":{"x":1237,"y":1622,"w":26,"h":26,"offX":0,"offY":0,"sourceW":26,"sourceH":26},"pub_g2_png":{"x":1161,"y":1013,"w":337,"h":69,"offX":0,"offY":1,"sourceW":337,"sourceH":70},"pub_g3_png":{"x":1448,"y":1226,"w":225,"h":69,"offX":0,"offY":1,"sourceW":225,"sourceH":70},"pub_g4_png":{"x":1439,"y":1368,"w":170,"h":69,"offX":0,"offY":1,"sourceW":170,"sourceH":70},"pub_return_png":{"x":1982,"y":873,"w":63,"h":64,"offX":0,"offY":1,"sourceW":63,"sourceH":65},"qd_3_png":{"x":1945,"y":1698,"w":56,"h":43,"offX":0,"offY":0,"sourceW":56,"sourceH":43},"qd_duigou_png":{"x":2003,"y":1695,"w":41,"h":41,"offX":0,"offY":0,"sourceW":41,"sourceH":41},"qiandao_png":{"x":1389,"y":1595,"w":93,"h":94,"offX":0,"offY":0,"sourceW":93,"sourceH":94},"qianzhu_png":{"x":829,"y":1511,"w":13,"h":14,"offX":0,"offY":0,"sourceW":13,"sourceH":14},"safe_jd_png":{"x":1788,"y":1662,"w":88,"h":54,"offX":0,"offY":0,"sourceW":88,"sourceH":54},"sc_icon_png":{"x":763,"y":1511,"w":64,"h":77,"offX":0,"offY":0,"sourceW":64,"sourceH":77},"sc_light_png":{"x":844,"y":1344,"w":105,"h":105,"offX":0,"offY":0,"sourceW":105,"sourceH":105},"setting_bg_png":{"x":968,"y":1849,"w":34,"h":97,"offX":0,"offY":0,"sourceW":34,"sourceH":97},"setting_off_png":{"x":870,"y":1530,"w":104,"h":64,"offX":0,"offY":0,"sourceW":104,"sourceH":64},"setting_on_png":{"x":1579,"y":1679,"w":106,"h":64,"offX":0,"offY":0,"sourceW":106,"sourceH":64},"shandian_png":{"x":1783,"y":1298,"w":13,"h":18,"offX":0,"offY":0,"sourceW":13,"sourceH":18},"shirenfang_png":{"x":773,"y":1344,"w":15,"h":19,"offX":0,"offY":0,"sourceW":15,"sourceH":19},"shouji_png":{"x":1935,"y":1070,"w":112,"h":113,"offX":0,"offY":0,"sourceW":112,"sourceH":113},"ssc_png":{"x":649,"y":745,"w":210,"h":210,"offX":0,"offY":0,"sourceW":210,"sourceH":210},"ssc_1_png":{"x":1549,"y":711,"w":208,"h":188,"offX":0,"offY":0,"sourceW":208,"sourceH":188},"ssxx_sk_1_png":{"x":1,"y":573,"w":646,"h":140,"offX":0,"offY":0,"sourceW":646,"sourceH":140},"ssxx_sk_2_png":{"x":1,"y":715,"w":646,"h":140,"offX":0,"offY":0,"sourceW":646,"sourceH":140},"touxiang_1_png":{"x":369,"y":1600,"w":117,"h":117,"offX":0,"offY":0,"sourceW":117,"sourceH":117},"touxiang_4_png":{"x":1685,"y":965,"w":117,"h":117,"offX":0,"offY":0,"sourceW":117,"sourceH":117},"vip_1_png":{"x":1500,"y":1010,"w":183,"h":106,"offX":0,"offY":0,"sourceW":183,"sourceH":106},"vip_2_png":{"x":1500,"y":1118,"w":183,"h":106,"offX":0,"offY":0,"sourceW":183,"sourceH":106},"vip_3_png":{"x":1486,"y":901,"w":183,"h":107,"offX":0,"offY":0,"sourceW":183,"sourceH":107},"vip_bg_1_png":{"x":580,"y":523,"w":67,"h":45,"offX":0,"offY":0,"sourceW":67,"sourceH":45},"weixin_png":{"x":1935,"y":1185,"w":112,"h":113,"offX":0,"offY":0,"sourceW":112,"sourceH":113},"weixin_1_png":{"x":1004,"y":1906,"w":55,"h":55,"offX":0,"offY":0,"sourceW":55,"sourceH":55},"wenhao_png":{"x":1870,"y":1176,"w":63,"h":64,"offX":0,"offY":1,"sourceW":63,"sourceH":65},"win_1_png":{"x":1970,"y":1743,"w":48,"h":48,"offX":0,"offY":0,"sourceW":48,"sourceH":48},"xinshou_1_png":{"x":1506,"y":1691,"w":71,"h":73,"offX":0,"offY":0,"sourceW":71,"sourceH":73},"xinshou_2_png":{"x":1433,"y":1691,"w":71,"h":73,"offX":0,"offY":0,"sourceW":71,"sourceH":73},"xiuxian_3_png":{"x":844,"y":1451,"w":139,"h":77,"offX":0,"offY":0,"sourceW":139,"sourceH":77},"xiuxian_5_png":{"x":2019,"y":1793,"w":28,"h":41,"offX":0,"offY":0,"sourceW":28,"sourceH":41},"xttx_png":{"x":1087,"y":1488,"w":100,"h":100,"offX":0,"offY":0,"sourceW":100,"sourceH":100},"yj_moren_png":{"x":1161,"y":794,"w":80,"h":60,"offX":0,"offY":4,"sourceW":84,"sourceH":64},"youxiang_png":{"x":1938,"y":965,"w":93,"h":94,"offX":0,"offY":0,"sourceW":93,"sourceH":94},"zhifu_line_png":{"x":1938,"y":1061,"w":90,"h":2,"offX":0,"offY":0,"sourceW":90,"sourceH":2},"zhifubao_png":{"x":1990,"y":511,"w":55,"h":55,"offX":0,"offY":0,"sourceW":55,"sourceH":55},"zuanshi2_png":{"x":1775,"y":1762,"w":69,"h":61,"offX":0,"offY":0,"sourceW":69,"sourceH":61},"jinbi_ts_png":{"x":1302,"y":205,"w":720,"h":162,"offX":0,"offY":0,"sourceW":720,"sourceH":162},"activity_shl_png":{"x":1161,"y":1084,"w":150,"h":150,"offX":0,"offY":0,"sourceW":150,"sourceH":150},"activity_dz_png":{"x":938,"y":1183,"w":150,"h":150,"offX":0,"offY":0,"sourceW":150,"sourceH":150},"activity_bk_png":{"x":1916,"y":1813,"w":45,"h":45,"offX":0,"offY":0,"sourceW":45,"sourceH":45}}}