{"file":"gambling_1-5293134758.png","frames":{"js_3_png":{"x":297,"y":287,"w":58,"h":59,"offX":0,"offY":0,"sourceW":58,"sourceH":59},"js_4_png":{"x":104,"y":397,"w":58,"h":59,"offX":0,"offY":0,"sourceW":58,"sourceH":59},"js_5_png":{"x":231,"y":287,"w":64,"h":59,"offX":0,"offY":0,"sourceW":64,"sourceH":59},"js_6_png":{"x":955,"y":171,"w":68,"h":65,"offX":0,"offY":0,"sourceW":68,"sourceH":65},"n_game_1_24_png":{"x":929,"y":1,"w":90,"h":94,"offX":0,"offY":0,"sourceW":90,"sourceH":94},"n_game_7_png":{"x":474,"y":335,"w":30,"h":33,"offX":0,"offY":0,"sourceW":30,"sourceH":33},"n_game_8_png":{"x":858,"y":233,"w":95,"h":53,"offX":0,"offY":0,"sourceW":95,"sourceH":53},"n_game_10_png":{"x":761,"y":238,"w":95,"h":53,"offX":0,"offY":0,"sourceW":95,"sourceH":53},"n_game_12_png":{"x":858,"y":178,"w":95,"h":53,"offX":0,"offY":0,"sourceW":95,"sourceH":53},"n_game_14_png":{"x":761,"y":183,"w":95,"h":53,"offX":0,"offY":0,"sourceW":95,"sourceH":53},"n_game_16_png":{"x":858,"y":288,"w":95,"h":53,"offX":0,"offY":0,"sourceW":95,"sourceH":53},"n_game_23_png":{"x":1,"y":472,"w":58,"h":37,"offX":0,"offY":0,"sourceW":58,"sourceH":37},"n_game_27_png":{"x":446,"y":335,"w":26,"h":39,"offX":0,"offY":0,"sourceW":26,"sourceH":39},"pai_bg2_png":{"x":474,"y":184,"w":77,"h":107,"offX":3,"offY":5,"sourceW":83,"sourceH":119},"shoupai_png":{"x":955,"y":304,"w":56,"h":51,"offX":0,"offY":0,"sourceW":56,"sourceH":51},"xinshou_3_png":{"x":736,"y":262,"w":22,"h":22,"offX":0,"offY":0,"sourceW":22,"sourceH":22},"xinshou_4_png":{"x":1,"y":184,"w":166,"h":80,"offX":1,"offY":0,"sourceW":167,"sourceH":80},"xinshou_5_png":{"x":691,"y":184,"w":68,"h":76,"offX":0,"offY":0,"sourceW":68,"sourceH":76},"xinshou_6_png":{"x":226,"y":382,"w":28,"h":28,"offX":0,"offY":0,"sourceW":28,"sourceH":28},"all_png":{"x":327,"y":348,"w":28,"h":11,"offX":0,"offY":0,"sourceW":28,"sourceH":11},"bg_liaotian_4_png":{"x":855,"y":104,"w":72,"h":72,"offX":0,"offY":0,"sourceW":72,"sourceH":72},"bg_liaotian_5_png":{"x":929,"y":97,"w":72,"h":72,"offX":0,"offY":0,"sourceW":72,"sourceH":72},"bg_liaotian_6_png":{"x":723,"y":104,"w":130,"h":77,"offX":0,"offY":0,"sourceW":130,"sourceH":77},"biaoqing_png":{"x":164,"y":472,"w":38,"h":38,"offX":0,"offY":0,"sourceW":38,"sourceH":38},"button_genzhu_png":{"x":169,"y":184,"w":101,"h":101,"offX":0,"offY":1,"sourceW":102,"sourceH":102},"button_genzhu_1_png":{"x":1,"y":369,"w":101,"h":101,"offX":0,"offY":1,"sourceW":102,"sourceH":102},"button_jiazhu_png":{"x":826,"y":1,"w":101,"h":101,"offX":0,"offY":1,"sourceW":102,"sourceH":102},"button_liangpai_png":{"x":1,"y":266,"w":101,"h":101,"offX":0,"offY":1,"sourceW":102,"sourceH":102},"button_qipai_png":{"x":723,"y":1,"w":101,"h":101,"offX":0,"offY":1,"sourceW":102,"sourceH":102},"button_qipai_1_png":{"x":272,"y":184,"w":101,"h":101,"offX":0,"offY":1,"sourceW":102,"sourceH":102},"chips_01_png":{"x":538,"y":364,"w":30,"h":26,"offX":0,"offY":0,"sourceW":30,"sourceH":26},"chips_02_png":{"x":506,"y":392,"w":30,"h":26,"offX":0,"offY":0,"sourceW":30,"sourceH":26},"chips_03_png":{"x":506,"y":364,"w":30,"h":26,"offX":0,"offY":0,"sourceW":30,"sourceH":26},"chips_04_png":{"x":474,"y":370,"w":30,"h":26,"offX":0,"offY":0,"sourceW":30,"sourceH":26},"chips_05_png":{"x":320,"y":376,"w":30,"h":26,"offX":0,"offY":0,"sourceW":30,"sourceH":26},"chips_06_png":{"x":290,"y":404,"w":30,"h":26,"offX":0,"offY":0,"sourceW":30,"sourceH":26},"chips_07_png":{"x":258,"y":404,"w":30,"h":26,"offX":0,"offY":0,"sourceW":30,"sourceH":26},"chips_08_png":{"x":288,"y":376,"w":30,"h":26,"offX":0,"offY":0,"sourceW":30,"sourceH":26},"chips_09_png":{"x":256,"y":376,"w":30,"h":26,"offX":0,"offY":0,"sourceW":30,"sourceH":26},"chips_10_png":{"x":295,"y":348,"w":30,"h":26,"offX":0,"offY":0,"sourceW":30,"sourceH":26},"chips_11_png":{"x":263,"y":348,"w":30,"h":26,"offX":0,"offY":0,"sourceW":30,"sourceH":26},"chips_12_png":{"x":231,"y":348,"w":30,"h":26,"offX":0,"offY":0,"sourceW":30,"sourceH":26},"chips_13_png":{"x":710,"y":307,"w":30,"h":26,"offX":0,"offY":0,"sourceW":30,"sourceH":26},"chips_14_png":{"x":678,"y":307,"w":30,"h":26,"offX":0,"offY":0,"sourceW":30,"sourceH":26},"chips_15_png":{"x":646,"y":307,"w":30,"h":26,"offX":0,"offY":0,"sourceW":30,"sourceH":26},"chips_16_png":{"x":538,"y":392,"w":30,"h":26,"offX":0,"offY":0,"sourceW":30,"sourceH":26},"chouma_ddks_png":{"x":164,"y":412,"w":52,"h":58,"offX":0,"offY":0,"sourceW":52,"sourceH":58},"game_bg_6_png":{"x":548,"y":339,"w":24,"h":23,"offX":0,"offY":0,"sourceW":24,"sourceH":23},"game_bg_touying_png":{"x":456,"y":293,"w":54,"h":40,"offX":0,"offY":0,"sourceW":54,"sourceH":40},"game_cd_png":{"x":104,"y":266,"w":63,"h":64,"offX":0,"offY":1,"sourceW":63,"sourceH":65},"game_icon_12_png":{"x":506,"y":339,"w":40,"h":23,"offX":0,"offY":0,"sourceW":40,"sourceH":23},"game_icon_13_png":{"x":218,"y":457,"w":39,"h":40,"offX":0,"offY":0,"sourceW":39,"sourceH":40},"game_icon_14_png":{"x":407,"y":333,"w":37,"h":31,"offX":0,"offY":0,"sourceW":37,"sourceH":31},"game_icon_15_png":{"x":61,"y":472,"w":41,"h":31,"offX":0,"offY":0,"sourceW":41,"sourceH":31},"game_icon_16_png":{"x":357,"y":340,"w":39,"h":40,"offX":0,"offY":0,"sourceW":39,"sourceH":40},"game_icon_17_png":{"x":603,"y":292,"w":41,"h":42,"offX":0,"offY":0,"sourceW":41,"sourceH":42},"game_icon_23_png":{"x":218,"y":412,"w":38,"h":43,"offX":0,"offY":0,"sourceW":38,"sourceH":43},"game_lt_png":{"x":104,"y":458,"w":58,"h":53,"offX":0,"offY":0,"sourceW":58,"sourceH":53},"game_rw_png":{"x":357,"y":287,"w":48,"h":51,"offX":0,"offY":0,"sourceW":48,"sourceH":51},"game_sc_png":{"x":955,"y":238,"w":63,"h":64,"offX":0,"offY":1,"sourceW":63,"sourceH":65},"game_tc_png":{"x":1,"y":1,"w":720,"h":181,"offX":0,"offY":0,"sourceW":720,"sourceH":181},"game_vip_png":{"x":398,"y":366,"w":45,"h":18,"offX":0,"offY":0,"sourceW":45,"sourceH":18},"game_zdmr_png":{"x":512,"y":293,"w":44,"h":44,"offX":0,"offY":0,"sourceW":44,"sourceH":44},"game_zuoxia_jt_png":{"x":407,"y":283,"w":47,"h":48,"offX":0,"offY":0,"sourceW":47,"sourceH":48},"game_zuoxia_zh_png":{"x":104,"y":332,"w":63,"h":63,"offX":0,"offY":0,"sourceW":63,"sourceH":63},"gaoliang_ddks_png":{"x":204,"y":472,"w":12,"h":13,"offX":0,"offY":0,"sourceW":12,"sourceH":13},"icon_zgcg_png":{"x":553,"y":237,"w":114,"h":53,"offX":0,"offY":0,"sourceW":114,"sourceH":53},"jc_1_png":{"x":375,"y":184,"w":97,"h":97,"offX":0,"offY":0,"sourceW":97,"sourceH":97},"jc_5_png":{"x":553,"y":184,"w":136,"h":51,"offX":0,"offY":1,"sourceW":136,"sourceH":52},"jishi_png":{"x":169,"y":352,"w":55,"h":58,"offX":0,"offY":0,"sourceW":55,"sourceH":58},"js_1_png":{"x":558,"y":292,"w":43,"h":43,"offX":0,"offY":0,"sourceW":43,"sourceH":43},"js_2_png":{"x":669,"y":262,"w":65,"h":43,"offX":0,"offY":0,"sourceW":65,"sourceH":43},"game_huigu_png":{"x":169,"y":287,"w":60,"h":63,"offX":0,"offY":0,"sourceW":60,"sourceH":63}}}