{"file":"gambling_2-e5c4f2630a.png","frames":{"n_game_26_png":{"x":1,"y":305,"w":90,"h":90,"offX":0,"offY":0,"sourceW":90,"sourceH":90},"allin_png":{"x":1,"y":489,"w":71,"h":17,"offX":0,"offY":0,"sourceW":71,"sourceH":17},"bg_jishi_png":{"x":91,"y":463,"w":36,"h":36,"offX":0,"offY":0,"sourceW":36,"sourceH":36},"bg_liaotian_1_png":{"x":210,"y":1,"w":33,"h":68,"offX":0,"offY":0,"sourceW":33,"sourceH":68},"bg_liaotian_2_png":{"x":210,"y":115,"w":16,"h":98,"offX":0,"offY":0,"sourceW":16,"sourceH":98},"bg_liaotian_3_png":{"x":245,"y":1,"w":6,"h":1,"offX":0,"offY":0,"sourceW":6,"sourceH":1},"dongjia_png":{"x":210,"y":251,"w":32,"h":32,"offX":0,"offY":0,"sourceW":32,"sourceH":32},"fasong_png":{"x":210,"y":215,"w":34,"h":34,"offX":0,"offY":0,"sourceW":34,"sourceH":34},"game_bg_9_png":{"x":143,"y":363,"w":11,"h":4,"offX":0,"offY":0,"sourceW":11,"sourceH":4},"game_bg_15_png":{"x":143,"y":315,"w":30,"h":46,"offX":0,"offY":0,"sourceW":30,"sourceH":46},"game_bg_16_png":{"x":93,"y":212,"w":74,"h":101,"offX":0,"offY":0,"sourceW":74,"sourceH":101},"game_bg10_png":{"x":93,"y":315,"w":48,"h":62,"offX":0,"offY":0,"sourceW":48,"sourceH":62},"game_dc_png":{"x":1,"y":397,"w":88,"h":90,"offX":0,"offY":0,"sourceW":88,"sourceH":90},"game_hsbj_png":{"x":210,"y":285,"w":35,"h":26,"offX":0,"offY":0,"sourceW":35,"sourceH":26},"game_line_png":{"x":197,"y":1,"w":11,"h":362,"offX":0,"offY":0,"sourceW":11,"sourceH":362},"jc_2_png":{"x":210,"y":71,"w":42,"h":42,"offX":0,"offY":0,"sourceW":42,"sourceH":42},"jc_3_png":{"x":91,"y":419,"w":42,"h":42,"offX":0,"offY":0,"sourceW":42,"sourceH":42},"jc_4_png":{"x":93,"y":379,"w":53,"h":38,"offX":0,"offY":0,"sourceW":53,"sourceH":38},"kuaijie_png":{"x":228,"y":115,"w":21,"h":37,"offX":0,"offY":0,"sourceW":21,"sourceH":37},"n_game_2_png":{"x":99,"y":91,"w":90,"h":90,"offX":0,"offY":0,"sourceW":90,"sourceH":90},"n_game_4_png":{"x":1,"y":1,"w":96,"h":111,"offX":0,"offY":0,"sourceW":96,"sourceH":111},"n_game_6_png":{"x":99,"y":1,"w":96,"h":88,"offX":0,"offY":0,"sourceW":96,"sourceH":88},"n_game_19_png":{"x":153,"y":183,"w":38,"h":26,"offX":0,"offY":0,"sourceW":38,"sourceH":26},"n_game_20_png":{"x":210,"y":313,"w":34,"h":26,"offX":0,"offY":0,"sourceW":34,"sourceH":26},"n_game_20_1_png":{"x":135,"y":419,"w":34,"h":26,"offX":0,"offY":0,"sourceW":34,"sourceH":26},"n_game_20_2_png":{"x":210,"y":341,"w":34,"h":26,"offX":0,"offY":0,"sourceW":34,"sourceH":26},"n_game_21_png":{"x":1,"y":212,"w":90,"h":91,"offX":0,"offY":0,"sourceW":90,"sourceH":91},"n_game_22_png":{"x":1,"y":114,"w":96,"h":96,"offX":0,"offY":0,"sourceW":96,"sourceH":96},"n_game_24_png":{"x":169,"y":211,"w":23,"h":28,"offX":0,"offY":0,"sourceW":23,"sourceH":28},"n_game_25_png":{"x":135,"y":447,"w":28,"h":28,"offX":0,"offY":0,"sourceW":28,"sourceH":28},"daxiaomang_png":{"x":99,"y":183,"w":52,"h":26,"offX":0,"offY":0,"sourceW":52,"sourceH":26}}}