{"file":"hundredwar_2-83b76b5370.png","frames":{"br_zoushi_2_png":{"x":92,"y":99,"w":1,"h":10,"offX":0,"offY":0,"sourceW":1,"sourceH":10},"br_bg_2_png":{"x":464,"y":48,"w":24,"h":17,"offX":0,"offY":0,"sourceW":24,"sourceH":17},"br_bg_3_png":{"x":1,"y":237,"w":24,"h":17,"offX":0,"offY":0,"sourceW":24,"sourceH":17},"br_bg_7_png":{"x":464,"y":1,"w":43,"h":23,"offX":0,"offY":0,"sourceW":43,"sourceH":23},"br_bg_8_png":{"x":289,"y":83,"w":57,"h":53,"offX":0,"offY":0,"sourceW":57,"sourceH":53},"br_bg_9_png":{"x":464,"y":26,"w":40,"h":20,"offX":0,"offY":0,"sourceW":40,"sourceH":20},"br_fk_png":{"x":198,"y":1,"w":89,"h":95,"offX":0,"offY":0,"sourceW":89,"sourceH":95},"br_fu_png":{"x":371,"y":41,"w":91,"h":38,"offX":0,"offY":0,"sourceW":91,"sourceH":38},"br_ht_png":{"x":99,"y":1,"w":97,"h":88,"offX":0,"offY":0,"sourceW":97,"sourceH":88},"br_hx_png":{"x":1,"y":99,"w":89,"h":96,"offX":0,"offY":0,"sourceW":89,"sourceH":96},"br_mh_png":{"x":1,"y":1,"w":96,"h":96,"offX":0,"offY":0,"sourceW":96,"sourceH":96},"br_pingju_png":{"x":1,"y":197,"w":91,"h":38,"offX":0,"offY":0,"sourceW":91,"sourceH":38},"br_sheng_png":{"x":371,"y":1,"w":91,"h":38,"offX":0,"offY":0,"sourceW":91,"sourceH":38},"br_wj_1_png":{"x":289,"y":1,"w":80,"h":80,"offX":0,"offY":0,"sourceW":80,"sourceH":80},"br_zoushi_1_png":{"x":348,"y":83,"w":17,"h":17,"offX":0,"offY":0,"sourceW":17,"sourceH":17}}}