{"file":"hundredwar_1-0f0654cd14.png","frames":{"br_bg_1_png":{"x":870,"y":89,"w":40,"h":48,"offX":0,"offY":0,"sourceW":40,"sourceH":48},"br_bg_4_png":{"x":963,"y":1,"w":49,"h":45,"offX":0,"offY":0,"sourceW":49,"sourceH":45},"br_bg_5_png":{"x":1,"y":455,"w":517,"h":72,"offX":0,"offY":0,"sourceW":517,"sourceH":72},"br_bg_6_png":{"x":1,"y":333,"w":646,"h":120,"offX":0,"offY":0,"sourceW":646,"sourceH":120},"br_button_1_png":{"x":912,"y":89,"w":31,"h":46,"offX":0,"offY":0,"sourceW":31,"sourceH":46},"br_button_2_png":{"x":611,"y":575,"w":61,"h":67,"offX":0,"offY":0,"sourceW":61,"sourceH":67},"br_button_3_png":{"x":135,"y":529,"w":112,"h":115,"offX":0,"offY":0,"sourceW":112,"sourceH":115},"br_button_4_png":{"x":1,"y":887,"w":106,"h":107,"offX":4,"offY":5,"sourceW":112,"sourceH":115},"br_button_5_png":{"x":711,"y":157,"w":106,"h":107,"offX":4,"offY":5,"sourceW":112,"sourceH":115},"br_button_6_png":{"x":1,"y":660,"w":112,"h":115,"offX":0,"offY":0,"sourceW":112,"sourceH":115},"br_button_7_png":{"x":357,"y":529,"w":106,"h":107,"offX":4,"offY":5,"sourceW":112,"sourceH":115},"br_button_8_png":{"x":249,"y":529,"w":106,"h":108,"offX":4,"offY":5,"sourceW":112,"sourceH":115},"br_button_9_png":{"x":520,"y":455,"w":123,"h":47,"offX":1,"offY":0,"sourceW":124,"sourceH":47},"br_button_11_png":{"x":1,"y":777,"w":106,"h":108,"offX":4,"offY":5,"sourceW":112,"sourceH":115},"br_button_12_png":{"x":603,"y":157,"w":106,"h":107,"offX":4,"offY":5,"sourceW":112,"sourceH":115},"br_button_guang_png":{"x":1,"y":529,"w":132,"h":129,"offX":0,"offY":0,"sourceW":132,"sourceH":129},"br_chouma_png":{"x":733,"y":266,"w":40,"h":40,"offX":0,"offY":0,"sourceW":40,"sourceH":40},"br_icon_1_png":{"x":775,"y":266,"w":35,"h":32,"offX":0,"offY":0,"sourceW":35,"sourceH":32},"br_icon_2_png":{"x":963,"y":48,"w":43,"h":31,"offX":0,"offY":0,"sourceW":43,"sourceH":31},"br_icon_3_png":{"x":819,"y":155,"w":22,"h":32,"offX":0,"offY":0,"sourceW":22,"sourceH":32},"br_icon_4_png":{"x":603,"y":266,"w":63,"h":64,"offX":0,"offY":1,"sourceW":63,"sourceH":65},"br_icon_5_png":{"x":805,"y":89,"w":63,"h":64,"offX":0,"offY":1,"sourceW":63,"sourceH":65},"br_jiangchi_png":{"x":668,"y":266,"w":63,"h":52,"offX":0,"offY":0,"sourceW":63,"sourceH":52},"br_zoushi_fk_png":{"x":541,"y":579,"w":68,"h":72,"offX":0,"offY":0,"sourceW":68,"sourceH":72},"br_zoushi_ht_png":{"x":541,"y":504,"w":68,"h":73,"offX":0,"offY":0,"sourceW":68,"sourceH":73},"br_zoushi_hx_png":{"x":465,"y":604,"w":74,"h":67,"offX":0,"offY":0,"sourceW":74,"sourceH":67},"br_zoushi_mh_png":{"x":465,"y":529,"w":74,"h":73,"offX":0,"offY":0,"sourceW":74,"sourceH":73},"tx_1_png":{"x":515,"y":89,"w":288,"h":66,"offX":0,"offY":0,"sourceW":288,"sourceH":66},"tx_2_png":{"x":611,"y":504,"w":70,"h":69,"offX":0,"offY":0,"sourceW":70,"sourceH":69},"br_shu_bg_png":{"x":515,"y":1,"w":446,"h":86,"offX":27,"offY":92,"sourceW":512,"sourceH":180},"br_ying_bg_png":{"x":1,"y":1,"w":512,"h":180,"offX":0,"offY":0,"sourceW":512,"sourceH":180},"br_bg_10_png":{"x":1,"y":183,"w":600,"h":148,"offX":3,"offY":3,"sourceW":606,"sourceH":154}}}