{"file":"login_2-ba23f4591b.png","frames":{"zuce_2_png":{"x":307,"y":1,"w":80,"h":78,"offX":0,"offY":0,"sourceW":80,"sourceH":78},"dl_bg_png":{"x":1,"y":96,"w":148,"h":87,"offX":0,"offY":0,"sourceW":148,"sourceH":87},"jiazai_3_png":{"x":1,"y":1,"w":304,"h":93,"offX":0,"offY":0,"sourceW":304,"sourceH":93},"login_bg_1_png":{"x":1,"y":235,"w":18,"h":18,"offX":0,"offY":0,"sourceW":18,"sourceH":18},"login_button_1_png":{"x":1,"y":185,"w":53,"h":48,"offX":0,"offY":0,"sourceW":53,"sourceH":48},"login_icon_1_png":{"x":307,"y":81,"w":12,"h":12,"offX":0,"offY":0,"sourceW":12,"sourceH":12},"login_icon_2_png":{"x":151,"y":96,"w":30,"h":35,"offX":0,"offY":0,"sourceW":30,"sourceH":35},"login_icon_3_png":{"x":151,"y":133,"w":27,"h":33,"offX":0,"offY":0,"sourceW":27,"sourceH":33},"login_icon_4_png":{"x":183,"y":96,"w":27,"h":29,"offX":0,"offY":0,"sourceW":27,"sourceH":29},"login_icon_5_png":{"x":56,"y":185,"w":28,"h":33,"offX":0,"offY":0,"sourceW":28,"sourceH":33},"login_icon_6_png":{"x":389,"y":1,"w":29,"h":35,"offX":0,"offY":0,"sourceW":29,"sourceH":35}}}