{"file":"login_1-54bdd6f078.png","frames":{"zuce_1_png":{"x":667,"y":76,"w":74,"h":78,"offX":0,"offY":0,"sourceW":74,"sourceH":78},"button_tj_png":{"x":529,"y":275,"w":68,"h":94,"offX":0,"offY":0,"sourceW":68,"sourceH":94},"button_yzm_png":{"x":599,"y":275,"w":44,"h":76,"offX":0,"offY":0,"sourceW":44,"sourceH":76},"cancel_png":{"x":743,"y":76,"w":58,"h":58,"offX":0,"offY":0,"sourceW":58,"sourceH":58},"dl_1_png":{"x":890,"y":1,"w":80,"h":78,"offX":0,"offY":0,"sourceW":80,"sourceH":78},"dl_2_png":{"x":433,"y":373,"w":76,"h":94,"offX":0,"offY":0,"sourceW":76,"sourceH":94},"jiazai_1_png":{"x":803,"y":76,"w":54,"h":51,"offX":21,"offY":27,"sourceW":94,"sourceH":101},"jiazai_2_png":{"x":433,"y":275,"w":94,"h":96,"offX":0,"offY":0,"sourceW":94,"sourceH":96},"login_button_2_png":{"x":1,"y":380,"w":430,"h":103,"offX":0,"offY":0,"sourceW":430,"sourceH":103},"login_button_3_png":{"x":1,"y":275,"w":430,"h":103,"offX":0,"offY":0,"sourceW":430,"sourceH":103},"pub_bg_ts_png":{"x":1,"y":145,"w":651,"h":128,"offX":0,"offY":0,"sourceW":651,"sourceH":128},"pub_bg2_png":{"x":1,"y":1,"w":664,"h":142,"offX":0,"offY":0,"sourceW":664,"sourceH":142},"pub_button_22_png":{"x":667,"y":1,"w":221,"h":73,"offX":0,"offY":0,"sourceW":221,"sourceH":73},"pub_lines_png":{"x":972,"y":1,"w":30,"h":27,"offX":0,"offY":0,"sourceW":30,"sourceH":27}}}