{"file":"text_2-ec641f3260.png","frames":{"achieve_num_0_png":{"x":987,"y":341,"w":29,"h":38,"offX":4,"offY":5,"sourceW":37,"sourceH":47},"achieve_num_1_png":{"x":527,"y":842,"w":20,"h":37,"offX":8,"offY":6,"sourceW":37,"sourceH":47},"achieve_num_2_png":{"x":467,"y":832,"w":28,"h":38,"offX":4,"offY":5,"sourceW":37,"sourceH":47},"achieve_num_3_png":{"x":437,"y":832,"w":28,"h":38,"offX":4,"offY":5,"sourceW":37,"sourceH":47},"achieve_num_4_png":{"x":183,"y":274,"w":30,"h":37,"offX":3,"offY":6,"sourceW":37,"sourceH":47},"achieve_num_5_png":{"x":497,"y":843,"w":28,"h":37,"offX":4,"offY":6,"sourceW":37,"sourceH":47},"achieve_num_6_png":{"x":987,"y":261,"w":29,"h":38,"offX":4,"offY":5,"sourceW":37,"sourceH":47},"achieve_num_7_png":{"x":527,"y":803,"w":27,"h":37,"offX":5,"offY":6,"sourceW":37,"sourceH":47},"achieve_num_8_png":{"x":987,"y":301,"w":29,"h":38,"offX":4,"offY":5,"sourceW":37,"sourceH":47},"achieve_num_9_png":{"x":497,"y":803,"w":28,"h":38,"offX":4,"offY":5,"sourceW":37,"sourceH":47},"activity_hd_png":{"x":517,"y":687,"w":109,"h":56,"offX":0,"offY":0,"sourceW":109,"sourceH":56},"bangding_png":{"x":739,"y":60,"w":81,"h":44,"offX":0,"offY":0,"sourceW":81,"sourceH":44},"bjzl_png":{"x":363,"y":616,"w":178,"h":69,"offX":0,"offY":0,"sourceW":178,"sourceH":69},"bmcg_png":{"x":182,"y":559,"w":179,"h":69,"offX":0,"offY":0,"sourceW":179,"sourceH":69},"br_brdz_png":{"x":513,"y":60,"w":224,"h":57,"offX":0,"offY":0,"sourceW":224,"sourceH":57},"br_bz_png":{"x":543,"y":616,"w":107,"h":69,"offX":0,"offY":0,"sourceW":107,"sourceH":69},"br_jcxx_png":{"x":363,"y":545,"w":179,"h":69,"offX":0,"offY":0,"sourceW":179,"sourceH":69},"br_px_1_png":{"x":1,"y":759,"w":132,"h":28,"offX":0,"offY":0,"sourceW":132,"sourceH":28},"br_px_2_png":{"x":545,"y":331,"w":78,"h":28,"offX":0,"offY":0,"sourceW":78,"sourceH":28},"br_px_3_png":{"x":135,"y":759,"w":78,"h":28,"offX":0,"offY":0,"sourceW":78,"sourceH":28},"br_px_4_png":{"x":713,"y":744,"w":53,"h":27,"offX":0,"offY":0,"sourceW":53,"sourceH":27},"br_px_5_png":{"x":713,"y":715,"w":53,"h":27,"offX":0,"offY":0,"sourceW":53,"sourceH":27},"br_px_6_png":{"x":215,"y":787,"w":53,"h":28,"offX":0,"offY":0,"sourceW":53,"sourceH":28},"br_px_7_png":{"x":337,"y":774,"w":53,"h":28,"offX":0,"offY":0,"sourceW":53,"sourceH":28},"br_px_8_png":{"x":278,"y":816,"w":51,"h":28,"offX":0,"offY":0,"sourceW":51,"sourceH":28},"br_px_9_png":{"x":384,"y":832,"w":51,"h":28,"offX":0,"offY":0,"sourceW":51,"sourceH":28},"br_px_10_png":{"x":504,"y":774,"w":54,"h":27,"offX":0,"offY":0,"sourceW":54,"sourceH":27},"br_px_11_png":{"x":448,"y":774,"w":54,"h":27,"offX":0,"offY":0,"sourceW":54,"sourceH":27},"br_px_12_png":{"x":168,"y":817,"w":53,"h":27,"offX":0,"offY":0,"sourceW":53,"sourceH":27},"br_px_13_png":{"x":392,"y":803,"w":53,"h":27,"offX":0,"offY":0,"sourceW":53,"sourceH":27},"br_px_14_png":{"x":621,"y":838,"w":53,"h":27,"offX":0,"offY":0,"sourceW":53,"sourceH":27},"br_px_15_png":{"x":621,"y":809,"w":53,"h":27,"offX":0,"offY":0,"sourceW":53,"sourceH":27},"br_px_16_png":{"x":392,"y":774,"w":54,"h":27,"offX":0,"offY":0,"sourceW":54,"sourceH":27},"br_px_17_png":{"x":270,"y":787,"w":54,"h":27,"offX":0,"offY":0,"sourceW":54,"sourceH":27},"br_px_18_png":{"x":223,"y":817,"w":53,"h":27,"offX":0,"offY":0,"sourceW":53,"sourceH":27},"br_px_19_png":{"x":111,"y":818,"w":53,"h":27,"offX":0,"offY":0,"sourceW":53,"sourceH":27},"br_px_20_png":{"x":545,"y":361,"w":78,"h":28,"offX":0,"offY":0,"sourceW":78,"sourceH":28},"br_px_21_png":{"x":1,"y":819,"w":53,"h":27,"offX":0,"offY":0,"sourceW":53,"sourceH":27},"br_px_22_png":{"x":1,"y":789,"w":53,"h":28,"offX":0,"offY":0,"sourceW":53,"sourceH":28},"br_px_23_png":{"x":331,"y":816,"w":51,"h":28,"offX":0,"offY":0,"sourceW":51,"sourceH":28},"br_px_24_png":{"x":112,"y":789,"w":54,"h":27,"offX":0,"offY":0,"sourceW":54,"sourceH":27},"br_px_25_png":{"x":56,"y":818,"w":53,"h":27,"offX":0,"offY":0,"sourceW":53,"sourceH":27},"br_px_26_png":{"x":621,"y":780,"w":53,"h":27,"offX":0,"offY":0,"sourceW":53,"sourceH":27},"br_px_27_png":{"x":56,"y":789,"w":54,"h":27,"offX":0,"offY":0,"sourceW":54,"sourceH":27},"br_px_28_png":{"x":621,"y":751,"w":53,"h":27,"offX":0,"offY":0,"sourceW":53,"sourceH":27},"br_sfzs_png":{"x":656,"y":119,"w":179,"h":70,"offX":0,"offY":0,"sourceW":179,"sourceH":70},"br_wzwj_png":{"x":544,"y":545,"w":178,"h":69,"offX":0,"offY":0,"sourceW":178,"sourceH":69},"br_zjlb_png":{"x":626,"y":262,"w":179,"h":69,"offX":0,"offY":0,"sourceW":179,"sourceH":69},"bsjs_png":{"x":868,"y":475,"w":152,"h":44,"offX":0,"offY":0,"sourceW":152,"sourceH":44},"chongzhi_png":{"x":440,"y":202,"w":223,"h":56,"offX":0,"offY":0,"sourceW":223,"sourceH":56},"cjjs_png":{"x":1,"y":274,"w":180,"h":70,"offX":0,"offY":0,"sourceW":180,"sourceH":70},"cjsrf_png":{"x":438,"y":131,"w":216,"h":69,"offX":0,"offY":0,"sourceW":216,"sourceH":69},"ddqr_png":{"x":182,"y":488,"w":179,"h":69,"offX":0,"offY":0,"sourceW":179,"sourceH":69},"dengdai_png":{"x":337,"y":745,"w":131,"h":27,"offX":0,"offY":0,"sourceW":131,"sourceH":27},"djxx_png":{"x":1,"y":488,"w":179,"h":69,"offX":0,"offY":0,"sourceW":179,"sourceH":69},"friend_hy_png":{"x":1,"y":701,"w":110,"h":56,"offX":0,"offY":0,"sourceW":110,"sourceH":56},"friend_hyzl_png":{"x":725,"y":404,"w":178,"h":69,"offX":0,"offY":0,"sourceW":178,"sourceH":69},"friend_yq_png":{"x":225,"y":701,"w":62,"h":32,"offX":0,"offY":0,"sourceW":62,"sourceH":32},"game_ddks_png":{"x":713,"y":687,"w":104,"h":26,"offX":0,"offY":0,"sourceW":104,"sourceH":26},"game_jbs_png":{"x":846,"y":202,"w":167,"h":57,"offX":0,"offY":0,"sourceW":167,"sourceH":57},"game_jc_png":{"x":724,"y":545,"w":178,"h":69,"offX":0,"offY":0,"sourceW":178,"sourceH":69},"game_jsjl_png":{"x":363,"y":474,"w":179,"h":69,"offX":0,"offY":0,"sourceW":179,"sourceH":69},"game_rw1_png":{"x":652,"y":616,"w":106,"h":69,"offX":0,"offY":0,"sourceW":106,"sourceH":69},"game_sy_2_png":{"x":1,"y":1,"w":291,"h":128,"offX":0,"offY":0,"sourceW":291,"sourceH":128},"game_wf_png":{"x":293,"y":687,"w":110,"h":56,"offX":0,"offY":0,"sourceW":110,"sourceH":56},"game_yxc_png":{"x":545,"y":404,"w":166,"h":56,"offX":0,"offY":0,"sourceW":166,"sourceH":56},"grxx_png":{"x":807,"y":333,"w":178,"h":69,"offX":0,"offY":0,"sourceW":178,"sourceH":69},"hdcw_png":{"x":1,"y":417,"w":179,"h":69,"offX":0,"offY":0,"sourceW":179,"sourceH":69},"hyyq_png":{"x":364,"y":403,"w":179,"h":69,"offX":0,"offY":0,"sourceW":179,"sourceH":69},"jbbz_png":{"x":445,"y":260,"w":179,"h":69,"offX":0,"offY":0,"sourceW":179,"sourceH":69},"jbssm_png":{"x":1,"y":202,"w":218,"h":70,"offX":0,"offY":0,"sourceW":218,"sourceH":70},"jj_png":{"x":868,"y":616,"w":105,"h":69,"offX":0,"offY":0,"sourceW":105,"sourceH":69},"lb_phb_png":{"x":1,"y":630,"w":144,"h":69,"offX":0,"offY":0,"sourceW":144,"sourceH":69},"mailbox_yx_png":{"x":760,"y":616,"w":106,"h":69,"offX":0,"offY":0,"sourceW":106,"sourceH":69},"maohao_png":{"x":384,"y":804,"w":5,"h":13,"offX":0,"offY":0,"sourceW":5,"sourceH":13},"mrqd_png":{"x":1,"y":559,"w":179,"h":69,"offX":0,"offY":0,"sourceW":179,"sourceH":69},"mryx_png":{"x":626,"y":333,"w":179,"h":69,"offX":0,"offY":0,"sourceW":179,"sourceH":69},"nfhy_png":{"x":904,"y":580,"w":105,"h":28,"offX":0,"offY":0,"sourceW":105,"sourceH":28},"nypc_png":{"x":837,"y":60,"w":179,"h":69,"offX":0,"offY":0,"sourceW":179,"sourceH":69},"pxjs_png":{"x":221,"y":273,"w":222,"h":57,"offX":0,"offY":0,"sourceW":222,"sourceH":57},"qhdwt_png":{"x":221,"y":202,"w":217,"h":69,"offX":0,"offY":0,"sourceW":217,"sourceH":69},"safe_bxx_png":{"x":147,"y":630,"w":144,"h":69,"offX":0,"offY":0,"sourceW":144,"sourceH":69},"safe_zhmm_png":{"x":182,"y":417,"w":179,"h":69,"offX":0,"offY":0,"sourceW":179,"sourceH":69},"saishi_png":{"x":904,"y":521,"w":110,"h":57,"offX":0,"offY":0,"sourceW":110,"sourceH":57},"setting_sz_png":{"x":113,"y":701,"w":110,"h":56,"offX":0,"offY":0,"sourceW":110,"sourceH":56},"srfmm_png":{"x":294,"y":60,"w":217,"h":69,"offX":0,"offY":0,"sourceW":217,"sourceH":69},"ssxx_png":{"x":665,"y":191,"w":179,"h":69,"offX":0,"offY":0,"sourceW":179,"sourceH":69},"task_rw_png":{"x":405,"y":687,"w":110,"h":56,"offX":0,"offY":0,"sourceW":110,"sourceH":56},"text_bangding_1_png":{"x":294,"y":1,"w":338,"h":57,"offX":0,"offY":0,"sourceW":338,"sourceH":57},"text_sjhg_png":{"x":1,"y":346,"w":180,"h":69,"offX":0,"offY":0,"sourceW":180,"sourceH":69},"text_zhifu_png":{"x":544,"y":474,"w":179,"h":69,"offX":0,"offY":0,"sourceW":179,"sourceH":69},"text_zuce_png":{"x":905,"y":404,"w":110,"h":57,"offX":0,"offY":0,"sourceW":110,"sourceH":57},"txt_lqjb_png":{"x":470,"y":745,"w":101,"h":27,"offX":0,"offY":0,"sourceW":101,"sourceH":27},"vip_png":{"x":628,"y":687,"w":83,"h":62,"offX":0,"offY":0,"sourceW":83,"sourceH":62},"wan_png":{"x":573,"y":745,"w":46,"h":44,"offX":2,"offY":2,"sourceW":49,"sourceH":47},"wdjp_png":{"x":364,"y":332,"w":179,"h":69,"offX":0,"offY":0,"sourceW":179,"sourceH":69},"xgnc_png":{"x":183,"y":332,"w":179,"h":70,"offX":0,"offY":0,"sourceW":179,"sourceH":70},"xly_png":{"x":725,"y":475,"w":141,"h":50,"offX":0,"offY":0,"sourceW":141,"sourceH":50},"xtts_png":{"x":846,"y":131,"w":177,"h":69,"offX":0,"offY":0,"sourceW":177,"sourceH":69},"xxwf_png":{"x":634,"y":1,"w":225,"h":57,"offX":0,"offY":0,"sourceW":225,"sourceH":57},"yi_png":{"x":293,"y":630,"w":47,"h":46,"offX":2,"offY":1,"sourceW":49,"sourceH":47},"yiqiandao_png":{"x":861,"y":1,"w":144,"h":51,"offX":0,"offY":0,"sourceW":144,"sourceH":51},"yiwancheng_png":{"x":225,"y":745,"w":110,"h":40,"offX":0,"offY":0,"sourceW":110,"sourceH":40},"yqhy_png":{"x":807,"y":262,"w":178,"h":69,"offX":0,"offY":0,"sourceW":178,"sourceH":69},"game_sy_1_png":{"x":1,"y":131,"w":435,"h":69,"offX":0,"offY":0,"sourceW":435,"sourceH":69}}}