{"file":"text_1-c6fbf1984c.png","frames":{"text_quanxia_png":{"x":341,"y":410,"w":52,"h":27,"offX":0,"offY":0,"sourceW":52,"sourceH":27},"text_sc_1_png":{"x":629,"y":380,"w":52,"h":28,"offX":0,"offY":0,"sourceW":52,"sourceH":28},"text_zuce_1_png":{"x":491,"y":281,"w":76,"h":39,"offX":0,"offY":0,"sourceW":76,"sourceH":39},"tijiao_png":{"x":413,"y":281,"w":76,"h":39,"offX":0,"offY":0,"sourceW":76,"sourceH":39},"top100_png":{"x":613,"y":187,"w":196,"h":45,"offX":0,"offY":0,"sourceW":196,"sourceH":45},"txt_bangding_png":{"x":263,"y":478,"w":42,"h":23,"offX":0,"offY":0,"sourceW":42,"sourceH":23},"txt_gengduo_png":{"x":264,"y":451,"w":45,"h":25,"offX":0,"offY":0,"sourceW":45,"sourceH":25},"txt_haoyou_png":{"x":546,"y":386,"w":46,"h":25,"offX":0,"offY":0,"sourceW":46,"sourceH":25},"txt_hdzx_png":{"x":626,"y":331,"w":83,"h":22,"offX":0,"offY":0,"sourceW":83,"sourceH":22},"txt_playway_png":{"x":852,"y":338,"w":42,"h":23,"offX":0,"offY":0,"sourceW":42,"sourceH":23},"txt_qdlq_png":{"x":546,"y":362,"w":81,"h":22,"offX":0,"offY":0,"sourceW":81,"sourceH":22},"txt_renwu_png":{"x":479,"y":414,"w":46,"h":25,"offX":0,"offY":0,"sourceW":46,"sourceH":25},"txt_shangcheng_png":{"x":479,"y":387,"w":46,"h":25,"offX":0,"offY":0,"sourceW":46,"sourceH":25},"txt_yx_png":{"x":940,"y":359,"w":42,"h":22,"offX":0,"offY":0,"sourceW":42,"sourceH":22},"wsls_png":{"x":157,"y":469,"w":104,"h":26,"offX":0,"offY":0,"sourceW":104,"sourceH":26},"wsxs_png":{"x":394,"y":322,"w":104,"h":27,"offX":0,"offY":0,"sourceW":104,"sourceH":27},"zidong_1_png":{"x":940,"y":281,"w":51,"h":46,"offX":0,"offY":0,"sourceW":51,"sourceH":46},"zidong_2_png":{"x":316,"y":362,"w":51,"h":46,"offX":0,"offY":0,"sourceW":51,"sourceH":46},"allin_a_png":{"x":852,"y":277,"w":43,"h":59,"offX":0,"offY":0,"sourceW":43,"sourceH":59},"allin_i_png":{"x":1001,"y":1,"w":22,"h":59,"offX":0,"offY":0,"sourceW":22,"sourceH":59},"allin_l_png":{"x":989,"y":97,"w":33,"h":59,"offX":0,"offY":0,"sourceW":33,"sourceH":59},"allin_n_png":{"x":897,"y":281,"w":41,"h":59,"offX":0,"offY":0,"sourceW":41,"sourceH":59},"br_0_png":{"x":364,"y":255,"w":47,"h":64,"offX":3,"offY":8,"sourceW":50,"sourceH":78},"br_1_png":{"x":311,"y":410,"w":28,"h":62,"offX":10,"offY":9,"sourceW":50,"sourceH":78},"br_2_png":{"x":500,"y":322,"w":44,"h":63,"offX":6,"offY":8,"sourceW":50,"sourceH":78},"br_3_png":{"x":216,"y":386,"w":46,"h":64,"offX":2,"offY":8,"sourceW":50,"sourceH":78},"br_4_png":{"x":215,"y":322,"w":50,"h":62,"offX":0,"offY":8,"sourceW":50,"sourceH":78},"br_5_png":{"x":314,"y":255,"w":48,"h":64,"offX":1,"offY":9,"sourceW":50,"sourceH":78},"br_6_png":{"x":264,"y":255,"w":48,"h":64,"offX":2,"offY":8,"sourceW":50,"sourceH":78},"br_7_png":{"x":264,"y":387,"w":45,"h":62,"offX":3,"offY":10,"sourceW":50,"sourceH":78},"br_8_png":{"x":166,"y":399,"w":48,"h":68,"offX":1,"offY":8,"sourceW":50,"sourceH":78},"br_9_png":{"x":267,"y":321,"w":47,"h":64,"offX":2,"offY":8,"sourceW":50,"sourceH":78},"br_10_png":{"x":879,"y":237,"w":21,"h":38,"offX":5,"offY":40,"sourceW":26,"sourceH":78},"br_baochi_png":{"x":300,"y":97,"w":367,"h":85,"offX":0,"offY":0,"sourceW":367,"sourceH":85},"br_s_png":{"x":216,"y":243,"w":46,"h":77,"offX":3,"offY":1,"sourceW":50,"sourceH":78},"djs_0_png":{"x":277,"y":145,"w":10,"h":15,"offX":0,"offY":0,"sourceW":10,"sourceH":15},"djs_1_png":{"x":1013,"y":62,"w":10,"h":15,"offX":0,"offY":0,"sourceW":10,"sourceH":15},"djs_2_png":{"x":216,"y":452,"w":11,"h":15,"offX":0,"offY":0,"sourceW":11,"sourceH":15},"djs_3_png":{"x":369,"y":362,"w":10,"h":15,"offX":0,"offY":0,"sourceW":10,"sourceH":15},"djs_4_png":{"x":242,"y":452,"w":11,"h":15,"offX":0,"offY":0,"sourceW":11,"sourceH":15},"djs_5_png":{"x":989,"y":158,"w":10,"h":15,"offX":0,"offY":0,"sourceW":10,"sourceH":15},"djs_6_png":{"x":289,"y":145,"w":9,"h":15,"offX":0,"offY":0,"sourceW":9,"sourceH":15},"djs_7_png":{"x":229,"y":452,"w":11,"h":15,"offX":0,"offY":0,"sourceW":11,"sourceH":15},"djs_8_png":{"x":993,"y":281,"w":10,"h":15,"offX":0,"offY":0,"sourceW":10,"sourceH":15},"djs_9_png":{"x":1001,"y":62,"w":10,"h":15,"offX":0,"offY":0,"sourceW":10,"sourceH":15},"hall_btdz_png":{"x":1,"y":243,"w":213,"h":77,"offX":0,"offY":0,"sourceW":213,"sourceH":78},"hall_dzpk_png":{"x":1,"y":145,"w":274,"h":96,"offX":0,"offY":0,"sourceW":274,"sourceH":96},"hall_ssc_png":{"x":1,"y":322,"w":212,"h":75,"offX":0,"offY":0,"sourceW":212,"sourceH":75},"jcpfl_png":{"x":421,"y":234,"w":202,"h":45,"offX":0,"offY":0,"sourceW":202,"sourceH":45},"jianjie_png":{"x":811,"y":187,"w":95,"h":48,"offX":0,"offY":0,"sourceW":95,"sourceH":48},"jrxly_png":{"x":720,"y":320,"w":130,"h":27,"offX":0,"offY":0,"sourceW":130,"sourceH":27},"jryx_png":{"x":394,"y":351,"w":104,"h":27,"offX":0,"offY":0,"sourceW":104,"sourceH":27},"kaishi_1_png":{"x":908,"y":187,"w":95,"h":45,"offX":0,"offY":0,"sourceW":95,"sourceH":45},"kaishi_2_png":{"x":908,"y":234,"w":95,"h":45,"offX":0,"offY":0,"sourceW":95,"sourceH":45},"laBa_text_1_png":{"x":277,"y":184,"w":142,"h":69,"offX":0,"offY":0,"sourceW":142,"sourceH":69},"laBa_text_2_png":{"x":1,"y":1,"w":297,"h":142,"offX":0,"offY":0,"sourceW":297,"sourceH":142},"laBa_text_3_png":{"x":300,"y":1,"w":423,"h":94,"offX":0,"offY":0,"sourceW":423,"sourceH":94},"laBa_text_4_png":{"x":1,"y":399,"w":163,"h":68,"offX":0,"offY":0,"sourceW":163,"sourceH":68},"paixing_png":{"x":421,"y":184,"w":190,"h":48,"offX":0,"offY":0,"sourceW":190,"sourceH":48},"tet_option_png":{"x":896,"y":342,"w":42,"h":23,"offX":0,"offY":0,"sourceW":42,"sourceH":23},"tet_safe_png":{"x":629,"y":355,"w":63,"h":23,"offX":0,"offY":0,"sourceW":63,"sourceH":23},"text_bangding_png":{"x":316,"y":321,"w":76,"h":39,"offX":0,"offY":0,"sourceW":76,"sourceH":39},"text_dl_png":{"x":801,"y":237,"w":76,"h":38,"offX":0,"offY":0,"sourceW":76,"sourceH":38},"text_genzhu_png":{"x":369,"y":380,"w":54,"h":26,"offX":0,"offY":0,"sourceW":54,"sourceH":26},"text_genzhu_1_png":{"x":569,"y":281,"w":54,"h":50,"offX":0,"offY":0,"sourceW":54,"sourceH":50},"text_guopai_png":{"x":425,"y":380,"w":52,"h":27,"offX":0,"offY":0,"sourceW":52,"sourceH":27},"text_jiazhu_png":{"x":341,"y":467,"w":53,"h":26,"offX":0,"offY":0,"sourceW":53,"sourceH":26},"text_liangpai_png":{"x":720,"y":234,"w":79,"h":52,"offX":0,"offY":0,"sourceW":79,"sourceH":52},"text_qipai_png":{"x":940,"y":329,"w":52,"h":28,"offX":0,"offY":0,"sourceW":52,"sourceH":28},"text_qipai_1_png":{"x":546,"y":333,"w":78,"h":27,"offX":0,"offY":0,"sourceW":78,"sourceH":27},"taotai_png":{"x":720,"y":288,"w":130,"h":30,"offX":0,"offY":0,"sourceW":130,"sourceH":30},"br_ying_png":{"x":625,"y":234,"w":93,"h":95,"offX":0,"offY":0,"sourceW":93,"sourceH":95},"br_shu_png":{"x":906,"y":1,"w":93,"h":94,"offX":0,"offY":0,"sourceW":93,"sourceH":94},"text_sc_png":{"x":669,"y":97,"w":318,"h":88,"offX":0,"offY":0,"sourceW":318,"sourceH":88},"text_yueka_png":{"x":725,"y":1,"w":179,"h":92,"offX":0,"offY":0,"sourceW":179,"sourceH":92},"text_queding_png":{"x":341,"y":439,"w":53,"h":26,"offX":0,"offY":0,"sourceW":53,"sourceH":26},"text_sc_2_png":{"x":1,"y":469,"w":154,"h":40,"offX":0,"offY":0,"sourceW":154,"sourceH":40}}}