[{"id":10,"subId":1,"group":1,"textDescription":"注册并登录游戏","type":5,"para1":1,"awardId":62001,"grade":1,"icon":"match_1"},{"id":10,"subId":2,"group":2,"textDescription":"下载手机APP","type":6,"para1":1,"para2":[1002,1003,2001],"awardId":62002,"grade":1,"icon":"match_1","tran":51},{"id":10,"subId":3,"group":3,"textDescription":"游戏等级达到3级","type":3,"para1":3,"awardId":62003,"grade":1,"icon":"item_4","tran":1},{"id":10,"subId":4,"group":4,"textDescription":"游戏等级达到5级","type":3,"para1":5,"awardId":62004,"grade":1,"icon":"item_4","tran":2},{"id":10,"subId":5,"group":5,"textDescription":"参与2次锦标赛","type":102,"para1":2,"awardId":62005,"grade":1,"icon":"match_1","tran":21},{"id":10,"subId":6,"group":6,"textDescription":"绑定邀请码额外获得","type":7,"para1":5,"para2":[1,2,3,4,5],"awardId":62006,"grade":1} ]