[{"id":3,"type":"signin","name":"签到奖励","clearType":2,"clearType2":2,"startTime":"2017,1,1,0,0,0","panelName":"SignInPanel","unInShowPanel":1,"trigger":"GameHallPanel,signBtn","triggerType":1},{"id":4,"type":"payPrize","name":"首充优惠","startTime":"2017,1,1,0,0,0","des":"额外赠送100000金币+100元话费赛门票","panelName":"FirstPayPanel","unInShowPanel":1,"subType":"firstPay","trigger":"GameHallPanel,firstpayBtn","triggerType":1},{"id":5,"type":"happyGift","name":"欢乐送豪礼","resGroup":"activity_happyGift","startTime":"2018,1,19,0,0,0","endTime":"2018,2,28,23,59,59","icon":"activity_shl","imgId":"activity_happyGift_bg_png","des":"玩牌就送IphoneX、2亿金币、Ipad Pro、话费等丰厚大奖","panelName":"HappyGiftPanel","triggerType":1},{"id":6,"type":"laBa","name":"德州转转转","resGroup":"activity_laBa","startTime":"2018,1,19,0,0,0","endTime":"2018,2,28,23,59,59","icon":"activity_dz","imgId":"activity_laBa_bg_png","des":"赢海量金币，超级大量，巨额奖励转不停","panelName":"ShimTaeYoonPanel","triggerType":1},{"id":7,"type":"bankruptSubsidy","name":"破产补助","clearType":1,"clearType2":1,"startTime":"2018,3,16,0,0,0","icon":"activity_pochan","des":"在您的金币小于1000后，可领取破产补助4000金币，每天仅限4次。","panelName":"BankruptSubsidyPanel","triggerType":1},{"id":8,"type":"bindChannel","name":"绑定大礼包","resGroup":"activity_bindChannel","startTime":"2018,3,16,0,0,0","panelName":"BindPhoneAwardPanel","unInShowPanel":1,"trigger":"GameHallPanel,bindPhoneAwardBtn","triggerType":1},{"id":10,"type":"pilePrize","name":"新人礼","resGroup":"activity_newGift","keepDayEnd":864000,"startTime":"2018,3,16,0,0,0","panelName":"NewGiftPanel","unInShowPanel":1,"subType":"newGift","trigger":"GameHallPanel,newGiftBtn","triggerType":1} ]