[{"id":1,"bundleId":"","pay":0,"owenr":"qin","url":""},{"id":1002,"bundleId":"org.istar9.i.xydp","pay":0,"owenr":"qin","url":"https://itunes.apple.com/us/app/%E8%87%B3%E5%B0%8A%E5%BE%B7%E5%B7%9E-%E5%A4%A9%E5%A4%A9%E7%AB%9E%E6%8A%80%E5%BE%B7%E5%B7%9E%E6%89%91%E5%85%8B/id1351672193?l=zh&ls=1&mt=8"},{"id":1003,"bundleId":"org.poker.i.dp1839","pay":0,"owenr":"qin","url":"https://itunes.apple.com/us/app/%E6%98%9F%E8%BF%90%E5%BE%B7%E5%B7%9E/id1357541730?l=zh&ls=1&mt=8"},{"id":2001,"bundleId":"org.istar9.a.xydp","pay":0,"owenr":"qin","url":"http://www.istar9.com/download/?type=android"}]