[{"id":200,"des":"成功"},{"id":201,"des":"网络异常，消息重置"},{"id":400,"des":"错误请求"},{"id":401,"des":"您输入的账号和密码错误，请重新输入！"},{"id":403,"des":"禁止"},{"id":406,"des":"账号或密码错误"},{"id":408,"des":"服务器维护中"},{"id":409,"des":"平台未开放"},{"id":410,"des":"只能在测试环境使用"},{"id":411,"des":"验证登陆失败，登陆已过期或者未登陆"},{"id":500,"des":"内部错误"},{"id":503,"des":"服务器达到上限,请选择其它服务器！"},{"id":1001,"des":"昵称长度不能大于6或小于2"},{"id":1002,"des":"请输入一个新昵称"},{"id":1005,"des":"该帐号已注册"},{"id":1102,"des":"用户名不存在"},{"id":1105,"des":"用户被禁用"},{"id":1008,"des":"角色已被封停"},{"id":1009,"des":"角色已被禁言"},{"id":1010,"des":"设备已被禁言"},{"id":1011,"des":"设备已被禁用"},{"id":1012,"des":"已绑定其他账号"},{"id":1107,"des":"昵称已被使用"},{"id":1109,"des":"昵称格式不对"},{"id":1291,"des":"金币不足"},{"id":1300,"des":"钻石不足"},{"id":1301,"des":"房间不存在"},{"id":1302,"des":"人数已满"},{"id":1303,"des":"没有胡牌"},{"id":1304,"des":"邀请码不存在"},{"id":3000,"des":"VIP才能操作"},{"id":3001,"des":"您的原密码不正确！"},{"id":3002,"des":"输入的格式不对"},{"id":3003,"des":"需要先设置保险箱密码"},{"id":3004,"des":"您输入的密码错误，请重新输入！"},{"id":1850,"des":"该用户已是您的好友！"},{"id":3005,"des":"位置已满"},{"id":3006,"des":"输入字符长度过长"},{"id":3007,"des":"收获时间未到"},{"id":3008,"des":"时间已过"},{"id":3009,"des":"您没有坐下，不能发送聊天消息"},{"id":3010,"des":"您已报名该锦标赛"},{"id":3011,"des":"领取时间未到"},{"id":2050,"des":"活动时间未到或已过期"},{"id":2051,"des":"活动要求未完成"},{"id":2052,"des":"活动奖励已领取"},{"id":2056,"des":"找不到子索引"},{"id":2057,"des":"不能超出限制"},{"id":3012,"des":"当前阶段不能重购或增购"},{"id":3013,"des":"赛事已结束"},{"id":3014,"des":"信息未填写"},{"id":3015,"des":"发送失败"},{"id":3016,"des":"太频繁"},{"id":3017,"des":"验证码错误"},{"id":3018,"des":"已下注不能离开"},{"id":3019,"des":"超出"}]