[{"id":1,"level":1,"exp":0,"title":"打杂"},{"id":2,"level":2,"exp":80,"title":"打杂"},{"id":3,"level":3,"exp":130,"title":"打杂"},{"id":4,"level":4,"exp":200,"title":"打杂"},{"id":5,"level":5,"exp":290,"title":"打杂"},{"id":6,"level":6,"exp":400,"title":"实习生"},{"id":7,"level":7,"exp":530,"title":"实习生"},{"id":8,"level":8,"exp":680,"title":"实习生"},{"id":9,"level":9,"exp":850,"title":"实习生"},{"id":10,"level":10,"exp":1040,"title":"实习生"},{"id":11,"level":11,"exp":1250,"title":"初级业务员"},{"id":12,"level":12,"exp":1480,"title":"初级业务员"},{"id":13,"level":13,"exp":1730,"title":"初级业务员"},{"id":14,"level":14,"exp":2000,"title":"初级业务员"},{"id":15,"level":15,"exp":2290,"title":"初级业务员"},{"id":16,"level":16,"exp":2600,"title":"中级业务员"},{"id":17,"level":17,"exp":2930,"title":"中级业务员"},{"id":18,"level":18,"exp":3280,"title":"中级业务员"},{"id":19,"level":19,"exp":3650,"title":"中级业务员"},{"id":20,"level":20,"exp":4040,"title":"中级业务员"},{"id":21,"level":21,"exp":4450,"title":"高级业务员"},{"id":22,"level":22,"exp":4880,"title":"高级业务员"},{"id":23,"level":23,"exp":5330,"title":"高级业务员"},{"id":24,"level":24,"exp":5800,"title":"高级业务员"},{"id":25,"level":25,"exp":6290,"title":"高级业务员"},{"id":26,"level":26,"exp":6800,"title":"副经理"},{"id":27,"level":27,"exp":7330,"title":"副经理"},{"id":28,"level":28,"exp":7880,"title":"副经理"},{"id":29,"level":29,"exp":8450,"title":"副经理"},{"id":30,"level":30,"exp":9040,"title":"副经理"},{"id":31,"level":31,"exp":9650,"title":"经理"},{"id":32,"level":32,"exp":10280,"title":"经理"},{"id":33,"level":33,"exp":10930,"title":"经理"},{"id":34,"level":34,"exp":11600,"title":"经理"},{"id":35,"level":35,"exp":12290,"title":"经理"},{"id":36,"level":36,"exp":13000,"title":"高级经理"},{"id":37,"level":37,"exp":13730,"title":"高级经理"},{"id":38,"level":38,"exp":14480,"title":"高级经理"},{"id":39,"level":39,"exp":15250,"title":"高级经理"},{"id":40,"level":40,"exp":16040,"title":"高级经理"},{"id":41,"level":41,"exp":16850,"title":"副总监"},{"id":42,"level":42,"exp":17680,"title":"副总监"},{"id":43,"level":43,"exp":18530,"title":"副总监"},{"id":44,"level":44,"exp":19400,"title":"副总监"},{"id":45,"level":45,"exp":20290,"title":"副总监"},{"id":46,"level":46,"exp":21200,"title":"总监"},{"id":47,"level":47,"exp":22130,"title":"总监"},{"id":48,"level":48,"exp":23080,"title":"总监"},{"id":49,"level":49,"exp":24050,"title":"总监"},{"id":50,"level":50,"exp":25040,"title":"总监"},{"id":51,"level":51,"exp":26050,"title":"高级总监"},{"id":52,"level":52,"exp":27080,"title":"高级总监"},{"id":53,"level":53,"exp":28130,"title":"高级总监"},{"id":54,"level":54,"exp":29200,"title":"高级总监"},{"id":55,"level":55,"exp":30290,"title":"高级总监"},{"id":56,"level":56,"exp":31400,"title":"资深总监"},{"id":57,"level":57,"exp":32530,"title":"资深总监"},{"id":58,"level":58,"exp":33680,"title":"资深总监"},{"id":59,"level":59,"exp":34850,"title":"资深总监"},{"id":60,"level":60,"exp":36040,"title":"资深总监"},{"id":61,"level":61,"exp":37250,"title":"副总经理"},{"id":62,"level":62,"exp":38480,"title":"副总经理"},{"id":63,"level":63,"exp":39730,"title":"副总经理"},{"id":64,"level":64,"exp":41000,"title":"副总经理"},{"id":65,"level":65,"exp":42290,"title":"副总经理"},{"id":66,"level":66,"exp":43600,"title":"总经理"},{"id":67,"level":67,"exp":44930,"title":"总经理"},{"id":68,"level":68,"exp":46280,"title":"总经理"},{"id":69,"level":69,"exp":47650,"title":"总经理"},{"id":70,"level":70,"exp":49040,"title":"总经理"},{"id":71,"level":71,"exp":50450,"title":"副总裁"},{"id":72,"level":72,"exp":51880,"title":"副总裁"},{"id":73,"level":73,"exp":53330,"title":"副总裁"},{"id":74,"level":74,"exp":54800,"title":"副总裁"},{"id":75,"level":75,"exp":56290,"title":"副总裁"},{"id":76,"level":76,"exp":57800,"title":"高级副总裁"},{"id":77,"level":77,"exp":59330,"title":"高级副总裁"},{"id":78,"level":78,"exp":60880,"title":"高级副总裁"},{"id":79,"level":79,"exp":62450,"title":"高级副总裁"},{"id":80,"level":80,"exp":64040,"title":"高级副总裁"},{"id":81,"level":81,"exp":65650,"title":"总裁"},{"id":82,"level":82,"exp":67280,"title":"总裁"},{"id":83,"level":83,"exp":68930,"title":"总裁"},{"id":84,"level":84,"exp":70600,"title":"总裁"},{"id":85,"level":85,"exp":72290,"title":"总裁"},{"id":86,"level":86,"exp":74000,"title":"副董事长"},{"id":87,"level":87,"exp":75730,"title":"副董事长"},{"id":88,"level":88,"exp":77480,"title":"副董事长"},{"id":89,"level":89,"exp":79250,"title":"副董事长"},{"id":90,"level":90,"exp":81040,"title":"副董事长"},{"id":91,"level":91,"exp":82850,"title":"董事长"},{"id":92,"level":92,"exp":84680,"title":"董事长"},{"id":93,"level":93,"exp":86530,"title":"董事长"},{"id":94,"level":94,"exp":88400,"title":"董事长"},{"id":95,"level":95,"exp":90290,"title":"董事长"},{"id":96,"level":96,"exp":92200,"title":"董事会主席"},{"id":97,"level":97,"exp":94130,"title":"董事会主席"},{"id":98,"level":98,"exp":96080,"title":"董事会主席"},{"id":99,"level":99,"exp":98050,"title":"董事会主席"},{"id":100,"level":100,"exp":100040,"title":"董事会主席"} ]