[{"id":1,"type":21,"iconName":"jiubei_1","buyAwardId":501,"sendAwardId":521},{"id":2,"type":21,"iconName":"jiubei_2","buyAwardId":502,"sendAwardId":522},{"id":3,"type":21,"iconName":"jiubei_3","buyAwardId":503,"sendAwardId":523},{"id":4,"type":21,"iconName":"jiubei_4","buyAwardId":504,"sendAwardId":524},{"id":5,"type":21,"iconName":"jiubei_5","buyAwardId":505,"sendAwardId":525},{"id":6,"type":22,"iconName":"xiaolaba_1","buyAwardId":506,"sendAwardId":526},{"id":7,"type":22,"iconName":"xiaolaba_2","buyAwardId":507,"sendAwardId":527},{"id":8,"type":41,"iconName":"vip_3","buyAwardId":508,"sendAwardId":528},{"id":9,"type":41,"iconName":"vip_2","buyAwardId":509,"sendAwardId":529},{"id":10,"type":41,"iconName":"vip_1","buyAwardId":510,"sendAwardId":530} ]