[{"id":1,"roomId":301,"buttonPos":3,"playerList":[{"roleId":1,"bankRoll":2000,"pos":1,"head":"","userInfo":{"name":"","roleId":1}},{"roleId":2,"bankRoll":2000,"pos":2,"head":"","userInfo":{"name":"艾伦","roleId":2,"sex":1}},{"roleId":3,"bankRoll":2000,"pos":3,"head":"","userInfo":{"name":"薇拉","roleId":3,"sex":2}}]},{"id":2,"roomId":302,"buttonPos":4,"playerList":[{"roleId":1,"bankRoll":10000,"pos":1,"head":"","userInfo":{"name":"","roleId":1}},{"roleId":2,"bankRoll":10000,"pos":2,"head":"","userInfo":{"name":"杰克","roleId":2,"sex":1,"vipLevel":1}},{"roleId":3,"bankRoll":10000,"pos":3,"head":"","userInfo":{"name":"薇拉","roleId":3,"sex":2,"vipLevel":1}},{"roleId":4,"bankRoll":10000,"pos":4,"head":"","userInfo":{"name":"艾伦","roleId":4,"sex":1,"vipLevel":1}},{"roleId":5,"bankRoll":10000,"pos":5,"head":"","userInfo":{"name":"汉娜","roleId":5,"sex":2,"vipLevel":1}},{"roleId":6,"bankRoll":10000,"pos":6,"head":"","userInfo":{"name":"凯文","roleId":6,"sex":1,"vipLevel":1}}]}]