[{"id":1,"title":"奖励测试1","content":"这是您获得的奖励{0}，请您查收！"},{"id":2,"title":"奖励测试2","content":"这是您获得的奖励{0}，请您查收！"},{"id":3,"title":"奖励测试3","content":"这是您获得的奖励{0}，请您查收！"},{"id":101,"title":"锦标赛奖励","content":"您在免费-10元话费赛中获得冠军，奖励{0}，请查收！"},{"id":111,"title":"锦标赛奖励","content":"您在30元话费争夺赛中获得冠军，奖励{0}，请查收！"},{"id":112,"title":"锦标赛奖励","content":"您在30元话费争夺赛中获得第2名，奖励{0}，请查收！"},{"id":121,"title":"锦标赛奖励","content":"您在100元话费争夺赛中获得冠军，奖励{0}，请查收！"},{"id":122,"title":"锦标赛奖励","content":"您在100元话费争夺赛中获得第2名，奖励{0}，请查收！"},{"id":123,"title":"锦标赛奖励","content":"您在100元话费争夺赛中获得第3名，奖励{0}，请查收！"},{"id":124,"title":"首充优惠奖励","content":"您好，这是您的首充优惠奖励，请注意查收！"},{"id":141,"title":"邀请奖励","content":"{0}(ID：{1})绑定了您的邀请码，获得奖励{2}金币，请查收！"} ]