{"领取失败":"領取失敗","暂未开放！":"暫未開放！","*手机号不能为空":"*手機號不能爲空","*手机号格式不正确":"*手機號格式不正確","*请填写手机验证码":"*請填寫手機驗證碼","获得":"獲得","该比赛报名已达最大人数，请选择其他比赛！":"該比賽報名已達最大人數，請選擇其他比賽！","该赛事因为报名人数不足已经取消。":"該賽事因爲報名人數不足已經取消。","该赛事已经结束。":"該賽事已經結束。","因为报名人数不足已经取消，您的所有报名费用/门票已经返还给您！":"因爲報名人數不足已經取消，您的所有報名費用/門票已經返還給您！","获取赛事信息异常":"獲取賽事信息異常","您报名的比赛将于3分钟后开始！":"您報名的比賽將于3分鍾後開始！","百人大战{0}爆出奖池{1}，快来一起参与吧！":"百人大戰{0}爆出獎池{1}，快來一起參與吧！","金币":"金幣","系统广播":"系統廣播","录音时间太短，请重试":"錄音時間太短，請重試","您已成功添加此好友。":"您已成功添加此好友。","您已拒绝此条好友申请。":"您已拒絕此條好友申請。","此用户名或者ID不存在":"此用戶名或者ID不存在","已向对方发送好友申请。":"已向對方發送好友申請。","该用户已是您的好友":"該用戶已是您的好友","您的好友数量已达到上限":"您的好友數量已達到上限","皇家同花顺":"皇家同花順","同花顺":"同花順","葫芦":"葫蘆","同花":"同花","三条":"三條","两对":"兩對","高牌":"高牌","本局重购次数已达上限":"本局重購次數已達上限","重购次数已达上限":"重購次數已達上限","拥有筹码小于或等于初始筹码时才能进行重购":"擁有籌碼小于或等于初始籌碼時才能進行重購","本局增购次数已达上限":"本局增購次數已達上限","增购次数已达上限":"增購次數已達上限","当前阶段无法重购":"當前階段無法重購","当前阶段无法增购":"當前階段無法增購","重购成功,{0}筹码将在下局增加":"重購成功,{0}籌碼將在下局增加","增购成功,{0}筹码将在下局增加":"增購成功,{0}籌碼將在下局增加","重购成功,筹码将在下局增加":"重購成功,籌碼將在下局增加","增购成功,筹码将在下局增加":"增購成功,籌碼將在下局增加","该比赛房间已经解散，请返回大厅！":"該比賽房間已經解散，請返回大廳！","弃牌":"棄牌","过牌":"過牌","跟注":"跟注","思考中":"思考中","等待":"等待","gamlbingmanager进入房间：reqEnterRoom":"gamlbingmanager進入房間：reqEnterRoom","已存在相同的牌":"已存在相同的牌","当前下注金币数已达庄家金币上限":"當前下注金幣數已達莊家金幣上限","您现在已上庄，请下庄后再退出房间！":"您現在已上莊，請下莊後再退出房間！","游戏正在进行中，您暂时不能退出房间，请等本局结束再操作。":"遊戲正在進行中，您暫時不能退出房間，請等本局結束再操作。","您的当前金币低于":"您的當前金幣低于","金币，已从庄家列表退出。":"金幣，已從莊家列表退出。","萌萌":"萌萌","牌局正在进行中，本局结束后自动下庄！":"牌局正在進行中，本局結束後自動下莊！","获取房间类型异常data：":"獲取房間類型異常data：","此邀请码不正确，请检查后重新输入":"此邀請碼不正確，請檢查後重新輸入","登录失败！":"登錄失敗！","个月VIP":"個月VIP","年费VIP":"年費VIP","您的手机账号绑定成功，请牢记您的账号和登录密码，如有遗忘，可通过“忘记密码”找回。":"您的手機賬號綁定成功，請牢記您的賬號和登錄密碼，如有遺忘，可通過“忘記密碼”找回。","绑定微信成功，可用绑定的微信登录！":"綁定微信成功，可用綁定的微信登錄！","您未安装微信，绑定失败。":"您未安裝微信，綁定失敗。","token不能为空，绑定失败!":"token不能爲空，綁定失敗!","没有配置包ID":"沒有配置包ID","安装包必须要配置包url":"安裝包必須要配置包url","这个方法不能被调用，请调用上面的dispatchNotifyByParams(string id)":"這個方法不能被調用，請調用上面的dispatchNotifyByParams(string id)","初级场":"初級場","中级场":"中級場","高级场":"高級場","奥马哈初级场":"奧馬哈初級場","奥马哈中级场":"奧馬哈中級場","奥马哈高级场":"奧馬哈高級場","奥马哈私人房":"奧馬哈私人房","公  告":"公  告","当前没有公告":"當前沒有公告","领奖信息保存成功":"領獎信息保存成功","物品不存在或数量不够":"物品不存在或數量不夠","您获得了":"您獲得了","冠":"冠","季":"季","存入成功":"存入成功","取出成功":"取出成功","您输入的密码错误，请重新输入！":"您輸入的密碼錯誤，請重新輸入！","您的原密码不正确！":"您的原密碼不正確！","登录token不能为空":"登錄token不能爲空","登录失败":"登錄失敗","版本错误":"版本錯誤","客户端版本与服务器版本不匹配，请更新再进游戏。":"客戶端版本與服務器版本不匹配，請更新再進遊戲。","登录验证已失效，请重新登录游戏！":"登錄驗證已失效，請重新登錄遊戲！","重新登录":"重新登錄","服务器信息为空！":"服務器信息爲空！","服务器正在维护中...":"服務器正在維護中...","正在加载场景资源.....":"正在加載場景資源.....","钻石数量不足，是否前往充值？":"鑽石數量不足，是否前往充值？","金币数量不足，是否前往充值？":"金幣數量不足，是否前往充值？","获取音效地址异常！":"獲取音效地址異常！","showBankRoll小于显示筹码：":"showBankRoll小于顯示籌碼：","showBankRoll显示筹码：":"showBankRoll顯示籌碼：","<font size=30 color=0xffffff>已报名{0}人，还需</font><font color=0xf9cb55 size=42>{1}</font><font size=30 color=0xffffff>人即可开赛</font>":"<font size=30 color=0xffffff>已報名{0}人，還需</font><font color=0xf9cb55 size=42>{1}</font><font size=30 color=0xffffff>人即可開賽</font>","发了一条语音，当前打开方式不支持语音功能":"發了一條語音，當前打開方式不支持語音功能","已弃牌":"已棄牌","在说话":"在說話","一局开始显示筹码：":"一局開始顯示籌碼：","刚坐下":"剛坐下","坐下显示筹码：":"坐下顯示籌碼：","在比牌！":"在比牌！","等待说话！":"等待說話！","等待下一局显示筹码：":"等待下一局顯示籌碼：","万亿":"萬億","亿":"億","已到最底部":"已到最底部","下拉以继续":"下拉以繼續","您输入的手机号错误，请重新输入！":"您輸入的手機號錯誤，請重新輸入！","您输入的验证码错误，请重新输入！":"您輸入的驗證碼錯誤，請重新輸入！","确定":"確定","取消":"取消","每日任务":"每日任務","每周任务":"每周任務","成长任务":"成長任務","欢迎回来 ":"歡迎回來 ","奖品兑换":"獎品兌換","兑换记录":"兌換記錄","您当前拥有的金币大于1000，暂时不可领取救助金！":"您當前擁有的金幣大于1000，暫時不可領取救助金！","已绑定":"已綁定","未绑定":"未綁定","注册手机账号":"注冊手機賬號","已有手机账号":"已有手機賬號","您的账号或密码为空，请重新输入！":"您的賬號或密碼爲空，請重新輸入！","已达最大买入！":"已達最大買入！","仅需":"僅需","剩余买入比赛次数:{0}":"剩余買入比賽次數:{0}","比赛筹码输光了,是否花费{0}金币重新购买{1}比赛筹码?":"比賽籌碼輸光了,是否花費{0}金幣重新購買{1}比賽籌碼?","是否花费{0}金币重新购买{1}比赛筹码?":"是否花費{0}金幣重新購買{1}比賽籌碼?","是否花费{0}金币增购{1}比赛筹码?":"是否花費{0}金幣增購{1}比賽籌碼?","比赛已结束":"比賽已結束","重购/增加购阶段已结束":"重購/增加購階段已結束","赛况":"賽況","排名":"排名","奖励":"獎勵","退赛成功，您的门票已返回账户":"退賽成功，您的門票已返回賬戶","退赛成功，报名费已返回账户":"退賽成功，報名費已返回賬戶","退赛成功":"退賽成功","比赛已经开启，不可退赛。":"比賽已經開啓，不可退賽。","提示：主动退赛仅退还报名费，服务费将不予退还。":"提示：主動退賽僅退還報名費，服務費將不予退還。","主动退赛将退还全部报名费、服务费或者门票，您是否进行退赛？":"主動退賽將退還全部報名費、服務費或者門票，您是否進行退賽？","免费":"免費","服务费 ":"服務費 ","门票1张":"門票1張","比赛时间:":"比賽時間:","（延迟报名":"（延遲報名","人":"人","开放时间:":"開放時間:","，坐满即开":"，坐滿即開","可重购比赛，次数：":"可重購比賽，次數：","次":"次","，第":"，第","个盲注级别前可用":"個盲注級別前可用","兑换":"兌換","比赛筹码":"比賽籌碼","可增购比赛，次数：":"可增購比賽，次數：","锦标赛":"錦標賽","坐满即玩":"坐滿即玩","我的比赛":"我的比賽","最近赛况":"最近賽況","进行中":"進行中","已结束":"已結束","我的门票":"我的門票","请输入一个新的昵称":"請輸入一個新的昵稱","修改成功":"修改成功","请在此输入小喇叭内容。":"請在此輸入小喇叭內容。","您还没有小喇叭，不可进行发送！":"您還沒有小喇叭，不可進行發送！","您今天发送小喇叭次数已用完，请明天再试！":"您今天發送小喇叭次數已用完，請明天再試！","男":"男","万":"萬","请先输入6位数的密码再创建房间！":"請先輸入6位數的密碼再創建房間！","您的金币不足":"您的金幣不足",",请补充金币或者选择较低场次。":",請補充金幣或者選擇較低場次。","请选择盲注级别！":"請選擇盲注級別！","审核中":"審核中","未通过":"未通過","好友":"好友","收到礼物":"收到禮物","好友请求":"好友請求","您未安装微信，分享失败。":"您未安裝微信，分享失敗。","一直听说你的牌技不错，快来和我较量较量。我已经在玩{0}，你不来吗？":"一直聽說你的牌技不錯，快來和我較量較量。我已經在玩{0}，你不來嗎？","未检测到麦克风设备或没有使用麦克风权限！":"未檢測到麥克風設備或沒有使用麥克風權限！","上一条音频数据上传中":"上一條音頻數據上傳中","只有入座后才可发送语音!":"只有入座後才可發送語音!","您报名的":"您報名的","您报名的比赛因为报名人数不足已经取消，您的所有报名费用/门票已经返还给您！":"您報名的比賽因爲報名人數不足已經取消，您的所有報名費用/門票已經返還給您！","状态变更：":"狀態變更：","全下":"全下","发牌出现异常!":"發牌出現異常!","比赛中途离开，系统将会帮您托管，您可在“我的比赛”重新进入比赛,是否确认离开？":"比賽中途離開，系統將會幫您托管，您可在“我的比賽”重新進入比賽,是否確認離開？","你是该房间的房主，你退出房间后该房间在所有玩家都离开后将被收回，您是否确定退出？":"你是該房間的房主，你退出房間後該房間在所有玩家都離開後將被收回，您是否確定退出？","下局盲注将增长至:":"下局盲注將增長至:",",前注:":",前注:","均码:":"均碼:","均码:---":"均碼:---","已达到最大盲注":"已達到最大盲注","下次涨盲:":"下次漲盲:","点：":"點：","赢":"贏","唯一编码：":"唯一編碼：","金币已达上限！":"金幣已達上限！","恭喜您进入奖励圈":"恭喜您進入獎勵圈","恭喜您进入比赛最终桌,继续加油哦":"恭喜您進入比賽最終桌,繼續加油哦","比赛进行{0}分钟,剩余比赛人数:{1}":"比賽進行{0}分鍾,剩余比賽人數:{1}","为了公平起见,已为您重新配桌":"爲了公平起見,已爲您重新配桌","牌局切换状态，移除对象显示失败：":"牌局切換狀態，移除對象顯示失敗：","玩法介绍":"玩法介紹","牌型介绍":"牌型介紹","功能键介绍":"功能鍵介紹","您完成了计时奖励第":"您完成了計時獎勵第","礼物":"禮物","道具":"道具","装饰品":"裝飾品","吉祥物":"吉祥物","奢侈品":"奢侈品","小喇叭":"小喇叭","购买VIP":"購買VIP","VIP介绍":"VIP介紹","赠送":"贈送","我的VIP":"我的VIP","TA的VIP":"TA的VIP","开通会员":"開通會員","续费会员":"續費會員","点":"點","赠送成功！":"贈送成功！","元":"元","购买":"購買","本周榜单":"本周榜單","开奖信息":"開獎信息","帮助":"幫助","购买一局":"購買一局","购买每局":"購買每局","请选择要买入项":"請選擇要買入項","您牌桌外的剩余金币不足。":"您牌桌外的剩余金幣不足。","您的牌型为":"您的牌型爲","您熟悉德州扑克吗？":"您熟悉德州撲克嗎？","是否进入训练营？":"是否進入訓練營？","可获得额外金币奖励":"可獲得額外金幣獎勵","礼品":"禮品","排行榜":"排行榜","使用记录":"使用記錄","活动帮助":"活動幫助","好友排行":"好友排行","您的欢乐券：":"您的歡樂券：","距离结束还有：":"距離結束還有：","活动已结束":"活動已結束","每次最多坐庄":"每次最多坐莊","轮比赛！":"輪比賽！","我要上庄":"我要上莊","上庄至少需要":"上莊至少需要","，无法上庄！":"，無法上莊！","系统提示":"系統提示","充值":"充值","玩法说明":"玩法說明","界面说明":"界面說明","奖池说明":"獎池說明","当前无座玩家共有":"當前無座玩家共有","恭喜，您赢取了":"恭喜，您贏取了","您输了":"您輸了","确定  ":"確定  ","您的金币不足，快去商城补充点金币吧！":"您的金幣不足，快去商城補充點金幣吧！","前往商城":"前往商城","游戏正在进行中，本局结束后将自动站起！":"遊戲正在進行中，本局結束後將自動站起！","  平局":"  平局","没有下注":"沒有下注","坐下需要金币大于":"坐下需要金幣大于","，您的余额不足！":"，您的余額不足！","请稍等":"請稍等","等待其他玩家下注...":"等待其他玩家下注...","开始下注...":"開始下注...","您当前不在房间中,无法邀请好友":"您當前不在房間中,無法邀請好友","您未选择要邀请的好友":"您未選擇要邀請的好友","好友邀请已发送":"好友邀請已發送","你的好友":"你的好友","现在邀请您一起游戏！":"現在邀請您一起遊戲！","现在邀请您一起进行":"現在邀請您一起進行","买入":"買入","已在房间内":"已在房間內","退出比赛后，比赛将进入托管状态，是否确认退出？":"退出比賽後，比賽將進入托管狀態，是否確認退出？","是否退出并解散当前房间,进入被邀请房间?":"是否退出並解散當前房間,進入被邀請房間?","邀请好友":"邀請好友","领取金豆":"領取金豆","领取金币":"領取金幣","绑定邀请码":"綁定邀請碼","您已绑定":"您已綁定",")的邀请码!":")的邀請碼!","好友绑定您的邀请码":"好友綁定您的邀請碼","好友完成新人礼":"好友完成新人禮","绑定好友：":"綁定好友：","完成新人礼：":"完成新人禮：","不可绑定您自己的邀请码！":"不可綁定您自己的邀請碼！","邀请码为空":"邀請碼爲空","绑定邀请码成功，你获得：":"綁定邀請碼成功，你獲得：","当前打开方式不支持分享，请在微信里打开或使用App版本":"當前打開方式不支持分享，請在微信裏打開或使用App版本","送你一个[{0}]游戏大礼包，快来领取！":"送你一個[{0}]遊戲大禮包，快來領取！","这里有紧张刺激的锦标赛，多人参与的休闲活动。更有丰富的奖励等你来拿，快来和我一起玩吧！":"這裏有緊張刺激的錦標賽，多人參與的休閑活動。更有豐富的獎勵等你來拿，快來和我一起玩吧！","今日":"今日","请安装微信后重启本游戏！":"請安裝微信後重啓本遊戲！","用户必须同意用户协议才可进行登录！":"用戶必須同意用戶協議才可進行登錄！","双双":"雙雙","谢建":"謝建","刘凯":"劉凱","密码登录":"密碼登錄","手机验证码登录":"手機驗證碼登錄","此账号只使用验证码登录过，请通过忘记密码来设置密码或仍使用验证码登录！":"此賬號只使用驗證碼登錄過，請通過忘記密碼來設置密碼或仍使用驗證碼登錄！","验证码登录":"驗證碼登錄","您的账号或手机验证码为空，请重新输入！":"您的賬號或手機驗證碼爲空，請重新輸入！","私人邮箱":"私人郵箱","系统邮箱":"系統郵箱","跑马灯内容为空！":"跑馬燈內容爲空！","您报名的比赛将于00:60秒后开始！":"您報名的比賽將于00:60秒後開始！","您报名的比赛将于":"您報名的比賽將于","秒后开始！":"秒後開始！","比赛即将开始":"比賽即將開始","冠军":"冠軍","名":"名","恭喜你获得了":"恭喜你獲得了","您没有获得任何奖励":"您沒有獲得任何獎勵","我在{0}中获得了冠军。服吗？不服来战！":"我在{0}中獲得了冠軍。服嗎？不服來戰！","恭喜你完成所有新人礼，你绑定了好友的邀请码，你额外获得：":"恭喜你完成所有新人禮，你綁定了好友的邀請碼，你額外獲得：","领取":"領取","充值{0}元领取":"充值{0}元領取","充值中":"充值中","已发货":"已發貨","已充值":"已充值","信息错误，已返回":"信息錯誤，已返回","对不起，您的金币不足最小买入":"對不起，您的金幣不足最小買入","私人房仅对VIP开放，您现在还不是VIP，是否马上开通？":"私人房僅對VIP開放，您現在還不是VIP，是否馬上開通？","立即开通VIP":"立即開通VIP","已领取":"已領取","领奖信息":"領獎信息","您的奖品正在发货中，预计时间为1-5个工作日，发货详情请在":"您的獎品正在發貨中，預計時間爲1-5個工作日，發貨詳情請在","页签内查看！":"頁簽內查看！","领奖信息必须填写完整！":"領獎信息必須填寫完整！","收件人输入长度不得大于6个字符":"收件人輸入長度不得大于6個字符","请输入有效的手机号码":"請輸入有效的手機號碼","请输入有效的qq号码":"請輸入有效的qq號碼","请输入正确格式的邮箱":"請輸入正確格式的郵箱","详细地址的输入长度不得大于35个字符":"詳細地址的輸入長度不得大于35個字符","财富":"財富","等级":"等級","全部":"全部","存款":"存款","提现":"提現","修改密码":"修改密碼","*新密码两次不一致":"*新密碼兩次不一致","密码修改成功":"密碼修改成功","0万":"0萬","存入金币不能低于1万":"存入金幣不能低于1萬","密码不能为空":"密碼不能爲空","密码长度为6位":"密碼長度爲6位","取出金额不能为空":"取出金額不能爲空","当前可存金币不足一万":"當前可存金幣不足一萬","保险箱金币为0":"保險箱金幣爲0","*两次密码不一致":"*兩次密碼不一致","*密码长度为6位":"*密碼長度爲6位","秒后开始，是否立即进入比赛？":"秒後開始，是否立即進入比賽？","话费送不停，豪礼不间断，这个德州不一般！":"話費送不停，豪禮不間斷，這個德州不一般！","您还没有抽奖次数，每日首次分享朋友圈即可获得1次抽奖机会！":"您還沒有抽獎次數，每日首次分享朋友圈即可獲得1次抽獎機會！","奖池":"獎池","昨天":"昨天","饮料":"飲料","钻石":"鑽石","暂未开启":"暫未開啓","是否花费{0}钻石，购买{1}？":"是否花費{0}鑽石，購買{1}？","您报名的坐满即玩":"您報名的坐滿即玩","马上就要开赛，是否立即进入？":"馬上就要開賽，是否立即進入？","测试":"測試","哈哈蛤":"哈哈蛤","语言：":"語言：","喔":"喔","decToHex unicode 编码转换":"decToHex unicode 編碼轉換","冲动是魔鬼，冷静":"衝動是魔鬼，冷靜","距离下次领奖时间00:00":"距離下次領獎時間00:00","您已领取":"您已領取","全部计时奖励":"全部計時獎勵","距离下次领奖时间":"距離下次領獎時間","第":"第","资料":"資料","概况":"概況","成就":"成就","常规赛":"常規賽","当前玩家不在线":"當前玩家不在線","正在游戏大厅":"正在遊戲大廳","在{0}：{1}，{2}买入":"在{0}：{1}，{2}買入","百人大战：{0}中":"百人大戰：{0}中","确定删除此好友？":"確定刪除此好友？","购买礼物":"購買禮物","购买道具":"購買道具","赠送礼物":"贈送禮物","赠送道具":"贈送道具","秒":"秒","开赛人数:":"開賽人數:","即将开始":"即將開始","延迟报名":"延遲報名","淘汰":"淘汰","：发了一条语音，当前打开方式不支持语音功能":"：發了一條語音，當前打開方式不支持語音功能","房卡(     x":"房卡(     x","是否花费{0}元，购买{1}？":"是否花費{0}元，購買{1}？","离线":"離線","在线":"在線","您已成功赠送给此好友":"您已成功贈送給此好友","金币！":"金幣！","大盲":"大盲","小盲":"小盲","离开":"離開","赠送给您":"贈送給您","好友金币":"好友金幣","您的金豆不足，完成新人礼、邀请好友等活动可获得金豆。":"您的金豆不足，完成新人禮、邀請好友等活動可獲得金豆。","请先取消购买再选择":"請先取消購買再選擇","欢乐券":"歡樂券","欢乐券不足！":"歡樂券不足！","胜":"勝","负":"負","平":"平","已完成":"已完成","未完成":"未完成","剩余:":"剩余:","未激活":"未激活","等待发货":"等待發貨","信息错误":"信息錯誤","您尚未填写领奖信息，请填写后再领取奖品":"您尚未填寫領獎信息，請填寫後再領取獎品","今天":"今天","等级：":"等級：","成长值：":"成長值：","头像上传完成，请等待审核":"頭像上傳完成，請等待審核","头像上传失败，请稍后重试！":"頭像上傳失敗，請稍後重試！","没有使用相册的权限":"沒有使用相冊的權限","请先选择图片":"請先選擇圖片","选择图片失败,请尝试其他图片":"選擇圖片失敗,請嘗試其他圖片","玩家信息为私密！":"玩家信息爲私密！","游客":"遊客","绑定手机成功":"綁定手機成功","昵称不能为空":"昵稱不能爲空","昵称不能大于6个字":"昵稱不能大于6個字","昵称只能为汉字、英文和数字":"昵稱只能爲漢字、英文和數字","您输入的昵称包含屏蔽词":"您輸入的昵稱包含屏蔽詞","*密码不能为空":"*密碼不能爲空","*密码长度为":"*密碼長度爲","位":"位","*密码两次不一致":"*密碼兩次不一致","发送验证码":"發送驗證碼","重新发送":"重新發送","保险箱功能仅对VIP用户开放":"保險箱功能僅對VIP用戶開放","成为VIP":"成爲VIP","添加红点类型不能为空！":"添加紅點類型不能爲空！","您开通了VIP，保险箱已为您免费开放，请尽快设定您的保险箱密码!":"您開通了VIP，保險箱已爲您免費開放，請盡快設定您的保險箱密碼!","前往设定":"前往設定","状态码为空":"狀態碼爲空","帐号系统错误":"帳號系統錯誤","服务器维护":"服務器維護","参数错误":"參數錯誤","帐号不存在":"帳號不存在","帐号已存在":"帳號已存在","帐号信息校验失败":"帳號信息校驗失敗","应用不存在":"應用不存在","签名验证失败":"簽名驗證失敗","帐号或密码错误":"帳號或密碼錯誤","短信验证码发送失败":"短信驗證碼發送失敗","短信验证码验证失败":"短信驗證碼驗證失敗","手机号码未绑定":"手機號碼未綁定","手机号码已绑定":"手機號碼已綁定","帐号已禁用":"帳號已禁用","该手机号码发送次数超过当天限制":"該手機號碼發送次數超過當天限制","该手机号码发送次数超过每小时限制":"該手機號碼發送次數超過每小時限制","短信发送次数过于频繁，请一分钟后再试":"短信發送次數過于頻繁，請一分鍾後再試","手机账号不能绑定/解绑":"手機賬號不能綁定/解綁","请求过于频繁，请稍后再试":"請求過于頻繁，請稍後再試","token验证失败":"token驗證失敗","签名校验失败":"簽名校驗失敗","应用已禁用":"應用已禁用","解绑手机成功，为了您的帐号安全请尽快绑定手机":"解綁手機成功，爲了您的帳號安全請盡快綁定手機","帐号至少包含一个英文字母":"帳號至少包含一個英文字母","请输入帐号":"請輸入帳號","帐号不能小于{0}个字符":"帳號不能小于{0}個字符","帐号不能大于{0}个字符":"帳號不能大于{0}個字符","帐号只能使用英文和数字":"帳號只能使用英文和數字","密码不能小于{0}个字符":"密碼不能小于{0}個字符","密码不能大于{0}个字符":"密碼不能大于{0}個字符","密码只能使用英文和数字":"密碼只能使用英文和數字","两次输入的密码不匹配，请重新输入":"兩次輸入的密碼不匹配，請重新輸入","请输入手机号码":"請輸入手機號碼","请输入短信验证码":"請輸入短信驗證碼","获取验证码":"獲取驗證碼","邀请码复制成功":"邀請碼複制成功","支付已关闭，无法支付":"支付已關閉，無法支付","没有找到微信支付接口":"沒有找到微信支付接口","请求支付数据返回错误":"請求支付數據返回錯誤","请求支付失败，请检查网络是否正常":"請求支付失敗，請檢查網絡是否正常","支付状态错误":"支付狀態錯誤","非法支付":"非法支付","支付失败":"支付失敗","微信支付接口不存在":"微信支付接口不存在","登录类型错误":"登錄類型錯誤","微信授权token为空":"微信授權token爲空","微信授权openid为空":"微信授權openid爲空","onComplete不为空时，thisObject不能为空":"onComplete不爲空時，thisObject不能爲空","连接失败":"連接失敗","登录验证失效或网络连接断开，点击确认重新登录游戏！":"登錄驗證失效或網絡連接斷開，點擊確認重新登錄遊戲！","网络断开":"網絡斷開","登录验证已失效，点击确认重新登录游戏！":"登錄驗證已失效，點擊確認重新登錄遊戲！","网络连接断开，请检查您的网络是否正常，点击确认重试！":"網絡連接斷開，請檢查您的網絡是否正常，點擊確認重試！","验证错误":"驗證錯誤","连接服务器验证错误":"連接服務器驗證錯誤","登录失效":"登錄失效","登录验证失效，请重新登录游戏！":"登錄驗證失效，請重新登錄遊戲！","网络超时":"網絡超時","网络连接超时，请检查您的网络是否正常并重试！":"網絡連接超時，請檢查您的網絡是否正常並重試！","该账号在其它地方登录，确定回到登录界面。":"該賬號在其它地方登錄，確定回到登錄界面。","发送协议出错":"發送協議出錯","协议初始化异常":"協議初始化異常","金币达人-1":"金幣達人-1","拥有金币数":"擁有金幣數","金币达人-2":"金幣達人-2","金币达人-3":"金幣達人-3","金币达人-4":"金幣達人-4","金币达人-5":"金幣達人-5","金币达人-6":"金幣達人-6","好友达人-1":"好友達人-1","拥有好友数":"擁有好友數","好友达人-2":"好友達人-2","好友达人-3":"好友達人-3","好友达人-4":"好友達人-4","好友达人-5":"好友達人-5","好友达人-6":"好友達人-6","等级达人-1":"等級達人-1","游戏等级达到":"遊戲等級達到","等级达人-2":"等級達人-2","等级达人-3":"等級達人-3","等级达人-4":"等級達人-4","等级达人-5":"等級達人-5","等级达人-6":"等級達人-6","对子达人-1":"對子達人-1","以对子胜出牌局数":"以對子勝出牌局數","对子达人-2":"對子達人-2","对子达人-3":"對子達人-3","对子达人-4":"對子達人-4","对子达人-5":"對子達人-5","对子达人-6":"對子達人-6","两对达人-1":"兩對達人-1","以两队胜出牌局数":"以兩隊勝出牌局數","两对达人-2":"兩對達人-2","两对达人-3":"兩對達人-3","两对达人-4":"兩對達人-4","两对达人-5":"兩對達人-5","两对达人-6":"兩對達人-6","三条达人-1":"三條達人-1","以三条胜出牌局数":"以三條勝出牌局數","三条达人-2":"三條達人-2","三条达人-3":"三條達人-3","三条达人-4":"三條達人-4","三条达人-5":"三條達人-5","三条达人-6":"三條達人-6","顺子达人-1":"順子達人-1","以顺子胜出牌局数":"以順子勝出牌局數","顺子达人-2":"順子達人-2","顺子达人-3":"順子達人-3","顺子达人-4":"順子達人-4","顺子达人-5":"順子達人-5","顺子达人-6":"順子達人-6","同花达人-1":"同花達人-1","以同花胜出牌局数":"以同花勝出牌局數","同花达人-2":"同花達人-2","同花达人-3":"同花達人-3","同花达人-4":"同花達人-4","同花达人-5":"同花達人-5","同花达人-6":"同花達人-6","葫芦达人-1":"葫蘆達人-1","以葫芦胜出牌局数":"以葫蘆勝出牌局數","葫芦达人-2":"葫蘆達人-2","葫芦达人-3":"葫蘆達人-3","葫芦达人-4":"葫蘆達人-4","葫芦达人-5":"葫蘆達人-5","葫芦达人-6":"葫蘆達人-6","四条达人-1":"四條達人-1","以四条胜出牌局数":"以四條勝出牌局數","四条达人-2":"四條達人-2","四条达人-3":"四條達人-3","四条达人-4":"四條達人-4","四条达人-5":"四條達人-5","四条达人-6":"四條達人-6","同花顺达人-1":"同花順達人-1","以同花顺胜出牌局数":"以同花順勝出牌局數","同花顺达人-2":"同花順達人-2","同花顺达人-3":"同花順達人-3","同花顺达人-4":"同花順達人-4","同花顺达人-5":"同花順達人-5","同花顺达人-6":"同花順達人-6","皇家同花顺达人-1":"皇家同花順達人-1","以皇家同花顺胜出牌局数":"以皇家同花順勝出牌局數","皇家同花顺达人-2":"皇家同花順達人-2","皇家同花顺达人-3":"皇家同花順達人-3","皇家同花顺达人-4":"皇家同花順達人-4","皇家同花顺达人-5":"皇家同花順達人-5","皇家同花顺达人-6":"皇家同花順達人-6","在德州扑克初级场对局5场":"在德州撲克初級場對局5場","在德州扑克初级场对局15场":"在德州撲克初級場對局15場","在德州扑克初级场对局30场":"在德州撲克初級場對局30場","在德州扑克初级场对局50场":"在德州撲克初級場對局50場","在德州扑克中级场对局5场":"在德州撲克中級場對局5場","在德州扑克中级场对局15场":"在德州撲克中級場對局15場","在德州扑克中级场对局30场":"在德州撲克中級場對局30場","在德州扑克中级场对局50场":"在德州撲克中級場對局50場","在德州扑克高级场对局5场":"在德州撲克高級場對局5場","在德州扑克高级场对局15场":"在德州撲克高級場對局15場","在德州扑克高级场对局30场":"在德州撲克高級場對局30場","在德州扑克高级场对局50场":"在德州撲克高級場對局50場","成功参与1场MTT锦标赛":"成功參與1場MTT錦標賽","成功参与3场MTT锦标赛":"成功參與3場MTT錦標賽","成功参与5场MTT锦标赛":"成功參與5場MTT錦標賽","成功参与10场MTT锦标赛":"成功參與10場MTT錦標賽","参与百人大战欢乐场10次":"參與百人大戰歡樂場10次","参与百人大战欢乐场30次":"參與百人大戰歡樂場30次","参与百人大战欢乐场50次":"參與百人大戰歡樂場50次","参与百人大战富豪场10次":"參與百人大戰富豪場10次","参与百人大战富豪场30次":"參與百人大戰富豪場30次","参与百人大战富豪场50次":"參與百人大戰富豪場50次","在德州扑克内赢得10次胜利":"在德州撲克內贏得10次勝利","在德州扑克内赢得20次胜利":"在德州撲克內贏得20次勝利","在德州扑克内赢得50次胜利":"在德州撲克內贏得50次勝利","在德州扑克内赢得100次胜利":"在德州撲克內贏得100次勝利","在MTT锦标赛内赢得1次冠军":"在MTT錦標賽內贏得1次冠軍","在MTT锦标赛内赢得3次冠军":"在MTT錦標賽內贏得3次冠軍","在MTT锦标赛内赢得5次冠军":"在MTT錦標賽內贏得5次冠軍","在MTT锦标赛内赢得8次冠军":"在MTT錦標賽內贏得8次冠軍","在百人大战里赢取10次胜利":"在百人大戰裏贏取10次勝利","在百人大战里赢取30次胜利":"在百人大戰裏贏取30次勝利","在百人大战里赢取50次胜利":"在百人大戰裏贏取50次勝利","等级升到5级":"等級升到5級","等级升到10级":"等級升到10級","等级升到15级":"等級升到15級","等级升到20级":"等級升到20級","等级升到25级":"等級升到25級","等级升到30级":"等級升到30級","等级升到35级":"等級升到35級","等级升到40级":"等級升到40級","等级升到45级":"等級升到45級","等级升到50级":"等級升到50級","等级升到55级":"等級升到55級","等级升到60级":"等級升到60級","等级升到65级":"等級升到65級","等级升到70级":"等級升到70級","等级升到75级":"等級升到75級","等级升到80级":"等級升到80級","等级升到85级":"等級升到85級","等级升到90级":"等級升到90級","等级升到95级":"等級升到95級","等级升到100级":"等級升到100級","签到奖励":"簽到獎勵","首充优惠":"首充優惠","额外赠送<font color=":"額外贈送<font color=",">100000金币</font>+<font color=":">100000金幣</font>+<font color=",">100元话费赛门票</font>":">100元話費賽門票</font>","欢乐送豪礼":"歡樂送豪禮","玩牌就送IphoneX、2亿金币、Ipad Pro、话费等丰厚大奖":"玩牌就送IphoneX、2億金幣、Ipad Pro、話費等豐厚大獎","德州转转转":"德州轉轉轉","赢海量金币，超级大量，巨额奖励转不停":"贏海量金幣，超級大量，巨額獎勵轉不停","破产补助":"破産補助","绑定大礼包":"綁定大禮包","新人礼":"新人禮","分享":"分享","每日首次分享朋友圈，即可获得1次抽奖机会，100%中奖。抽奖次数当日有效，请尽快使用！":"每日首次分享朋友圈，即可獲得1次抽獎機會，100%中獎。抽獎次數當日有效，請盡快使用！","1个月VIP":"1個月VIP","6个月VIP":"6個月VIP","小喇叭*1":"小喇叭*1","购买后可发送全服小喇叭，总共可发送1次。":"購買後可發送全服小喇叭，總共可發送1次。","小喇叭*20":"小喇叭*20","购买后可发送全服小喇叭，总共可发送20次。":"購買後可發送全服小喇叭，總共可發送20次。","送6,000,000金币":"送6,000,000金幣","送2,340,000金币":"送2,340,000金幣","送1,130,000金币":"送1,130,000金幣","送108,000金币":"送108,000金幣","送6.4万金币":"送6.4萬金幣","1元=1.06万":"1元=1.06萬","送19.7万金币":"送19.7萬金幣","1元=1.09万":"1元=1.09萬","1元=1.11万":"1元=1.11萬","送146万金币":"送146萬金幣","1元=1.14万":"1元=1.14萬","1元=1.18万":"1元=1.18萬","送810万金币":"送810萬金幣","1元=1.25万":"1元=1.25萬","18钻石":"18鑽石","68钻石":"68鑽石","128钻石":"128鑽石","648钻石":"648鑽石","黄金月卡":"黃金月卡","200金币":"200金幣","50元京东卡":"50元京東卡","10元电话卡":"10元電話卡","100钻石":"100鑽石","60钻石":"60鑽石","1000金币":"1000金幣","2000金币":"2000金幣","600金币":"600金幣","5000金币":"5000金幣","400金币":"400金幣","30元电话卡":"30元電話卡","20钻石":"20鑽石","40钻":"40鑽","免费-20万金币赛":"免費-20萬金幣賽","100万金币欢乐赛":"100萬金幣歡樂賽","200万金币欢乐赛":"200萬金幣歡樂賽","500万金币欢乐赛":"500萬金幣歡樂賽","1000万金币欢乐赛":"1000萬金幣歡樂賽","2000万每日欢乐赛":"2000萬每日歡樂賽","1亿金币周赛":"1億金幣周賽","免费-10元话费赛":"免費-10元話費賽","30元话费争夺赛":"30元話費爭奪賽","100元话费争夺赛":"100元話費爭奪賽","500金币争霸场":"500金幣爭霸場","1000金币争霸场":"1000金幣爭霸場","5000金币争霸场":"5000金幣爭霸場","1000金币场":"1000金幣場","2000金币场":"2000金幣場","5000金币场":"5000金幣場","1万金币场":"1萬金幣場","2万金币场":"2萬金幣場","5万金币场":"5萬金幣場","10万金币场":"10萬金幣場","单挑-5万金币场":"單挑-5萬金幣場","单挑-10万金币场":"單挑-10萬金幣場","单挑-20万金币场":"單挑-20萬金幣場","单挑-50万金币场":"單挑-50萬金幣場","欢乐场":"歡樂場","富豪场":"富豪場","数值道具":"數值道具","游戏中必备货币":"遊戲中必備貨幣","vip经验":"vip經驗","等级经验":"等級經驗","普通VIP":"普通VIP","购买后立即获得专属标识、专属客服、等级加速、创建私人房、免费使用保险箱等特权":"購買後立即獲得專屬標識、專屬客服、等級加速、創建私人房、免費使用保險箱等特權","购买后立即获得专属标识、专属客服、等级加速、创建私人房、免费使用保险箱等特权。同时立即获得200点VIP成长值。":"購買後立即獲得專屬標識、專屬客服、等級加速、創建私人房、免費使用保險箱等特權。同時立即獲得200點VIP成長值。","活动道具":"活動道具","可在欢乐送壕礼活动中使用兑换超级奖励":"可在歡樂送壕禮活動中使用兌換超級獎勵","10元话费赛门票":"10元話費賽門票","使用可免费参与10元话费赛":"使用可免費參與10元話費賽","100钻石赛门票":"100鑽石賽門票","使用可免费参与100钻石赛":"使用可免費參與100鑽石賽","100万金币欢乐赛门票":"100萬金幣歡樂賽門票","使用可免费参与100万金币欢乐赛":"使用可免費參與100萬金幣歡樂賽","免费-20万金币赛门票":"免費-20萬金幣賽門票","门票":"門票","使用可免费参与免费-20万金币赛":"使用可免費參與免費-20萬金幣賽","200万金币欢乐赛门票":"200萬金幣歡樂賽門票","使用可免费参与200万金币欢乐赛":"使用可免費參與200萬金幣歡樂賽","500万金币欢乐赛门票":"500萬金幣歡樂賽門票","使用可免费参与500万金币欢乐赛":"使用可免費參與500萬金幣歡樂賽","1000万金币欢乐赛门票":"1000萬金幣歡樂賽門票","使用可免费参与1000万金币欢乐赛":"使用可免費參與1000萬金幣歡樂賽","2000万每日欢乐赛门票":"2000萬每日歡樂賽門票","使用可免费参与2000万每日欢乐赛":"使用可免費參與2000萬每日歡樂賽","1亿金币周赛门票":"1億金幣周賽門票","使用可免费参与1亿金币周赛":"使用可免費參與1億金幣周賽","免费-10元话费赛门票":"免費-10元話費賽門票","使用可免费参与免费-10元话费赛":"使用可免費參與免費-10元話費賽","30元话费争夺赛门票":"30元話費爭奪賽門票","使用可免费参与30元话费争夺赛":"使用可免費參與30元話費爭奪賽","100元话费赛门票":"100元話費賽門票","使用可免费参与100元话费赛":"使用可免費參與100元話費賽","iPhone7兑换券":"iPhone7兌換券","可兑换64GiPhone7一台，颜色随机发送":"可兌換64GiPhone7一台，顔色隨機發送","锦标赛-iPhone7争霸赛冠军奖励":"錦標賽-iPhone7爭霸賽冠軍獎勵","iPhoneX兑换券":"iPhoneX兌換券","可兑换64GiPhoneX一台，颜色随机发送":"可兌換64GiPhoneX一台，顔色隨機發送","活动中获得":"活動中獲得","兑奖券":"兌獎券","可兑换Ipad Pro一台":"可兌換Ipad Pro一台","1000元京东卡":"1000元京東卡","可兑换1000元京东卡一张":"可兌換1000元京東卡一張","小米空气净化器":"小米空氣淨化器","可兑换小米空气净化器一台":"可兌換小米空氣淨化器一台","500Q币":"500Q幣","可兑换500Q币":"可兌換500Q幣","卡西欧电子表":"卡西歐電子表","可兑换卡西欧电子版一个":"可兌換卡西歐電子版一個","300元京东卡":"300元京東卡","可兑换300元京东卡":"可兌換300元京東卡","5Q币":"5Q幣","可兑换5Q币":"可兌換5Q幣","美的电饭锅":"美的電飯鍋","可兑换美的电饭锅一个":"可兌換美的電飯鍋一個","美的空调":"美的空調","可兑换美的空调一台":"可兌換美的空調一台","神舟笔记本电脑":"神舟筆記本電腦","可兑换神州战神K670D-G4D1笔记本电脑一台":"可兌換神州戰神K670D-G4D1筆記本電腦一台","可兑换iPhone8 Plus一台":"可兌換iPhone8 Plus一台","可兑换iPhone8一台":"可兌換iPhone8一台","可兑换OPPO R11s一台":"可兌換OPPO R11s一台","ZIPPO打火机":"ZIPPO打火機","可兑换ZIPPO打火机一个":"可兌換ZIPPO打火機一個","300M全国流量":"300M全國流量","可兑换300M全国流量":"可兌換300M全國流量","500M全国流量":"500M全國流量","可兑换500M全国流量":"可兌換500M全國流量","5元话费兑换券":"5元話費兌換券","可兑换5元话费":"可兌換5元話費","通过锦标赛奖励或者活动获得的兑换券":"通過錦標賽獎勵或者活動獲得的兌換券","10元话费兑奖券":"10元話費兌獎券","可兑换10元话费":"可兌換10元話費","20元话费兑换券":"20元話費兌換券","可兑换20元话费":"可兌換20元話費","30元话费兑换券":"30元話費兌換券","可兑换30元话费":"可兌換30元話費","50元话费兑换券":"50元話費兌換券","可兑换50元话费":"可兌換50元話費","购买后可发送全服小喇叭":"購買後可發送全服小喇叭","金豆":"金豆","可以在兑奖界面进行兑奖":"可以在兌獎界面進行兌獎","永远不要像照片里的人一成不变的挂在那里，你必须综合你的行为，让对手一直在猜测你的目的。":"永遠不要像照片裏的人一成不變的挂在那裏，你必須綜合你的行爲，讓對手一直在猜測你的目的。","只要你不是最好的牌，就要认真思索对方下重注的理由。":"只要你不是最好的牌，就要認真思索對方下重注的理由。","多总结下你输大钱的那些牌，比一直不停的打下去更重要。":"多總結下你輸大錢的那些牌，比一直不停的打下去更重要。","你做的任何事情都有可能让你输钱——什么都不做也一样。":"你做的任何事情都有可能讓你輸錢——什麽都不做也一樣。","如果你有一手大牌，别忘了对手可能有一手更大的牌。":"如果你有一手大牌，別忘了對手可能有一手更大的牌。","就算AA对27，也不是100%赢的。（所以不是无路可走的时候，最好不要起手就ALLIN）":"就算AA對27，也不是100%贏的。（所以不是無路可走的時候，最好不要起手就ALLIN）","那个一直弃牌的傻瓜其实是才是能一口吞掉你的巨鲨。":"那個一直棄牌的傻瓜其實是才是能一口吞掉你的巨鲨。","没必要花所有的筹码去验证对手是否偷鸡（万一不是你就完了）。":"沒必要花所有的籌碼去驗證對手是否偷雞（萬一不是你就完了）。","打牌不偷鸡是不行的，老是偷鸡更不是行的。":"打牌不偷雞是不行的，老是偷雞更不是行的。","不要只看到偷鸡成功的，还要看到有些为了偷鸡丧命的。":"不要只看到偷雞成功的，還要看到有些爲了偷雞喪命的。","攻击性太强的人，把自己置于乱箭之中，迟早要被穿心。":"攻擊性太強的人，把自己置于亂箭之中，遲早要被穿心。","自己所下的注要对的起自己的底牌，即使底牌是对A,你的下注错误也会输掉一切。":"自己所下的注要對的起自己的底牌，即使底牌是對A,你的下注錯誤也會輸掉一切。","没有什么不可能，底牌是不是好牌或坏牌，是由庄家发给的那五张牌决定的。":"沒有什麽不可能，底牌是不是好牌或壞牌，是由莊家發給的那五張牌決定的。","中高级场对手看牌停顿的时间能反映出一定的信息。":"中高級場對手看牌停頓的時間能反映出一定的信息。","技术、胆识、运气、心态，是赢钱的关键。":"技術、膽識、運氣、心態，是贏錢的關鍵。","桌上筹码最多，这样打起来轻松。不要怕别人惦记你桌上的钱。":"桌上籌碼最多，這樣打起來輕松。不要怕別人惦記你桌上的錢。","拿到双A并不是你必胜的保证，有可能成为你出局的陷阱。":"拿到雙A並不是你必勝的保證，有可能成爲你出局的陷阱。","德州扑克游戏的规律就是没有任何一点规律可寻。":"德州撲克遊戲的規律就是沒有任何一點規律可尋。","不要过于依赖自己的底牌，真正的底牌其实是河牌！":"不要過于依賴自己的底牌，真正的底牌其實是河牌！","吸引对手跟重注的是彩池比例，而不是你桌上的奖金。":"吸引對手跟重注的是彩池比例，而不是你桌上的獎金。","输赢无法控制，但是你可以控制输赢的多寡！":"輸贏無法控制，但是你可以控制輸贏的多寡！","奖励测试1":"獎勵測試1","这是您获得的{奖励}，请您查收！":"這是您獲得的{獎勵}，請您查收！","奖励测试3":"獎勵測試3","锦标赛奖励":"錦標賽獎勵","您在10元话费赛中获得冠军，{奖励}，请查收！":"您在10元話費賽中獲得冠軍，{獎勵}，請查收！","您在30元话费争夺赛中获得冠军，{奖励}，请查收！":"您在30元話費爭奪賽中獲得冠軍，{獎勵}，請查收！","您在30元话费争夺赛中获得第2名，{奖励}，请查收！":"您在30元話費爭奪賽中獲得第2名，{獎勵}，請查收！","您在100元话费争夺赛中获得冠军，{奖励}，请查收！":"您在100元話費爭奪賽中獲得冠軍，{獎勵}，請查收！","您在100元话费争夺赛中获得第2名，{奖励}，请查收！":"您在100元話費爭奪賽中獲得第2名，{獎勵}，請查收！","您在100元话费争夺赛中获得第3名，{奖励}，请查收！":"您在100元話費爭奪賽中獲得第3名，{獎勵}，請查收！","首充优惠奖励":"首充優惠獎勵","您好，这是您的首充优惠奖励，请注意查收！":"您好，這是您的首充優惠獎勵，請注意查收！","%s(ID：%d)绑定了您的邀请码，获得{奖励}，请查收！":"%s(ID：%d)綁定了您的邀請碼，獲得{獎勵}，請查收！",">%s</font>赠送给您礼物：<font color=":">%s</font>贈送給您禮物：<font color=",">%s</font>赠送给您<font color=":">%s</font>贈送給您<font color=","赠送VIP":"贈送VIP","弹弹乐":"彈彈樂","超市钩物":"超市鈎物","随机奖励金币":"隨機獎勵金幣","随机奖励体力":"隨機獎勵體力","女仆商店":"女仆商店","汽车配件商店":"汽車配件商店","房屋升级碎片商店":"房屋升級碎片商店","奥马哈扑克":"奧馬哈撲克","奥马哈扑克游戏是一种与德克萨斯扑克相似的扑克游戏，在玩家当中长盛不衰，该游戏始于20世纪90年代。":"奧馬哈撲克遊戲是一種與德克薩斯撲克相似的撲克遊戲，在玩家當中長盛不衰，該遊戲始于20世紀90年代。","百人大战":"百人大戰","加注":"加注","全下下注":"全下下注","非全下下注":"非全下下注","加注滑动":"加注滑動","大胜利（葫芦及以上）":"大勝利（葫蘆及以上）","下盲注":"下盲注","按钮点击":"按鈕點擊","皇家同花顺胜利":"皇家同花順勝利","葫芦胜利":"葫蘆勝利","四条胜利":"四條勝利","同花顺胜利":"同花順勝利","筹码落下（一轮下注结束）":"籌碼落下（一輪下注結束）","筹码结算飞行":"籌碼結算飛行","结束筹码":"結束籌碼","界面关闭":"界面關閉","发牌1":"發牌1","弃牌音效":"棄牌音效","收取礼物":"收取禮物","发送礼物":"發送禮物","获得金币":"獲得金幣","大厅背景音乐":"大廳背景音樂","升级":"升級","亮牌1":"亮牌1","失败":"失敗","有提示（加好友、邀请入座）":"有提示（加好友、邀請入座）","轮到自己出牌":"輪到自己出牌","游戏中背景音乐":"遊戲中背景音樂","界面打开":"界面打開","发送信息":"發送信息","入座":"入座","站起":"站起","点击座位":"點擊座位","胜利":"勝利","获得道具":"獲得道具","伏姬":"伏姬","乐正秀":"樂正秀","柏青槐":"柏青槐","孔水云":"孔水雲","岑沛文":"岑沛文","魏琰":"魏琰","秦春文":"秦春文","戚露":"戚露","沈娅":"沈娅","暴傲蕾":"暴傲蕾","第五冰露":"第五冰露","堵茜":"堵茜","云翠柔":"雲翠柔","时冬儿":"時冬兒","羊舌凡":"羊舌凡","井妙菡":"井妙菡","钱飘":"錢飄","孔嘉":"孔嘉","施凌珍":"施淩珍","凤婵":"鳳婵","应怡":"應怡","权逯晶":"權逯晶","和韵":"和韻","柏访枫":"柏訪楓","汤之柔":"湯之柔","姜筠":"姜筠","储乐萱":"儲樂萱","封冬儿":"封冬兒","姬灵竹":"姬靈竹","姜之瑶":"姜之瑤","曹媛":"曹媛","许绮菱":"許绮菱","任平夏":"任平夏","平谷雪":"平谷雪","卫霭":"衛霭","吕柔":"呂柔","韩乐":"韓樂","时半芹":"時半芹","郏怜寒":"郏憐寒","卫桂":"衛桂","穆水云":"穆水雲","汤荷":"湯荷","沈妙海":"沈妙海","章平夏":"章平夏","邹访琴":"鄒訪琴","巩嘉":"鞏嘉","李半芹":"李半芹","皮馥":"皮馥","魏寻文":"魏尋文","吕莉":"呂莉","陈紫霜":"陳紫霜","苏灵竹":"蘇靈竹","殷珊":"殷珊","秦黛":"秦黛","邹向萍":"鄒向萍","周寻文":"周尋文","杨佳":"楊佳","毕娴":"畢娴","冯姬":"馮姬","柏菁":"柏菁","施咏":"施詠","陶莺":"陶莺","党翠安":"黨翠安","严妙海":"嚴妙海","谢如天":"謝如天","郑丹珍":"鄭丹珍","龚枝":"龔枝","尤馨":"尤馨","钱绮菱":"錢绮菱","雷瑾":"雷瑾","云傲蕾":"雲傲蕾","戚元珊":"戚元珊","魏瑾":"魏瑾","家幻波":"家幻波","云馥":"雲馥","闻人晶":"聞人晶","水凌旋":"水淩旋","陈咏":"陳詠","郝乐之":"郝樂之","孔笑白":"孔笑白","尤雁":"尤雁","华霭":"華霭","任艺":"任藝","安宛海":"安宛海","施凌雪":"施淩雪","鄢媛":"鄢媛","苏桂":"蘇桂","马茜":"馬茜","段瑾":"段瑾","秦乐之":"秦樂之","尹如霜":"尹如霜","乐滢":"樂滢","许叶":"許葉","卞妙海":"卞妙海","尤夜白":"尤夜白","曹雪萍":"曹雪萍","昝傲蕾":"昝傲蕾","严影":"嚴影","樊寒":"樊寒","魏访枫":"魏訪楓","闾丘谷雪":"闾丘谷雪","沈寒雁":"沈寒雁","郑问筠":"鄭問筠","吴琴":"吳琴","赵艳":"趙豔","赵傲蕾":"趙傲蕾","邹艺":"鄒藝","向纨":"向纨","佟馥":"佟馥","张海莲":"張海蓮","孔苑":"孔苑","逄雁":"逄雁","孙乐萱":"孫樂萱","吕夏青":"呂夏青","葛元珊":"葛元珊","水亦瑶":"水亦瑤","喻晓":"喻曉","喻访琴":"喻訪琴","谢姬":"謝姬","空霄":"空霄","秦谷雪":"秦谷雪","陈晶":"陳晶","杨半芹":"楊半芹","钱海莲":"錢海蓮","何谷波":"何谷波","冯仪":"馮儀","褚薇":"褚薇","唐丽丽":"唐麗麗","庞松":"龐松","喻寻南":"喻尋南","曹乐萱":"曹樂萱","冯易梦":"馮易夢","严紫霜":"嚴紫霜","秦姣":"秦姣","蒋涵菡":"蔣涵菡","壤驷如霜":"壤驷如霜","戚笑白":"戚笑白","郁瑶":"郁瑤","夏侯谷雪":"夏侯谷雪","吕海莲":"呂海蓮","蒋怜云":"蔣憐雲","惠夜白":"惠夜白","申屠园":"申屠園","欢迎来到跳娃娃！":"歡迎來到跳娃娃！","来玩就送，实物大奖领回家！":"來玩就送，實物大獎領回家！","天天签到送元宝！":"天天簽到送元寶！","6元":"6元","30元":"30元","128元":"128元","648元":"648元","【中国黄金】黄金金条10g":"【中國黃金】黃金金條10g","【周大福】十二生肖狗吉星高照足金黄金吊坠2g":"【周大福】十二生肖狗吉星高照足金黃金吊墜2g","南极人纯棉四件套":"南極人純棉四件套","注册账户":"注冊賬戶","达到目标分数":"達到目標分數","被邀请人达到目标分数":"被邀請人達到目標分數","邀请其他玩家注册游戏":"邀請其他玩家注冊遊戲","一对":"一對","顺子":"順子","四条":"四條","锦标赛说明":"錦標賽說明",">如何领取实物奖励？</font>\\\\n<font color=":">如何領取實物獎勵？</font>\\\\n<font color=",">1，点击个人头像打开个人信息资料窗口，在窗口左下角点击“我的奖品”即可进入奖品领取页面。\\\\n2，请按照要求填写所有领奖信息并保存，以便及时领取奖品。</font>\\\\n\\\\n<font color=":">1，點擊個人頭像打開個人信息資料窗口，在窗口左下角點擊“我的獎品”即可進入獎品領取頁面。\\\\n2，請按照要求填寫所有領獎信息並保存，以便及時領取獎品。</font>\\\\n\\\\n<font color=",">什么是锦标赛</font>\\\\n<font color=":">什麽是錦標賽</font>\\\\n<font color=",">锦标赛是一直定时多桌的德州扑克比赛玩法。所有参赛玩家以同样的金币数量开局，直至仅剩一名玩家拥有金币，冠军产生，比赛结束。为保证比赛激烈程度，随着比赛进行，盲注等级将不断提升。\\\\n\\\\n</font><font color=":">錦標賽是一直定時多桌的德州撲克比賽玩法。所有參賽玩家以同樣的金幣數量開局，直至僅剩一名玩家擁有金幣，冠軍産生，比賽結束。爲保證比賽激烈程度，隨著比賽進行，盲注等級將不斷提升。\\\\n\\\\n</font><font color=",">1，固定时间开始比赛，届时若参数人数不足最低人数要求，则比赛取消，返还全部报名费用。\\\\n2，参加必要需要支付报名费+服务费。主动退赛仅退还报名费，不退还服务费。\\\\n3，逾期未参加比赛，将不退还任何费用，请提前进入游戏并准时参加。\\\\n4，比赛中玩家将使用比赛筹码进行比赛（比赛筹码不等于账户中的金币），仅用于比赛内计数。\\\\n5，前注：比赛进行过程中，每局开始前强制所有玩家自动下注若干金币，即为前注。\\\\n6，重购筹码（rebuy）：在可以rebuy的比赛中规定的盲注级别内，若玩家当前金币≤初始金币时（或被淘汰），可以再次花费比赛参赛费额外买入一份初始买入筹码。\\\\n7，增购筹码（addon）：在可以addon的比赛中规定的盲注级别内，玩家可以再次花费报名费额外买入若干筹码。\\\\n8，比赛根据比赛代币数进行排位，最先退出比赛的玩家即为最后一名，以此类推。同时被淘汰则依次按照牌力、开始时筹码定位名次，牌力大者排名在前，开始时筹码多者排名在前。\\\\n9，当比赛里只剩下最后一名玩家时比赛结束，最后一名玩家即是冠军。\\\\n10，比赛优先使用门票报名，金币报名（参赛费+服务费，如“10万+1万”）退赛时将仅退还参赛费，赛事开始后无法退赛。\\\\n\\\\n</font>":">1，固定時間開始比賽，屆時若參數人數不足最低人數要求，則比賽取消，返還全部報名費用。\\\\n2，參加必要需要支付報名費+服務費。主動退賽僅退還報名費，不退還服務費。\\\\n3，逾期未參加比賽，將不退還任何費用，請提前進入遊戲並准時參加。\\\\n4，比賽中玩家將使用比賽籌碼進行比賽（比賽籌碼不等于賬戶中的金幣），僅用于比賽內計數。\\\\n5，前注：比賽進行過程中，每局開始前強制所有玩家自動下注若幹金幣，即爲前注。\\\\n6，重購籌碼（rebuy）：在可以rebuy的比賽中規定的盲注級別內，若玩家當前金幣≤初始金幣時（或被淘汰），可以再次花費比賽參賽費額外買入一份初始買入籌碼。\\\\n7，增購籌碼（addon）：在可以addon的比賽中規定的盲注級別內，玩家可以再次花費報名費額外買入若幹籌碼。\\\\n8，比賽根據比賽代幣數進行排位，最先退出比賽的玩家即爲最後一名，以此類推。同時被淘汰則依次按照牌力、開始時籌碼定位名次，牌力大者排名在前，開始時籌碼多者排名在前。\\\\n9，當比賽裏只剩下最後一名玩家時比賽結束，最後一名玩家即是冠軍。\\\\n10，比賽優先使用門票報名，金幣報名（參賽費+服務費，如“10萬+1萬”）退賽時將僅退還參賽費，賽事開始後無法退賽。\\\\n\\\\n</font>","版本信息":"版本信息",">亲爱的玩家你好</font>\\\\n1，欢迎来到盱眙麻将。\\\\n此为测试版本，如你遇到任何问题，请咨询客服。":">親愛的玩家你好</font>\\\\n1，歡迎來到盱眙麻將。\\\\n此爲測試版本，如你遇到任何問題，請咨詢客服。",">玩法规则</font>":">玩法規則</font>",">规则</font>":">規則</font>",">奖池说明</font>":">獎池說明</font>",">玩法</font>":">玩法</font>",">活动说明</font>":">活動說明</font>","奥马哈扑克规则":"奧馬哈撲克規則","官方QQ群":"官方QQ群","版本号获取错误，请检查初始文件是否正确":"版本號獲取錯誤，請檢查初始文件是否正確","加载版本文件失败！点击确定重新加载！":"加載版本文件失敗！點擊確定重新加載！","有新版本(":"有新版本(",")更新，需要更新才能进入游戏，点击确定前往更新!":")更新，需要更新才能進入遊戲，點擊確定前往更新!",")更新，是否前往更新？":")更新，是否前往更新？","版本文件解析错误！点击确定重新加载！":"版本文件解析錯誤！點擊確定重新加載！","下载地址空，请到应用商店下载或联系客服处理":"下載地址空，請到應用商店下載或聯系客服處理","游戏停机维护中，届时将无法登录游戏，请各位相互转告。具体开服时间可能会根据实际情况通告，敬请谅解。":"遊戲停機維護中，屆時將無法登錄遊戲，請各位相互轉告。具體開服時間可能會根據實際情況通告，敬請諒解。","个":"個","打杂":"打雜","实习生":"實習生","初级业务员":"初級業務員","中级业务员":"中級業務員","高级业务员":"高級業務員","副经理":"副經理","经理":"經理","高级经理":"高級經理","副总监":"副總監","总监":"總監","高级总监":"高級總監","资深总监":"資深總監","副总经理":"副總經理","总经理":"總經理","副总裁":"副總裁","高级副总裁":"高級副總裁","总裁":"總裁","副董事长":"副董事長","董事长":"董事長","董事会主席":"董事會主席","未选择任何图片":"未選擇任何圖片","图片类型不正确":"圖片類型不正確","图片不能大于":"圖片不能大于","正在加载...":"正在加載...","传入了错误的消息名或Proto文件没有初始化":"傳入了錯誤的消息名或Proto文件沒有初始化","发送消息出错，未找到消息体cmdid:":"發送消息出錯，未找到消息體cmdid:","copy参数异常：source":"copy參數異常：source","yyyy年MM月dd日 hh时mm分ss秒":"yyyy年MM月dd日 hh時mm分ss秒","yyyy年MM月dd日":"yyyy年MM月dd日","hh时mm分ss秒":"hh時mm分ss秒","yyyy年MM月dd日 hh时mm分":"yyyy年MM月dd日 hh時mm分","{0}小时":"{0}小時","复制成功!":"複制成功!","正在进入游戏...":"正在進入遊戲..."}