{"领取失败":"領取失敗","暂未开启":"暫未開啟","元":"元","*手机号不能为空":"*手機號不能為空","*手机号格式不正确":"*手機號格式不正確","*请填写手机验证码":"*請填寫手機驗證碼","获得":"獲得","该比赛报名已达最大人数，请选择其他比赛！":"該比賽報名已達最大人數，請選擇其他比賽！","该赛事已经结束。":"該賽事已經結束。","您报名的":"您報名的","因为报名人数不足已经取消，您的所有报名费用/门票已经返还给您！":"因為報名人數不足已經取消，您的所有報名費用/門票已經返還給您！","获取赛事信息异常":"獲取賽事信息異常","您报名的比赛将于3分钟后开始！":"您報名的比賽將於3分鐘後開始！","百人大战{0}爆出奖池{1}，快来一起参与吧！":"百人大戰{0}爆出獎池{1}，快來一起參與吧！","金币":"金幣","系统广播":"系統廣播","录音时间太短，请重试":"錄音時間太短，請重試","您已成功添加此好友。":"您已成功添加此好友。","您已拒绝此条好友申请。":"您已拒絕此條好友申請。","此用户名或者ID不存在":"此用戶名或者ID不存在","已向对方发送好友申请。":"已向對方發送好友申請。","该用户已是您的好友":"該用戶已是您的好友","您的好友数量已达到上限":"您的好友數量已達到上限","皇家同花顺":"皇家同花順","同花顺":"同花順","葫芦":"葫蘆","同花":"同花","三条":"三條","两对":"兩對","高牌":"高牌","本局重购次数已达上限":"本局重購次數已達上限","重购次数已达上限":"重購次數已達上限","拥有筹码小于或等于初始筹码时才能进行重购":"擁有籌碼小於或等於初始籌碼時才能進行重購","本局增购次数已达上限":"本局增購次數已達上限","增购次数已达上限":"增購次數已達上限","当前阶段无法重购":"當前階段無法重購","当前阶段无法增购":"當前階段無法增購","重购成功,{0}筹码将在下局增加":"重購成功,{0}籌碼將在下局增加","增购成功,{0}筹码将在下局增加":"增購成功,{0}籌碼將在下局增加","重购成功,筹码将在下局增加":"重購成功,籌碼將在下局增加","增购成功,筹码将在下局增加":"增購成功,籌碼將在下局增加","该比赛房间已经解散，请返回大厅！":"該比賽房間已經解散，請返回大廳！","弃牌":"棄牌","过牌":"過牌","跟注":"跟註","思考中":"思考中","等待":"等待","gamlbingmanager进入房间：reqEnterRoom":"gamlbingmanager進入房間：reqEnterRoom","已存在相同的牌":"已存在相同的牌","当前下注金币数已达庄家金币上限":"當前下註金幣數已達莊家金幣上限","您现在已上庄，请下庄后再退出房间！":"您現在已上莊，請下莊後再退出房間！","游戏正在进行中，您暂时不能退出房间，请等本局结束再操作。":"遊戲正在進行中，您暫時不能退出房間，請等本局結束再操作。","您的当前金币低于":"您的當前金幣低於","金币，已从庄家列表退出。":"金幣，已從莊家列表退出。","萌萌":"萌萌","牌局正在进行中，本局结束后自动下庄！":"牌局正在進行中，本局結束後自動下莊！","获取房间类型异常data：":"獲取房間類型異常data：","此邀请码不正确，请检查后重新输入":"此邀請碼不正確，請檢查後重新輸入","登录失败！":"登錄失敗！","冠军":"冠軍","名":"名","您的手机账号绑定成功，请牢记您的账号和登录密码，如有遗忘，可通过“忘记密码”找回。":"您的手機賬號綁定成功，請牢記您的賬號和登錄密碼，如有遺忘，可通過“忘記密碼”找回。","绑定微信成功，可用绑定的微信登录！":"綁定微信成功，可用綁定的微信登錄！","您未安装微信，绑定失败。":"您未安裝微信，綁定失敗。","token不能为空，绑定失败!":"token不能為空，綁定失敗!","没有配置包ID":"沒有配置包ID","安装包必须要配置包url":"安裝包必須要配置包url","这个方法不能被调用，请调用上面的dispatchNotifyByParams(string id)":"這個方法不能被調用，請調用上面的dispatchNotifyByParams(string id)","初级场":"初級場","中级场":"中級場","高级场":"高級場","奥马哈初级场":"奧馬哈初級場","奥马哈中级场":"奧馬哈中級場","奥马哈高级场":"奧馬哈高級場","奥马哈私人房":"奧馬哈私人房","公  告":"公  告","当前没有公告":"當前沒有公告","领奖信息保存成功":"領獎信息保存成功","使用了{0} * {1}":"使用了{0} * {1}","物品不存在或数量不够":"物品不存在或數量不夠","您获得了":"您獲得了","冠":"冠","季":"季","存入成功":"存入成功","取出成功":"取出成功","您输入的密码错误，请重新输入！":"您輸入的密碼錯誤，請重新輸入！","您的原密码不正确！":"您的原密碼不正確！","登录token不能为空":"登錄token不能為空","登录失败":"登錄失敗","版本错误":"版本錯誤","客户端版本与服务器版本不匹配，请更新再进游戏。":"客戶端版本與服務器版本不匹配，請更新再進遊戲。","登录验证已失效，请重新登录游戏！":"登錄驗證已失效，請重新登錄遊戲！","重新登录":"重新登錄","服务器信息为空！":"服務器信息為空！","服务器正在维护中...":"服務器正在維護中...","正在加载场景资源.....":"正在加載場景資源.....","钻石数量不足，是否前往充值？":"鉆石數量不足，是否前往充值？","金币数量不足，是否前往充值？":"金幣數量不足，是否前往充值？","获取音效地址异常！":"獲取音效地址異常！","showBankRoll小于显示筹码：":"showBankRoll小於顯示籌碼：","showBankRoll显示筹码：":"showBankRoll顯示籌碼：","已报名{0}人，还需":"已報名{0}人，還需","人即可开赛":"人即可開賽","已说话":"已說話","发了一条语音，当前打开方式不支持语音功能":"發了一條語音，當前打開方式不支持語音功能","已弃牌":"已棄牌","在说话":"在說話","一局开始显示筹码：":"一局開始顯示籌碼：","刚坐下":"剛坐下","坐下显示筹码：":"坐下顯示籌碼：","在比牌！":"在比牌！","等待说话！":"等待說話！","等待下一局显示筹码：":"等待下一局顯示籌碼：","万亿":"萬億","亿":"億","已到最底部":"已到最底部","下拉以继续":"下拉以繼續","您输入的手机号错误，请重新输入！":"您輸入的手機號錯誤，請重新輸入！","您输入的验证码错误，请重新输入！":"您輸入的驗證碼錯誤，請重新輸入！","确定":"確定","取消":"取消","每日任务":"每日任務","每周任务":"每周任務","成长任务":"成長任務","欢迎回来 ":"歡迎回來 ","奖品兑换":"獎品兌換","兑换记录":"兌換記錄","购买成功！":"購買成功！","您当前拥有的金币大于1000，暂时不可领取救助金！":"您當前擁有的金幣大於1000，暫時不可領取救助金！","已绑定":"已綁定","未绑定":"未綁定","注册手机账号":"註冊手機賬號","已有手机账号":"已有手機賬號","您的账号或密码为空，请重新输入！":"您的賬號或密碼為空，請重新輸入！","已达最大买入！":"已達最大買入！","仅需":"僅需","剩余买入比赛次数:{0}":"剩余買入比賽次數:{0}","比赛筹码输光了,是否花费{0}金币重新购买{1}比赛筹码?":"比賽籌碼輸光了,是否花費{0}金幣重新購買{1}比賽籌碼?","是否花费{0}金币重新购买{1}比赛筹码?":"是否花費{0}金幣重新購買{1}比賽籌碼?","是否花费{0}金币增购{1}比赛筹码?":"是否花費{0}金幣增購{1}比賽籌碼?","比赛已结束":"比賽已結束","重购/增加购阶段已结束":"重購/增加購階段已結束","概述":"概述","赛况":"賽況","盲注":"盲註","奖励":"獎勵","退赛成功，您的门票已返回账户":"退賽成功，您的門票已返回賬戶","退赛成功，报名费已返回账户":"退賽成功，報名費已返回賬戶","比赛已经开启，不可退赛。":"比賽已經開啟，不可退賽。","提示：主动退赛仅退还报名费，服务费将不予退还。":"提示：主動退賽僅退還報名費，服務費將不予退還。","主动退赛将退还全部报名费、服务费或者门票，您是否进行退赛？":"主動退賽將退還全部報名費、服務費或者門票，您是否進行退賽？","免费":"免費","服务费 ":"服務費 ","门票1张":"門票1張","比赛时间:":"比賽時間:","（延迟报名":"（延遲報名","人":"人","开放时间:":"開放時間:","，坐满即开":"，坐滿即開","可重购比赛，次数：":"可重購比賽，次數：","次":"次","' + champDef.Rebuy + '次' + '":"' + champDef.Rebuy + '次' + '","个盲注级别前可用":"個盲註級別前可用","' + champDef.RebuyCost + '金币' + '":"' + champDef.RebuyCost + '金幣' + '","比赛筹码":"比賽籌碼","' + champDef.InitialChips + '比赛筹码' + '":"' + champDef.InitialChips + '比賽籌碼' + '","' + champDef.Addon + '次' + '":"' + champDef.Addon + '次' + '","' + champDef.AddonCost + '金币' + '":"' + champDef.AddonCost + '金幣' + '","' + champDef.AddonChips + '比赛筹码' + '":"' + champDef.AddonChips + '比賽籌碼' + '","锦标赛":"錦標賽","坐满即玩":"坐滿即玩","我的比赛":"我的比賽","最近赛况":"最近賽況","进行中":"進行中","已结束":"已結束","我的门票":"我的門票","请输入一个新的昵称":"請輸入一個新的昵稱","修改成功":"修改成功","请在此输入小喇叭内容。":"請在此輸入小喇叭內容。","您还没有小喇叭，不可进行发送！":"您還沒有小喇叭，不可進行發送！","您今天发送小喇叭次数已用完，请明天再试！":"您今天發送小喇叭次數已用完，請明天再試！","男":"男","万":"萬","请先输入6位数的密码再创建房间！":"請先輸入6位數的密碼再創建房間！","您的金币不足":"您的金幣不足",",请补充金币或者选择较低场次。":",請補充金幣或者選擇較低場次。","请选择盲注级别！":"請選擇盲註級別！","审核中":"審核中","未通过":"未通過","好友":"好友","收到礼物":"收到禮物","好友请求":"好友請求","您未安装微信，分享失败。":"您未安裝微信，分享失敗。","一直听说你的牌技不错，快来和我较量较量。我已经在玩{0}，你不来吗？":"一直聽說你的牌技不錯，快來和我較量較量。我已經在玩{0}，你不來嗎？","未检测到麦克风设备或没有使用麦克风权限！":"未檢測到麥克風設備或沒有使用麥克風權限！","上一条音频数据上传中":"上一條音頻數據上傳中","只有入座后才可发送语音!":"只有入座後才可發送語音!","您报名的比赛因为报名人数不足已经取消，您的所有报名费用/门票已经返还给您！":"您報名的比賽因為報名人數不足已經取消，您的所有報名費用/門票已經返還給您！","状态变更：":"狀態變更：","全下":"全下","发牌出现异常!":"發牌出現異常!","比赛中途离开，系统将会帮您托管，您可在“我的比赛”重新进入比赛,是否确认离开？":"比賽中途離開，系統將會幫您托管，您可在“我的比賽”重新進入比賽,是否確認離開？","你是该房间的房主，你退出房间后该房间在所有玩家都离开后将被收回，您是否确定退出？":"你是該房間的房主，你退出房間後該房間在所有玩家都離開後將被收回，您是否確定退出？","下局盲注将增长至:":"下局盲註將增長至:",",前注:":",前註:","均码:":"均碼:","均码:---":"均碼:---","已达到最大盲注":"已達到最大盲註","下次涨盲:":"下次漲盲:","点：":"點：","赢":"贏","唯一编码：":"唯一編碼：","金币已达上限！":"金幣已達上限！","恭喜您进入奖励圈":"恭喜您進入獎勵圈","恭喜您进入比赛最终桌,继续加油哦":"恭喜您進入比賽最終桌,繼續加油哦","比赛进行{0}分钟,剩余比赛人数:{1}":"比賽進行{0}分鐘,剩余比賽人數:{1}","为了公平起见,已为您重新配桌":"為了公平起見,已為您重新配桌","牌局切换状态，移除对象显示失败：":"牌局切換狀態，移除對象顯示失敗：","玩法介绍":"玩法介紹","牌型介绍":"牌型介紹","功能键介绍":"功能鍵介紹","分钟":"分鐘","您完成了计时奖励第":"您完成了計時獎勵第","礼物":"禮物","道具":"道具","装饰品":"裝飾品","吉祥物":"吉祥物","奢侈品":"奢侈品","小喇叭":"小喇叭","购买VIP":"購買VIP","VIP介绍":"VIP介紹","赠送":"贈送","我的VIP":"我的VIP","TA的VIP":"TA的VIP","开通会员":"開通會員","续费会员":"續費會員","点":"點","赠送成功！":"贈送成功！","高级":"高級","购买":"購買","本周榜单":"本周榜單","开奖信息":"開獎信息","购买记录":"購買記錄","购买一局":"購買一局","购买每局":"購買每局","请选择要买入项":"請選擇要買入項","您牌桌外的剩余金币不足。":"您牌桌外的剩余金幣不足。","您的牌型为":"您的牌型為","您熟悉德州扑克吗？":"您熟悉德州撲克嗎？","是否进入训练营？":"是否進入訓練營？","可获得额外金币奖励":"可獲得額外金幣獎勵","礼品":"禮品","排行榜":"排行榜","使用记录":"使用記錄","活动帮助":"活動幫助","好友排行":"好友排行","您的欢乐券：":"您的歡樂券：","距离结束还有：":"距離結束還有：","活动已结束":"活動已結束","每次最多坐庄":"每次最多坐莊","轮比赛！":"輪比賽！","我要上庄":"我要上莊","上庄至少需要":"上莊至少需要","，无法上庄！":"，無法上莊！","系统提示":"系統提示","充值":"充值","玩法说明":"玩法說明","界面说明":"界面說明","奖池说明":"獎池說明","当前无座玩家共有":"當前無座玩家共有","恭喜，您赢取了":"恭喜，您贏取了","您输了":"您輸了","确定  ":"確定  ","您的金币不足，快去商城补充点金币吧！":"您的金幣不足，快去商城補充點金幣吧！","前往商城":"前往商城","游戏正在进行中，本局结束后将自动站起！":"遊戲正在進行中，本局結束後將自動站起！","  平局":"  平局","没有下注":"沒有下註","坐下需要金币大于":"坐下需要金幣大於","，您的余额不足！":"，您的余額不足！","请稍等":"請稍等","等待其他玩家下注...":"等待其他玩家下註...","开始下注...":"開始下註...","您当前不在房间中,无法邀请好友":"您當前不在房間中,無法邀請好友","您未选择要邀请的好友":"您未選擇要邀請的好友","好友邀请已发送":"好友邀請已發送","你的好友":"你的好友","现在邀请您一起游戏！":"現在邀請您一起遊戲！","现在邀请您一起进行":"現在邀請您一起進行","买入":"買入","已在房间内":"已在房間內","退出比赛后，比赛将进入托管状态，是否确认退出？":"退出比賽後，比賽將進入托管狀態，是否確認退出？","是否退出并解散当前房间,进入被邀请房间?":"是否退出並解散當前房間,進入被邀請房間?","绑定邀请码":"綁定邀請碼","邀请好友":"邀請好友","领取金豆":"領取金豆","领取金币":"領取金幣","您已绑定":"您已綁定",")的邀请码!":")的邀請碼!","好友绑定您的邀请码":"好友綁定您的邀請碼","好友完成新人礼":"好友完成新人禮","绑定好友：":"綁定好友：","完成新人礼：":"完成新人禮：","不可绑定您自己的邀请码！":"不可綁定您自己的邀請碼！","邀请码为空":"邀請碼為空","绑定邀请码成功，你获得：":"綁定邀請碼成功，你獲得：","当前打开方式不支持分享，请在微信里打开或使用App版本":"當前打開方式不支持分享，請在微信裏打開或使用App版本","送你一个[{0}]游戏大礼包，快来领取！":"送你一個[{0}]遊戲大禮包，快來領取！","这里有紧张刺激的锦标赛，多人参与的休闲活动。更有丰富的奖励等你来拿，快来和我一起玩吧！":"這裏有緊張刺激的錦標賽，多人參與的休閑活動。更有豐富的獎勵等你來拿，快來和我一起玩吧！","今日":"今日","请安装微信后重启本游戏！":"請安裝微信後重啟本遊戲！","用户必须同意用户协议才可进行登录！":"用戶必須同意用戶協議才可進行登錄！","双双":"雙雙","谢建":"謝建","刘凯":"劉凱","密码登录":"密碼登錄","手机验证码登录":"手機驗證碼登錄","此账号只使用验证码登录过，请通过忘记密码来设置密码或仍使用验证码登录！":"此賬號只使用驗證碼登錄過，請通過忘記密碼來設置密碼或仍使用驗證碼登錄！","验证码登录":"驗證碼登錄","您的账号或手机验证码为空，请重新输入！":"您的賬號或手機驗證碼為空，請重新輸入！","私人邮箱":"私人郵箱","系统邮箱":"系統郵箱","跑马灯内容为空！":"跑馬燈內容為空！","您报名的比赛将于00:60秒后开始！":"您報名的比賽將於00:60秒後開始！","您报名的比赛将于":"您報名的比賽將於","秒后开始！":"秒後開始！","比赛即将开始":"比賽即將開始","恭喜你获得了":"恭喜你獲得了","您没有获得任何奖励":"您沒有獲得任何獎勵","我在{0}中获得了冠军。服吗？不服来战！":"我在{0}中獲得了冠軍。服嗎？不服來戰！","恭喜你完成所有新人礼，你绑定了好友的邀请码，你额外获得：":"恭喜你完成所有新人禮，你綁定了好友的邀請碼，你額外獲得：","领取":"領取","充值{0}元领取":"充值{0}元領取","充值中":"充值中","已发货":"已發貨","已充值":"已充值","信息错误，已返回":"信息錯誤，已返回","对不起，您的金币不足最小买入":"對不起，您的金幣不足最小買入","私人房仅对VIP开放，您现在还不是VIP，是否马上开通？":"私人房僅對VIP開放，您現在還不是VIP，是否馬上開通？","立即开通VIP":"立即開通VIP","未领取":"未領取","已领取":"已領取","领奖信息":"領獎信息","您的奖品正在发货中，预计时间为1-5个工作日，发货详情请在":"您的獎品正在發貨中，預計時間為1-5個工作日，發貨詳情請在","页签内查看！":"頁簽內查看！","领奖信息必须填写完整！":"領獎信息必須填寫完整！","收件人输入长度不得大于6个字符":"收件人輸入長度不得大於6個字符","请输入有效的手机号码":"請輸入有效的手機號碼","请输入有效的qq号码":"請輸入有效的qq號碼","请输入正确格式的邮箱":"請輸入正確格式的郵箱","详细地址的输入长度不得大于35个字符":"詳細地址的輸入長度不得大於35個字符","财富":"財富","等级":"等級","全部":"全部","存款":"存款","提现":"提現","修改密码":"修改密碼","*新密码两次不一致":"*新密碼兩次不一致","密码修改成功":"密碼修改成功","0万":"0萬","存入金币不能低于1万":"存入金幣不能低於1萬","密码不能为空":"密碼不能為空","密码长度为6位":"密碼長度為6位","取出金额不能为空":"取出金額不能為空","当前可存金币不足一万":"當前可存金幣不足一萬","保险箱金币为0":"保險箱金幣為0","*两次密码不一致":"*兩次密碼不一致","*密码不能为空":"*密碼不能為空","*密码长度为6位":"*密碼長度為6位","秒后开始，是否立即进入比赛？":"秒後開始，是否立即進入比賽？","话费送不停，豪礼不间断，这个德州不一般！":"話費送不停，豪禮不間斷，這個德州不一般！","您还没有抽奖次数，每日首次分享朋友圈即可获得1次抽奖机会！":"您還沒有抽獎次數，每日首次分享朋友圈即可獲得1次抽獎機會！","奖池":"獎池","昨天":"昨天","饮料":"飲料","钻石":"鉆石","是否花费{0}钻石，购买{1}？":"是否花費{0}鉆石，購買{1}？","您报名的坐满即玩":"您報名的坐滿即玩","马上就要开赛，是否立即进入？":"馬上就要開賽，是否立即進入？","测试":"測試","哈哈蛤":"哈哈蛤","语言：":"語言：","喔":"喔","decToHex unicode 编码转换":"decToHex unicode 編碼轉換","冲动是魔鬼，冷静":"沖動是魔鬼，冷靜","距离下次领奖时间00:00":"距離下次領獎時間00:00","您已领取":"您已領取","全部计时奖励":"全部計時獎勵","距离下次领奖时间":"距離下次領獎時間","第":"第","资料":"資料","概况":"概況","成就":"成就","常规赛":"常規賽","当前玩家不在线":"當前玩家不在線","正在游戏大厅":"正在遊戲大廳","在{0}：{1}，{2}买入":"在{0}：{1}，{2}買入","百人大战：{0}中":"百人大戰：{0}中","确定删除此好友？":"確定刪除此好友？","购买礼物":"購買禮物","购买道具":"購買道具","赠送礼物":"贈送禮物","赠送道具":"贈送道具","秒":"秒","开赛人数:":"開賽人數:","即将开始":"即將開始","延迟报名":"延遲報名","淘汰":"淘汰","：发了一条语音，当前打开方式不支持语音功能":"：發了一條語音，當前打開方式不支持語音功能","房卡(     x":"房卡(     x","是否花费{0}元，购买{1}？":"是否花費{0}元，購買{1}？","离线":"離線","在线":"在線","您已成功赠送给此好友":"您已成功贈送給此好友","金币！":"金幣！","大盲":"大盲","小盲":"小盲","离开":"離開","赠送给您":"贈送給您","好友金币":"好友金幣","您的金豆不足，完成新人礼、邀请好友等活动可获得金豆。":"您的金豆不足，完成新人禮、邀請好友等活動可獲得金豆。","请先取消购买再选择":"請先取消購買再選擇","欢乐券":"歡樂券","欢乐券不足！":"歡樂券不足！","胜":"勝","负":"負","平":"平","已完成":"已完成","未完成":"未完成","剩余:":"剩余:","未激活":"未激活","等待发货":"等待發貨","信息错误":"信息錯誤","您尚未填写领奖信息，请填写后再领取奖品":"您尚未填寫領獎信息，請填寫後再領取獎品","今天":"今天","等级：":"等級：","成长值：":"成長值：","头像上传完成，请等待审核":"頭像上傳完成，請等待審核","头像上传失败，请稍后重试！":"頭像上傳失敗，請稍後重試！","没有使用相册的权限":"沒有使用相冊的權限","请先选择图片":"請先選擇圖片","选择图片失败,请尝试其他图片":"選擇圖片失敗,請嘗試其他圖片","玩家信息为私密！":"玩家信息為私密！","游客":"遊客","绑定手机成功":"綁定手機成功","昵称不能为空":"昵稱不能為空","昵称不能大于6个字":"昵稱不能大於6個字","昵称只能为汉字、英文和数字":"昵稱只能為漢字、英文和數字","您输入的昵称包含屏蔽词":"您輸入的昵稱包含屏蔽詞","*密码长度为":"*密碼長度為","位":"位","*密码两次不一致":"*密碼兩次不一致","发送验证码":"發送驗證碼","重新发送":"重新發送","保险箱功能仅对VIP用户开放":"保險箱功能僅對VIP用戶開放","成为VIP":"成為VIP","添加红点类型不能为空！":"添加紅點類型不能為空！","您开通了VIP，保险箱已为您免费开放，请尽快设定您的保险箱密码!":"您開通了VIP，保險箱已為您免費開放，請盡快設定您的保險箱密碼!","前往设定":"前往設定","状态码为空":"狀態碼為空","帐号系统错误":"帳號系統錯誤","服务器维护":"服務器維護","参数错误":"參數錯誤","帐号不存在":"帳號不存在","帐号已存在":"帳號已存在","帐号信息校验失败":"帳號信息校驗失敗","应用不存在":"應用不存在","签名验证失败":"簽名驗證失敗","帐号或密码错误":"帳號或密碼錯誤","短信验证码发送失败":"短信驗證碼發送失敗","短信验证码验证失败":"短信驗證碼驗證失敗","手机号码未绑定":"手機號碼未綁定","手机号码已绑定":"手機號碼已綁定","帐号已禁用":"帳號已禁用","该手机号码发送次数超过当天限制":"該手機號碼發送次數超過當天限制","该手机号码发送次数超过每小时限制":"該手機號碼發送次數超過每小時限制","短信发送次数过于频繁，请一分钟后再试":"短信發送次數過於頻繁，請一分鐘後再試","手机账号不能绑定/解绑":"手機賬號不能綁定/解綁","请求过于频繁，请稍后再试":"請求過於頻繁，請稍後再試","token验证失败":"token驗證失敗","签名校验失败":"簽名校驗失敗","应用已禁用":"應用已禁用","是否自动登录":"是否自動登錄","旧密码":"舊密碼","新密码":"新密碼","解绑手机成功，为了您的帐号安全请尽快绑定手机":"解綁手機成功，為了您的帳號安全請盡快綁定手機","帐号至少包含一个英文字母":"帳號至少包含一個英文字母","请输入帐号":"請輸入帳號","帐号不能小于{0}个字符":"帳號不能小於{0}個字符","帐号不能大于{0}个字符":"帳號不能大於{0}個字符","帐号只能使用英文和数字":"帳號只能使用英文和數字","密码不能小于{0}个字符":"密碼不能小於{0}個字符","密码不能大于{0}个字符":"密碼不能大於{0}個字符","密码只能使用英文和数字":"密碼只能使用英文和數字","两次输入的密码不匹配，请重新输入":"兩次輸入的密碼不匹配，請重新輸入","请输入手机号码":"請輸入手機號碼","请输入短信验证码":"請輸入短信驗證碼","获取验证码":"獲取驗證碼","邀请码复制成功":"邀請碼復制成功","支付已关闭，无法支付":"支付已關閉，無法支付","没有找到微信支付接口":"沒有找到微信支付接口","请求支付数据返回错误":"請求支付數據返回錯誤","请求支付失败，请检查网络是否正常":"請求支付失敗，請檢查網絡是否正常","支付状态错误":"支付狀態錯誤","非法支付":"非法支付","支付失败":"支付失敗","微信支付接口不存在":"微信支付接口不存在","登录类型错误":"登錄類型錯誤","微信授权token为空":"微信授權token為空","微信授权openid为空":"微信授權openid為空","onComplete不为空时，thisObject不能为空":"onComplete不為空時，thisObject不能為空","连接失败":"連接失敗","登录验证失效或网络连接断开，点击确认重新登录游戏！":"登錄驗證失效或網絡連接斷開，點擊確認重新登錄遊戲！","网络断开":"網絡斷開","登录验证已失效，点击确认重新登录游戏！":"登錄驗證已失效，點擊確認重新登錄遊戲！","网络连接断开，请检查您的网络是否正常，点击确认重试！":"網絡連接斷開，請檢查您的網絡是否正常，點擊確認重試！","验证错误":"驗證錯誤","连接服务器验证错误":"連接服務器驗證錯誤","登录失效":"登錄失效","登录验证失效，请重新登录游戏！":"登錄驗證失效，請重新登錄遊戲！","网络超时":"網絡超時","网络连接超时，请检查您的网络是否正常并重试！":"網絡連接超時，請檢查您的網絡是否正常並重試！","该账号在其它地方登录，确定回到登录界面。":"該賬號在其它地方登錄，確定回到登錄界面。","发送协议出错":"發送協議出錯","协议初始化异常":"協議初始化異常","金币达人-1":"金幣達人-1","拥有金币数":"擁有金幣數","金币达人-2":"金幣達人-2","金币达人-3":"金幣達人-3","金币达人-4":"金幣達人-4","金币达人-5":"金幣達人-5","金币达人-6":"金幣達人-6","好友达人-1":"好友達人-1","拥有好友数":"擁有好友數","好友达人-2":"好友達人-2","好友达人-3":"好友達人-3","好友达人-4":"好友達人-4","好友达人-5":"好友達人-5","好友达人-6":"好友達人-6","等级达人-1":"等級達人-1","游戏等级达到":"遊戲等級達到","等级达人-2":"等級達人-2","等级达人-3":"等級達人-3","等级达人-4":"等級達人-4","等级达人-5":"等級達人-5","等级达人-6":"等級達人-6","对子达人-1":"對子達人-1","以对子胜出牌局数":"以對子勝出牌局數","对子达人-2":"對子達人-2","对子达人-3":"對子達人-3","对子达人-4":"對子達人-4","对子达人-5":"對子達人-5","对子达人-6":"對子達人-6","两对达人-1":"兩對達人-1","以两队胜出牌局数":"以兩隊勝出牌局數","两对达人-2":"兩對達人-2","两对达人-3":"兩對達人-3","两对达人-4":"兩對達人-4","两对达人-5":"兩對達人-5","两对达人-6":"兩對達人-6","三条达人-1":"三條達人-1","以三条胜出牌局数":"以三條勝出牌局數","三条达人-2":"三條達人-2","三条达人-3":"三條達人-3","三条达人-4":"三條達人-4","三条达人-5":"三條達人-5","三条达人-6":"三條達人-6","顺子达人-1":"順子達人-1","以顺子胜出牌局数":"以順子勝出牌局數","顺子达人-2":"順子達人-2","顺子达人-3":"順子達人-3","顺子达人-4":"順子達人-4","顺子达人-5":"順子達人-5","顺子达人-6":"順子達人-6","同花达人-1":"同花達人-1","以同花胜出牌局数":"以同花勝出牌局數","同花达人-2":"同花達人-2","同花达人-3":"同花達人-3","同花达人-4":"同花達人-4","同花达人-5":"同花達人-5","同花达人-6":"同花達人-6","葫芦达人-1":"葫蘆達人-1","以葫芦胜出牌局数":"以葫蘆勝出牌局數","葫芦达人-2":"葫蘆達人-2","葫芦达人-3":"葫蘆達人-3","葫芦达人-4":"葫蘆達人-4","葫芦达人-5":"葫蘆達人-5","葫芦达人-6":"葫蘆達人-6","四条达人-1":"四條達人-1","以四条胜出牌局数":"以四條勝出牌局數","四条达人-2":"四條達人-2","四条达人-3":"四條達人-3","四条达人-4":"四條達人-4","四条达人-5":"四條達人-5","四条达人-6":"四條達人-6","同花顺达人-1":"同花順達人-1","以同花顺胜出牌局数":"以同花順勝出牌局數","同花顺达人-2":"同花順達人-2","同花顺达人-3":"同花順達人-3","同花顺达人-4":"同花順達人-4","同花顺达人-5":"同花順達人-5","同花顺达人-6":"同花順達人-6","皇家同花顺达人-1":"皇家同花順達人-1","以皇家同花顺胜出牌局数":"以皇家同花順勝出牌局數","皇家同花顺达人-2":"皇家同花順達人-2","皇家同花顺达人-3":"皇家同花順達人-3","皇家同花顺达人-4":"皇家同花順達人-4","皇家同花顺达人-5":"皇家同花順達人-5","皇家同花顺达人-6":"皇家同花順達人-6","在德州扑克初级场对局5场":"在德州撲克初級場對局5場","在德州扑克初级场对局15场":"在德州撲克初級場對局15場","在德州扑克初级场对局30场":"在德州撲克初級場對局30場","在德州扑克初级场对局50场":"在德州撲克初級場對局50場","在德州扑克中级场对局5场":"在德州撲克中級場對局5場","在德州扑克中级场对局15场":"在德州撲克中級場對局15場","在德州扑克中级场对局30场":"在德州撲克中級場對局30場","在德州扑克中级场对局50场":"在德州撲克中級場對局50場","在德州扑克高级场对局5场":"在德州撲克高級場對局5場","在德州扑克高级场对局15场":"在德州撲克高級場對局15場","在德州扑克高级场对局30场":"在德州撲克高級場對局30場","在德州扑克高级场对局50场":"在德州撲克高級場對局50場","成功参与1场MTT锦标赛":"成功參與1場MTT錦標賽","成功参与3场MTT锦标赛":"成功參與3場MTT錦標賽","成功参与5场MTT锦标赛":"成功參與5場MTT錦標賽","成功参与10场MTT锦标赛":"成功參與10場MTT錦標賽","参与百人大战欢乐场10次":"參與百人大戰歡樂場10次","参与百人大战欢乐场30次":"參與百人大戰歡樂場30次","参与百人大战欢乐场50次":"參與百人大戰歡樂場50次","参与百人大战富豪场10次":"參與百人大戰富豪場10次","参与百人大战富豪场30次":"參與百人大戰富豪場30次","参与百人大战富豪场50次":"參與百人大戰富豪場50次","在德州扑克内赢得10次胜利":"在德州撲克內贏得10次勝利","在德州扑克内赢得20次胜利":"在德州撲克內贏得20次勝利","在德州扑克内赢得50次胜利":"在德州撲克內贏得50次勝利","在德州扑克内赢得100次胜利":"在德州撲克內贏得100次勝利","在MTT锦标赛内赢得1次冠军":"在MTT錦標賽內贏得1次冠軍","在MTT锦标赛内赢得3次冠军":"在MTT錦標賽內贏得3次冠軍","在MTT锦标赛内赢得5次冠军":"在MTT錦標賽內贏得5次冠軍","在MTT锦标赛内赢得8次冠军":"在MTT錦標賽內贏得8次冠軍","在百人大战里赢取10次胜利":"在百人大戰裏贏取10次勝利","在百人大战里赢取30次胜利":"在百人大戰裏贏取30次勝利","在百人大战里赢取50次胜利":"在百人大戰裏贏取50次勝利","等级升到5级":"等級升到5級","等级升到10级":"等級升到10級","等级升到15级":"等級升到15級","等级升到20级":"等級升到20級","等级升到25级":"等級升到25級","等级升到30级":"等級升到30級","等级升到35级":"等級升到35級","等级升到40级":"等級升到40級","等级升到45级":"等級升到45級","等级升到50级":"等級升到50級","等级升到55级":"等級升到55級","等级升到60级":"等級升到60級","等级升到65级":"等級升到65級","等级升到70级":"等級升到70級","等级升到75级":"等級升到75級","等级升到80级":"等級升到80級","等级升到85级":"等級升到85級","等级升到90级":"等級升到90級","等级升到95级":"等級升到95級","等级升到100级":"等級升到100級","在德州扑克对局1场":"在德州撲克對局1場","在德州扑克对局2场":"在德州撲克對局2場","在德州扑克对局3场":"在德州撲克對局3場","在德州扑克对局4场":"在德州撲克對局4場","在德州扑克对局5场":"在德州撲克對局5場","在德州扑克对局6场":"在德州撲克對局6場","在德州扑克对局7场":"在德州撲克對局7場","在德州扑克对局8场":"在德州撲克對局8場","在德州扑克对局9场":"在德州撲克對局9場","在德州扑克对局10场":"在德州撲克對局10場","签到奖励":"簽到獎勵","首充优惠":"首充優惠","100000金币":"100000金幣","100元话费赛门票":"100元話費賽門票","欢乐送豪礼":"歡樂送豪禮","玩牌就送IphoneX、2亿金币、Ipad Pro、话费等丰厚大奖":"玩牌就送IphoneX、2億金幣、Ipad Pro、話費等豐厚大獎","德州转转转":"德州轉轉轉","赢海量金币，超级大量，巨额奖励转不停":"贏海量金幣，超級大量，巨額獎勵轉不停","破产补助":"破產補助","绑定大礼包":"綁定大禮包","新人礼":"新人禮","分享":"分享","每日首次分享朋友圈，即可获得1次抽奖机会，100%中奖。抽奖次数当日有效，请尽快使用！":"每日首次分享朋友圈，即可獲得1次抽獎機會，100%中獎。抽獎次數當日有效，請盡快使用！","1个月VIP":"1個月VIP","6个月VIP":"6個月VIP","小喇叭*1":"小喇叭*1","购买后可发送全服小喇叭，总共可发送1次。":"購買後可發送全服小喇叭，總共可發送1次。","小喇叭*20":"小喇叭*20","购买后可发送全服小喇叭，总共可发送20次。":"購買後可發送全服小喇叭，總共可發送20次。","送6,000,000金币":"送6,000,000金幣","送2,340,000金币":"送2,340,000金幣","送1,130,000金币":"送1,130,000金幣","送108,000金币":"送108,000金幣","送6.4万金币":"送6.4萬金幣","1元=1.06万":"1元=1.06萬","送19.7万金币":"送19.7萬金幣","1元=1.09万":"1元=1.09萬","1元=1.11万":"1元=1.11萬","送146万金币":"送146萬金幣","1元=1.14万":"1元=1.14萬","1元=1.18万":"1元=1.18萬","送810万金币":"送810萬金幣","1元=1.25万":"1元=1.25萬","18钻石":"18鉆石","68钻石":"68鉆石","128钻石":"128鉆石","648钻石":"648鉆石","黄金月卡":"黃金月卡","中级场直通车":"中級場直通車","高级场直通车":"高級場直通車","重返巅峰":"重返巔峰","200金币":"200金幣","50元京东卡":"50元京東卡","10元电话卡":"10元電話卡","100钻石":"100鉆石","60钻石":"60鉆石","1000金币":"1000金幣","2000金币":"2000金幣","600金币":"600金幣","5000金币":"5000金幣","400金币":"400金幣","30元电话卡":"30元電話卡","20钻石":"20鉆石","40钻":"40鉆","免费-20万金币赛":"免費-20萬金幣賽","100万金币欢乐赛":"100萬金幣歡樂賽","200万金币欢乐赛":"200萬金幣歡樂賽","500万金币欢乐赛":"500萬金幣歡樂賽","1000万金币欢乐赛":"1000萬金幣歡樂賽","2000万每日欢乐赛":"2000萬每日歡樂賽","1亿金币周赛":"1億金幣周賽","免费-10元话费赛":"免費-10元話費賽","30元话费争夺赛":"30元話費爭奪賽","100元话费争夺赛":"100元話費爭奪賽","500金币争霸场":"500金幣爭霸場","1000金币争霸场":"1000金幣爭霸場","5000金币争霸场":"5000金幣爭霸場","1000金币场":"1000金幣場","2000金币场":"2000金幣場","5000金币场":"5000金幣場","1万金币场":"1萬金幣場","2万金币场":"2萬金幣場","5万金币场":"5萬金幣場","10万金币场":"10萬金幣場","单挑-5万金币场":"單挑-5萬金幣場","单挑-10万金币场":"單挑-10萬金幣場","单挑-20万金币场":"單挑-20萬金幣場","单挑-50万金币场":"單挑-50萬金幣場","欢乐场":"歡樂場","富豪场":"富豪場","数值道具":"數值道具","游戏中必备货币":"遊戲中必備貨幣","vip经验":"vip經驗","等级经验":"等級經驗","普通VIP":"普通VIP","购买后立即获得专属标识、专属客服、等级加速、创建私人房、免费使用保险箱等特权":"購買後立即獲得專屬標識、專屬客服、等級加速、創建私人房、免費使用保險箱等特權","年费VIP":"年費VIP","购买后立即获得专属标识、专属客服、等级加速、创建私人房、免费使用保险箱等特权。同时立即获得200点VIP成长值。":"購買後立即獲得專屬標識、專屬客服、等級加速、創建私人房、免費使用保險箱等特權。同時立即獲得200點VIP成長值。","活动道具":"活動道具","可在欢乐送壕礼活动中使用兑换超级奖励":"可在歡樂送壕禮活動中使用兌換超級獎勵","10元话费赛门票":"10元話費賽門票","使用可免费参与10元话费赛":"使用可免費參與10元話費賽","100钻石赛门票":"100鉆石賽門票","使用可免费参与100钻石赛":"使用可免費參與100鉆石賽","100万金币欢乐赛门票":"100萬金幣歡樂賽門票","使用可免费参与100万金币欢乐赛":"使用可免費參與100萬金幣歡樂賽","免费-20万金币赛门票":"免費-20萬金幣賽門票","门票":"門票","使用可免费参与免费-20万金币赛":"使用可免費參與免費-20萬金幣賽","200万金币欢乐赛门票":"200萬金幣歡樂賽門票","使用可免费参与200万金币欢乐赛":"使用可免費參與200萬金幣歡樂賽","500万金币欢乐赛门票":"500萬金幣歡樂賽門票","使用可免费参与500万金币欢乐赛":"使用可免費參與500萬金幣歡樂賽","1000万金币欢乐赛门票":"1000萬金幣歡樂賽門票","使用可免费参与1000万金币欢乐赛":"使用可免費參與1000萬金幣歡樂賽","2000万每日欢乐赛门票":"2000萬每日歡樂賽門票","使用可免费参与2000万每日欢乐赛":"使用可免費參與2000萬每日歡樂賽","1亿金币周赛门票":"1億金幣周賽門票","使用可免费参与1亿金币周赛":"使用可免費參與1億金幣周賽","免费-10元话费赛门票":"免費-10元話費賽門票","使用可免费参与免费-10元话费赛":"使用可免費參與免費-10元話費賽","30元话费争夺赛门票":"30元話費爭奪賽門票","使用可免费参与30元话费争夺赛":"使用可免費參與30元話費爭奪賽","使用可免费参与100元话费赛":"使用可免費參與100元話費賽","iPhone7兑换券":"iPhone7兌換券","可兑换64GiPhone7一台，颜色随机发送":"可兌換64GiPhone7一臺，顏色隨機發送","锦标赛-iPhone7争霸赛冠军奖励":"錦標賽-iPhone7爭霸賽冠軍獎勵","iPhoneX兑换券":"iPhoneX兌換券","可兑换64GiPhoneX一台，颜色随机发送":"可兌換64GiPhoneX一臺，顏色隨機發送","活动中获得":"活動中獲得","兑奖券":"兌獎券","可兑换Ipad Pro一台":"可兌換Ipad Pro一臺","1000元京东卡":"1000元京東卡","可兑换1000元京东卡一张":"可兌換1000元京東卡一張","小米空气净化器":"小米空氣凈化器","可兑换小米空气净化器一台":"可兌換小米空氣凈化器一臺","500Q币":"500Q幣","可兑换500Q币":"可兌換500Q幣","卡西欧电子表":"卡西歐電子表","可兑换卡西欧电子版一个":"可兌換卡西歐電子版一個","300元京东卡":"300元京東卡","可兑换300元京东卡":"可兌換300元京東卡","5Q币":"5Q幣","可兑换5Q币":"可兌換5Q幣","美的电饭锅":"美的電飯鍋","可兑换美的电饭锅一个":"可兌換美的電飯鍋一個","美的空调":"美的空調","可兑换美的空调一台":"可兌換美的空調一臺","神舟笔记本电脑":"神舟筆記本電腦","可兑换神州战神K670D-G4D1笔记本电脑一台":"可兌換神州戰神K670D-G4D1筆記本電腦一臺","可兑换iPhone8 Plus一台":"可兌換iPhone8 Plus一臺","可兑换iPhone8一台":"可兌換iPhone8一臺","可兑换OPPO R11s一台":"可兌換OPPO R11s一臺","ZIPPO打火机":"ZIPPO打火機","可兑换ZIPPO打火机一个":"可兌換ZIPPO打火機一個","300M全国流量":"300M全國流量","可兑换300M全国流量":"可兌換300M全國流量","500M全国流量":"500M全國流量","可兑换500M全国流量":"可兌換500M全國流量","5元话费兑换券":"5元話費兌換券","可兑换5元话费":"可兌換5元話費","通过锦标赛奖励或者活动获得的兑换券":"通過錦標賽獎勵或者活動獲得的兌換券","10元话费兑奖券":"10元話費兌獎券","可兑换10元话费":"可兌換10元話費","20元话费兑换券":"20元話費兌換券","可兑换20元话费":"可兌換20元話費","30元话费兑换券":"30元話費兌換券","可兑换30元话费":"可兌換30元話費","50元话费兑换券":"50元話費兌換券","可兑换50元话费":"可兌換50元話費","购买后可发送全服小喇叭":"購買後可發送全服小喇叭","金豆":"金豆","可以在兑奖界面进行兑奖":"可以在兌獎界面進行兌獎","打杂":"打雜","实习生":"實習生","初级业务员":"初級業務員","中级业务员":"中級業務員","高级业务员":"高級業務員","副经理":"副經理","经理":"經理","高级经理":"高級經理","副总监":"副總監","总监":"總監","高级总监":"高級總監","资深总监":"資深總監","副总经理":"副總經理","总经理":"總經理","副总裁":"副總裁","高级副总裁":"高級副總裁","总裁":"總裁","副董事长":"副董事長","董事长":"董事長","董事会主席":"董事會主席","永远不要像照片里的人一成不变的挂在那里，你必须综合你的行为，让对手一直在猜测你的目的。":"永遠不要像照片裏的人一成不變的掛在那裏，你必須綜合你的行為，讓對手一直在猜測你的目的。","只要你不是最好的牌，就要认真思索对方下重注的理由。":"只要你不是最好的牌，就要認真思索對方下重註的理由。","多总结下你输大钱的那些牌，比一直不停的打下去更重要。":"多總結下你輸大錢的那些牌，比一直不停的打下去更重要。","你做的任何事情都有可能让你输钱——什么都不做也一样。":"你做的任何事情都有可能讓你輸錢——什麽都不做也一樣。","如果你有一手大牌，别忘了对手可能有一手更大的牌。":"如果你有一手大牌，別忘了對手可能有一手更大的牌。","就算AA对27，也不是100%赢的。（所以不是无路可走的时候，最好不要起手就ALLIN）":"就算AA對27，也不是100%贏的。（所以不是無路可走的時候，最好不要起手就ALLIN）","那个一直弃牌的傻瓜其实是才是能一口吞掉你的巨鲨。":"那個一直棄牌的傻瓜其實是才是能一口吞掉你的巨鯊。","没必要花所有的筹码去验证对手是否偷鸡（万一不是你就完了）。":"沒必要花所有的籌碼去驗證對手是否偷雞（萬一不是你就完了）。","打牌不偷鸡是不行的，老是偷鸡更不是行的。":"打牌不偷雞是不行的，老是偷雞更不是行的。","不要只看到偷鸡成功的，还要看到有些为了偷鸡丧命的。":"不要只看到偷雞成功的，還要看到有些為了偷雞喪命的。","攻击性太强的人，把自己置于乱箭之中，迟早要被穿心。":"攻擊性太強的人，把自己置於亂箭之中，遲早要被穿心。","自己所下的注要对的起自己的底牌，即使底牌是对A,你的下注错误也会输掉一切。":"自己所下的註要對的起自己的底牌，即使底牌是對A,你的下註錯誤也會輸掉一切。","没有什么不可能，底牌是不是好牌或坏牌，是由庄家发给的那五张牌决定的。":"沒有什麽不可能，底牌是不是好牌或壞牌，是由莊家發給的那五張牌決定的。","中高级场对手看牌停顿的时间能反映出一定的信息。":"中高級場對手看牌停頓的時間能反映出一定的信息。","技术、胆识、运气、心态，是赢钱的关键。":"技術、膽識、運氣、心態，是贏錢的關鍵。","桌上筹码最多，这样打起来轻松。不要怕别人惦记你桌上的钱。":"桌上籌碼最多，這樣打起來輕松。不要怕別人惦記你桌上的錢。","拿到双A并不是你必胜的保证，有可能成为你出局的陷阱。":"拿到雙A並不是你必勝的保證，有可能成為你出局的陷阱。","德州扑克游戏的规律就是没有任何一点规律可寻。":"德州撲克遊戲的規律就是沒有任何一點規律可尋。","不要过于依赖自己的底牌，真正的底牌其实是河牌！":"不要過於依賴自己的底牌，真正的底牌其實是河牌！","吸引对手跟重注的是彩池比例，而不是你桌上的奖金。":"吸引對手跟重註的是彩池比例，而不是你桌上的獎金。","输赢无法控制，但是你可以控制输赢的多寡！":"輸贏無法控制，但是你可以控制輸贏的多寡！","白手起家":"白手起家","土豪":"土豪","锦标赛奖励":"錦標賽獎勵","您在{0}中获得{1}，奖励{2}，请查收！":"您在{0}中獲得{1}，獎勵{2}，請查收！","超市钩物":"超市鉤物","随机奖励金币":"隨機獎勵金幣","随机奖励体力":"隨機獎勵體力","女仆商店":"女仆商店","汽车配件商店":"汽車配件商店","房屋升级碎片商店":"房屋升級碎片商店","恭喜【{0}】在{1}中获得冠军，获得奖励{2}":"恭喜【{0}】在{1}中獲得冠軍，獲得獎勵{2}","奥马哈扑克":"奧馬哈撲克","奥马哈扑克游戏是一种与德克萨斯扑克相似的扑克游戏，在玩家当中长盛不衰，该游戏始于20世纪90年代。":"奧馬哈撲克遊戲是一種與德克薩斯撲克相似的撲克遊戲，在玩家當中長盛不衰，該遊戲始於20世紀90年代。","百人大战":"百人大戰","加注":"加註","全下下注":"全下下註","非全下下注":"非全下下註","加注滑动":"加註滑動","大胜利（葫芦及以上）":"大勝利（葫蘆及以上）","下盲注":"下盲註","按钮点击":"按鈕點擊","皇家同花顺胜利":"皇家同花順勝利","葫芦胜利":"葫蘆勝利","四条胜利":"四條勝利","同花顺胜利":"同花順勝利","筹码落下（一轮下注结束）":"籌碼落下（一輪下註結束）","筹码结算飞行":"籌碼結算飛行","结束筹码":"結束籌碼","界面关闭":"界面關閉","发牌1":"發牌1","弃牌音效":"棄牌音效","收取礼物":"收取禮物","发送礼物":"發送禮物","获得金币":"獲得金幣","大厅背景音乐":"大廳背景音樂","升级":"升級","亮牌1":"亮牌1","失败":"失敗","有提示（加好友、邀请入座）":"有提示（加好友、邀請入座）","轮到自己出牌":"輪到自己出牌","游戏中背景音乐":"遊戲中背景音樂","界面打开":"界面打開","发送信息":"發送信息","入座":"入座","站起":"站起","点击座位":"點擊座位","胜利":"勝利","获得道具":"獲得道具","欢迎来到跳娃娃！":"歡迎來到跳娃娃！","来玩就送，实物大奖领回家！":"來玩就送，實物大獎領回家！","天天签到送元宝！":"天天簽到送元寶！","直通车":"直通車","6元":"6元","30元":"30元","128元":"128元","648元":"648元","【中国黄金】黄金金条10g":"【中國黃金】黃金金條10g","【周大福】十二生肖狗吉星高照足金黄金吊坠2g":"【周大福】十二生肖狗吉星高照足金黃金吊墜2g","南极人纯棉四件套":"南極人純棉四件套","注册账户":"註冊賬戶","达到目标分数":"達到目標分數","被邀请人达到目标分数":"被邀請人達到目標分數","邀请其他玩家注册游戏":"邀請其他玩家註冊遊戲","一对":"一對","锦标赛说明":"錦標賽說明","如何领取实物奖励？":"如何領取實物獎勵？","1，点击个人头像打开个人信息资料窗口，在窗口左下角点击“我的奖品”即可进入奖品领取页面。\\\\n2，请按照要求填写所有领奖信息并保存，以便及时领取奖品。":"1，點擊個人頭像打開個人信息資料窗口，在窗口左下角點擊“我的獎品”即可進入獎品領取頁面。\\\\n2，請按照要求填寫所有領獎信息並保存，以便及時領取獎品。","什么是锦标赛":"什麽是錦標賽","锦标赛是一直定时多桌的德州扑克比赛玩法。所有参赛玩家以同样的金币数量开局，直至仅剩一名玩家拥有金币，冠军产生，比赛结束。为保证比赛激烈程度，随着比赛进行，盲注等级将不断提升。\\\\n\\\\n":"錦標賽是一直定時多桌的德州撲克比賽玩法。所有參賽玩家以同樣的金幣數量開局，直至僅剩一名玩家擁有金幣，冠軍產生，比賽結束。為保證比賽激烈程度，隨著比賽進行，盲註等級將不斷提升。\\\\n\\\\n","锦标赛规则":"錦標賽規則","1，固定时间开始比赛，届时若参数人数不足最低人数要求，则比赛取消，返还全部报名费用。\\\\n2，参加必要需要支付报名费+服务费。主动退赛仅退还报名费，不退还服务费。\\\\n3，逾期未参加比赛，将不退还任何费用，请提前进入游戏并准时参加。\\\\n4，比赛中玩家将使用比赛筹码进行比赛（比赛筹码不等于账户中的金币），仅用于比赛内计数。\\\\n5，前注：比赛进行过程中，每局开始前强制所有玩家自动下注若干金币，即为前注。\\\\n6，重购筹码（rebuy）：在可以rebuy的比赛中规定的盲注级别内，若玩家当前金币≤初始金币时（或被淘汰），可以再次花费比赛参赛费额外买入一份初始买入筹码。\\\\n7，增购筹码（addon）：在可以addon的比赛中规定的盲注级别内，玩家可以再次花费报名费额外买入若干筹码。\\\\n8，比赛根据比赛代币数进行排位，最先退出比赛的玩家即为最后一名，以此类推。同时被淘汰则依次按照牌力、开始时筹码定位名次，牌力大者排名在前，开始时筹码多者排名在前。\\\\n9，当比赛里只剩下最后一名玩家时比赛结束，最后一名玩家即是冠军。\\\\n10，比赛优先使用门票报名，金币报名（参赛费+服务费，如“10万+1万”）退赛时将仅退还参赛费，赛事开始后无法退赛。\\\\n\\\\n":"1，固定時間開始比賽，屆時若參數人數不足最低人數要求，則比賽取消，返還全部報名費用。\\\\n2，參加必要需要支付報名費+服務費。主動退賽僅退還報名費，不退還服務費。\\\\n3，逾期未參加比賽，將不退還任何費用，請提前進入遊戲並準時參加。\\\\n4，比賽中玩家將使用比賽籌碼進行比賽（比賽籌碼不等於賬戶中的金幣），僅用於比賽內計數。\\\\n5，前註：比賽進行過程中，每局開始前強制所有玩家自動下註若幹金幣，即為前註。\\\\n6，重購籌碼（rebuy）：在可以rebuy的比賽中規定的盲註級別內，若玩家當前金幣≤初始金幣時（或被淘汰），可以再次花費比賽參賽費額外買入一份初始買入籌碼。\\\\n7，增購籌碼（addon）：在可以addon的比賽中規定的盲註級別內，玩家可以再次花費報名費額外買入若幹籌碼。\\\\n8，比賽根據比賽代幣數進行排位，最先退出比賽的玩家即為最後一名，以此類推。同時被淘汰則依次按照牌力、開始時籌碼定位名次，牌力大者排名在前，開始時籌碼多者排名在前。\\\\n9，當比賽裏只剩下最後一名玩家時比賽結束，最後一名玩家即是冠軍。\\\\n10，比賽優先使用門票報名，金幣報名（參賽費+服務費，如“10萬+1萬”）退賽時將僅退還參賽費，賽事開始後無法退賽。\\\\n\\\\n","版本信息":"版本信息","亲爱的玩家你好":"親愛的玩家你好","提示":"提示","玩法规则":"玩法規則","1，在牌局进行中，您可以使用牌桌外的筹码在手牌竞猜中购买手牌类型，在规定数量内进行购买。\\\\n2，购买的额度根据当前所在房间的大盲注为准。\\\\n3，当您在开局，获得手牌后进行结算，若发出您竞猜的手牌牌型，则返还您该项目的投入并按其比例奖励您金币到您的账户。\\\\n4，游戏开始后，只能购买下局的手牌。\\\\n5，本周榜单的时间为：每周一0:00开始到每周日23:59为止。\\\\n6，开奖信息只记录当前牌桌内，最近10局的手牌开奖信息。\\\\n7，购买记录只记录所有牌桌中，最多30条的手牌竞猜记录。":"1，在牌局進行中，您可以使用牌桌外的籌碼在手牌競猜中購買手牌類型，在規定數量內進行購買。\\\\n2，購買的額度根據當前所在房間的大盲註為準。\\\\n3，當您在開局，獲得手牌後進行結算，若發出您競猜的手牌牌型，則返還您該項目的投入並按其比例獎勵您金幣到您的賬戶。\\\\n4，遊戲開始後，只能購買下局的手牌。\\\\n5，本周榜單的時間為：每周一0:00開始到每周日23:59為止。\\\\n6，開獎信息只記錄當前牌桌內，最近10局的手牌開獎信息。\\\\n7，購買記錄只記錄所有牌桌中，最多30條的手牌競猜記錄。","规则":"規則","\\\\n1，根据玩家当前携带的筹码计算可下注的额度\\\\n2，选择不同额度，点击中间的四个不同下注区域可进行下注。\\\\n3，在下注结束后，庄家和下方的四个闲家每家发五张牌，发牌完毕后进行比牌。\\\\n4，按照牌型大小，玩家可赢取或者赔付相应倍率的筹码。\\\\n5，玩家携带金币达到一定数量，可选择成为庄家。成为庄家以后，不需要进行投注，只需等待其他玩家投注就可以坐等收益。\\\\n\\\\n":"\\\\n1，根據玩家當前攜帶的籌碼計算可下註的額度\\\\n2，選擇不同額度，點擊中間的四個不同下註區域可進行下註。\\\\n3，在下註結束後，莊家和下方的四個閑家每家發五張牌，發牌完畢後進行比牌。\\\\n4，按照牌型大小，玩家可贏取或者賠付相應倍率的籌碼。\\\\n5，玩家攜帶金幣達到一定數量，可選擇成為莊家。成為莊家以後，不需要進行投註，只需等待其他玩家投註就可以坐等收益。\\\\n\\\\n","牌型大小以及赔率":"牌型大小以及賠率","奖池资金：":"獎池資金：","\\\\n玩家或庄家胜出后，系统从盈利中抽取极少一部分放入彩池中。\\\\n\\\\n":"\\\\n玩家或莊家勝出後，系統從盈利中抽取極少一部分放入彩池中。\\\\n\\\\n","如何参与奖池：":"如何參與獎池：","\\\\n凡是参与投注即视为参与了奖池，投注的选项中击中了牌型：四条，同花顺，皇家同花顺牌型即可获得奖池奖励。\\\\n\\\\n":"\\\\n凡是參與投註即視為參與了獎池，投註的選項中擊中了牌型：四條，同花順，皇家同花順牌型即可獲得獎池獎勵。\\\\n\\\\n","玩法":"玩法","德州扑克，全称为德克萨斯扑克，它是一种玩家对玩家的公共牌类游戏。":"德州撲克，全稱為德克薩斯撲克，它是一種玩家對玩家的公共牌類遊戲。","1.\\\\t每个玩家发两张底牌，五张由荷官陆续朝\\\\t\\\\t\\\\t\\\\t上发出的公共牌(依次发3张、1张、1张)\\\\n2.\\\\t牌局开始，每个玩家会有两张面朝下的底\\\\t\\\\t\\\\t\\\\t牌。\\\\n3.\\\\t经过所有押注圈，若仍不能分出胜负，游\\\\t\\\\t\\\\t\\\\t戏会进入“摊牌”阶段。\\\\n4.\\\\t在摊牌阶段，所剩的玩家亮出各自的底牌\\\\t\\\\t\\\\t\\\\t以较高下，持大牌者获胜。":"1.\\\\t每個玩家發兩張底牌，五張由荷官陸續朝\\\\t\\\\t\\\\t\\\\t上發出的公共牌(依次發3張、1張、1張)\\\\n2.\\\\t牌局開始，每個玩家會有兩張面朝下的底\\\\t\\\\t\\\\t\\\\t牌。\\\\n3.\\\\t經過所有押註圈，若仍不能分出勝負，遊\\\\t\\\\t\\\\t\\\\t戲會進入“攤牌”階段。\\\\n4.\\\\t在攤牌階段，所剩的玩家亮出各自的底牌\\\\t\\\\t\\\\t\\\\t以較高下，持大牌者獲勝。","比赛用牌":"比賽用牌","德州扑克一共有52张牌，没有王牌。":"德州撲克一共有52張牌，沒有王牌。","活动说明":"活動說明","一.如何获得欢乐券？":"一.如何獲得歡樂券？","1.在德州扑克大于等于500/1000的房间里打牌或者下注额大于等于2000的德州转转转均可获得欢乐券。玩的场次越大获得的欢乐券越多。\\\\n2.普通玩家充值即可获得欢乐券，充值1元赠送1欢乐券，充值额度必须大于10元，低于10元不赠送欢乐券。":"1.在德州撲克大於等於500/1000的房間裏打牌或者下註額大於等於2000的德州轉轉轉均可獲得歡樂券。玩的場次越大獲得的歡樂券越多。\\\\n2.普通玩家充值即可獲得歡樂券，充值1元贈送1歡樂券，充值額度必須大於10元，低於10元不贈送歡樂券。","二.欢乐券会过期吗？":"二.歡樂券會過期嗎？","活动结束后将会保留一天时间使用欢乐券，切记一定要在活动结束前使用欢乐券，活动结束后欢乐券会清空哦！！":"活動結束後將會保留一天時間使用歡樂券，切記一定要在活動結束前使用歡樂券，活動結束後歡樂券會清空哦！！","三.礼品可以重复兑换码？":"三.禮品可以重復兌換碼？","不可以哦~每种礼品在活动期间内只能兑换一次~":"不可以哦~每種禮品在活動期間內只能兌換一次~","*活动的最终解释权归星运德州所有":"*活動的最終解釋權歸星運德州所有","奥马哈扑克规则":"奧馬哈撲克規則","游戏介绍":"遊戲介紹","奥马哈扑克游戏(Omaha Poker)是一种与德克萨斯扑克相似的扑克游戏，在玩家当中长盛不衰，该游戏始于20世纪90年代。":"奧馬哈撲克遊戲(Omaha Poker)是一種與德克薩斯撲克相似的撲克遊戲，在玩家當中長盛不衰，該遊戲始於20世紀90年代。","基本玩法":"基本玩法","每个牌手发四张底牌，然后再依次发五张公共牌（翻牌圈发3张、转牌圈发1张、河牌圈发1张），每个牌手必须从手里的四张牌中选取两张，从五张公共牌中选取三张，组合成最大的牌组，与其他人进行输赢比较。":"每個牌手發四張底牌，然後再依次發五張公共牌（翻牌圈發3張、轉牌圈發1張、河牌圈發1張），每個牌手必須從手裏的四張牌中選取兩張，從五張公共牌中選取三張，組合成最大的牌組，與其他人進行輸贏比較。","牌型与德州扑克一致，由大到小为\\\\n10，皇家同花顺\\\\n9，同花顺\\\\n8，四条\\\\n7，葫芦\\\\n6，同花\\\\n8，顺子\\\\n4，三条\\\\n3，两对\\\\n2，一对\\\\n1，高牌":"牌型與德州撲克一致，由大到小為\\\\n10，皇家同花順\\\\n9，同花順\\\\n8，四條\\\\n7，葫蘆\\\\n6，同花\\\\n8，順子\\\\n4，三條\\\\n3，兩對\\\\n2，一對\\\\n1，高牌","官方QQ群":"官方QQ群","版本号获取错误，请检查初始文件是否正确":"版本號獲取錯誤，請檢查初始文件是否正確","加载版本文件失败！点击确定重新加载！":"加載版本文件失敗！點擊確定重新加載！","有新版本(":"有新版本(",")更新，需要更新才能进入游戏，点击确定前往更新!":")更新，需要更新才能進入遊戲，點擊確定前往更新!",")更新，是否前往更新？":")更新，是否前往更新？","版本文件解析错误！点击确定重新加载！":"版本文件解析錯誤！點擊確定重新加載！","下载地址空，请到应用商店下载或联系客服处理":"下載地址空，請到應用商店下載或聯系客服處理","游戏停机维护中，届时将无法登录游戏，请各位相互转告。具体开服时间可能会根据实际情况通告，敬请谅解。":"遊戲停機維護中，屆時將無法登錄遊戲，請各位相互轉告。具體開服時間可能會根據實際情況通告，敬請諒解。","个":"個","未选择任何图片":"未選擇任何圖片","图片类型不正确":"圖片類型不正確","图片不能大于":"圖片不能大於","正在加载...":"正在加載...","socket关闭后，是否允许执行发送方法":"socket關閉後，是否允許執行發送方法","一样的命令和回调是否独占发送，(如果是，当还没接收到上一个包的时候，再次发包，会忽略掉)":"一樣的命令和回調是否獨占發送，(如果是，當還沒接收到上一個包的時候，再次發包，會忽略掉)","断线重发":"斷線重發","传入了错误的消息名或Proto文件没有初始化":"傳入了錯誤的消息名或Proto文件沒有初始化","发送消息出错，未找到消息体cmdid:":"發送消息出錯，未找到消息體cmdid:","copy参数异常：source":"copy參數異常：source","yyyy年MM月dd日 hh时mm分ss秒":"yyyy年MM月dd日 hh時mm分ss秒","yyyy年MM月dd日":"yyyy年MM月dd日","hh时mm分ss秒":"hh時mm分ss秒","yyyy年MM月dd日 hh时mm分":"yyyy年MM月dd日 hh時mm分","{0}小时":"{0}小時","复制成功!":"復制成功!","正在进入游戏...":"正在進入遊戲...","进入比赛":"進入比賽","绑定手机账号":"綁定手機賬號","活动中心":"活動中心","返回大厅":"返回大廳","帮助":"幫助","邮箱":"郵箱","充值商城":"充值商城","增购":"增購","保险箱":"保險箱","结束时":"結束時","9999万":"9999萬","1/3\\n底池":"1/3\\n底池","1/2\\n底池":"1/2\\n底池","2/3\\n底池":"2/3\\n底池","X1\\n底池":"X1\\n底池","欢迎进入训练营":"歡迎進入訓練營","翻牌":"翻牌","转牌":"轉牌","河牌":"河牌","邀请":"邀請","坐下":"坐下","啊啊啊啊啊啊":"啊啊啊啊啊啊","加 注":"加 註","下000/8前注6000":"下000/8前註6000","比赛进行99分钟,剩余比赛人数:999":"比賽進行99分鐘,剩余比賽人數:999","重购筹码":"重購籌碼","增购筹码":"增購籌碼","均码:9991":"均碼:9991","9999金币":"9999金幣","9元":"9元","仅需：":"僅需：","直通中级场":"直通中級場","100万":"100萬","10万":"10萬","1000万金币每日欢乐赛门票":"1000萬金幣每日歡樂賽門票","立即进入":"立即進入","我的奖品":"我的獎品","正在请求数据...":"正在請求數據...","等待下局开始":"等待下局開始","请输入您的手机号码":"請輸入您的手機號碼","手机短信验证码":"手機短信驗證碼","请输入密码":"請輸入密碼","请再次输入密码":"請再次輸入密碼","1000万":"1000萬","成就名称-1":"成就名稱-1","成就描述成就描述":"成就描述成就描述","点击可查看活动详情":"點擊可查看活動詳情","返回":"返回","手指上滑，取消发送":"手指上滑，取消發送","松开手指，取消发送":"松開手指，取消發送","正在登陆...":"正在登陸...","兑换时间":"兌換時間","兑换内容":"兌換內容","消耗":"消耗","很遗憾，输光啦？补充金币立即翻本！":"很遺憾，輸光啦？補充金幣立即翻本！","1000万金币":"1000萬金幣","79元":"79元","原价100元":"原價100元","领取条件：金币不足":"領取條件：金幣不足","剩余次数：":"剩余次數：","立即领取":"立即領取","用户名":"用戶名","手机":"手機","微信":"微信","绑定微信":"綁定微信","绑定手机和微信，可以在其他设备上使用手机或微信进行登录！":"綁定手機和微信，可以在其他設備上使用手機或微信進行登錄！","忘记密码":"忘記密碼","绑定手机账号，可以在其他设备上使用手机账号进行登录！还可获得以下绑定好礼！":"綁定手機賬號，可以在其他設備上使用手機賬號進行登錄！還可獲得以下綁定好禮！","在您遗忘保险箱密码后可通过保险箱安全手机找回密码（保险箱安全手机号可与登录手机号不一致）！":"在您遺忘保險箱密碼後可通過保險箱安全手機找回密碼（保險箱安全手機號可與登錄手機號不一致）！","手机号":"手機號","验证码":"驗證碼","1.输入有效手机号":"1.輸入有效手機號","2.点击“发送验证码”，系统将发送验证码至您的手机":"2.點擊“發送驗證碼”，系統將發送驗證碼至您的手機","3.输入您收到的验证码，点击“下一步”。":"3.輸入您收到的驗證碼，點擊“下一步”。","下一步":"下一步","最小买入":"最小買入","最大买入":"最大買入","自动买入":"自動買入","商城充值":"商城充值","买入游戏":"買入遊戲","仅需648元":"僅需648元","1200万金币":"1200萬金幣","立即购买":"立即購買","报名费:":"報名費:","6-14 15:30（延迟报名5分钟）":"6-14 15:30（延遲報名5分鐘）","参赛人数:":"參賽人數:","35-600人":"35-600人","初始筹码:":"初始籌碼:","重购描述重购描述重购描述重购描述重购描述重购描述重购描述":"重購描述重購描述重購描述重購描述重購描述重購描述重購描述","增购描述增购描述增购描述增购描述增购描述增购描述":"增購描述增購描述增購描述增購描述增購描述增購描述","报名":"報名","退赛":"退賽","排名":"排名","参赛人数":"參賽人數","比赛进行":"比賽進行","涨盲剩余时间":"漲盲剩余時間","比赛暂未开始":"比賽暫未開始","当前盲注":"當前盲註","下级盲注":"下級盲註","前注":"前註","昵称":"昵稱","头像":"頭像","拥有筹码":"擁有籌碼","暂无用户报名":"暫無用戶報名","级别":"級別","升盲时间":"升盲時間","名次":"名次","赛事列表":"賽事列表","赛事":"賽事","赛事信息":"賽事信息","开始时间":"開始時間","暂无赛事":"暫無賽事","已报名":"已報名","您还未参加任何赛事":"您還未參加任何賽事","您还未结束任何赛事":"您還未結束任何賽事","您暂无任何门票":"您暫無任何門票","赛事时间":"賽事時間","暂无任何最近赛况":"暫無任何最近賽況","随机昵称":"隨機昵稱","修改昵称":"修改昵稱","提示：昵称只能为汉字、英文和数字，长度不可大于6个字。":"提示：昵稱只能為漢字、英文和數字，長度不可大於6個字。","快捷输入":"快捷輸入","表情":"表情","发送":"發送","入座后才可输入表情":"入座後才可輸入表情","朋友圈":"朋友圈","微信好友":"微信好友","选择分享至":"選擇分享至","选择性别":"選擇性別","女":"女","创建昵称":"創建昵稱","随机":"隨機","进入游戏":"進入遊戲","选择盲注":"選擇盲註","小盲/大盲":"小盲/大盲","1000万/1500万":"1000萬/1500萬","20万":"20萬","9.99亿":"9.99億","现有资产:":"現有資產:","4万":"4萬","请输入私人房密码":"請輸入私人房密碼","创建房间":"創建房間","添加头像":"添加頭像","性别":"性別","年龄":"年齡","保密":"保密","未知":"未知","您暂时还没有添加好友，点击上方按钮邀请好友一起游戏吧！":"您暫時還沒有添加好友，點擊上方按鈕邀請好友一起遊戲吧！","暂时未收到好友金币先给好友赠送金币吧":"暫時未收到好友金幣先給好友贈送金幣吧","快速领取好友金币":"快速領取好友金幣","暂无好友请求":"暫無好友請求","添加":"添加","搜索":"搜索","好友推荐":"好友推薦","房间ID:":"房間ID:","盲注：":"盲註：","底池":"底池","前注：":"前註：","我回来了":"我回來了","托管中":"托管中","菜单":"菜單","在线奖励":"在線獎勵","中奖啦!":"中獎啦!","该房间暂无上局回顾":"該房間暫無上局回顧","用户名称六字":"用戶名稱六字","商城":"商城","任务":"任務","更多":"更多","设置":"設置","在牌局开始的时候，每个玩家分得两张牌作为“手牌” （仅自己可见），荷官会分三次陆续发出五张公共牌（3张+1张+1张）。从每个玩家的底牌和公共牌中，选出组合最大牌型的五张与其他玩家进行比较，决出胜负。":"在牌局開始的時候，每個玩家分得兩張牌作為“手牌” （僅自己可見），荷官會分三次陸續發出五張公共牌（3張+1張+1張）。從每個玩家的底牌和公共牌中，選出組合最大牌型的五張與其他玩家進行比較，決出勝負。","玩家1":"玩家1","玩家2":"玩家2","公共牌":"公共牌","成牌":"成牌","葫芦 赢家":"葫蘆 贏家","两对 输家":"兩對 輸家","1.皇家同花顺":"1.皇家同花順","2.同花顺":"2.同花順","3.四条":"3.四條","4.葫芦":"4.葫蘆","5.同花":"5.同花","6.顺子":"6.順子","7.三条":"7.三條","8.两对":"8.兩對","9.一对":"9.一對","10.高牌":"10.高牌","选择看牌，看牌是不进行下注的！":"選擇看牌，看牌是不進行下註的！","牌不好，就选择弃牌，不再参与这次对局。":"牌不好，就選擇棄牌，不再參與這次對局。","如果觉得牌可以，就可进行跟注。":"如果覺得牌可以，就可進行跟註。","如果觉得牌优势明显，可进行加注。":"如果覺得牌優勢明顯，可進行加註。","如果对你的牌相当有信心，就全下吧。":"如果對你的牌相當有信心，就全下吧。","首先让牌，如果需要下注则选择弃牌。":"首先讓牌，如果需要下註則選擇棄牌。","自动选择跟注。":"自動選擇跟註。","您获得了9999金币":"您獲得了9999金幣","您完成了及时奖励第1轮":"您完成了及時獎勵第1輪","获得奖励:":"獲得獎勵:","1200金币":"1200金幣","距离下次领奖时间:":"距離下次領獎時間:","20分钟":"20分鐘","佩戴中":"佩戴中","剩余时间：":"剩余時間：","佩戴礼物":"佩戴禮物","用户名字六字":"用戶名字六字","我的会员成长值：":"我的會員成長值：","总计：":"總計：","目前等级：":"目前等級：","成长速度：":"成長速度：","到期时间：":"到期時間：","0点":"0點","开通年费，每日15点>>":"開通年費，每日15點>>","11.11万":"11.11萬","30分钟才赢5万？补齐少量金币重返高级场吧！":"30分鐘才贏5萬？補齊少量金幣重返高級場吧！","类型":"類型","赔率":"賠率","注数":"註數","总计:":"總計:","15.2万":"15.2萬","玩家":"玩家","中奖注数":"中獎註數","中奖金币":"中獎金幣","时间":"時間","手牌":"手牌","总注数":"總註數","中奖金额":"中獎金額","您的牌型为高牌":"您的牌型為高牌","你完成了新手引导，获得了新手奖励。":"你完成了新手引導，獲得了新手獎勵。","花色相同的A、K、Q、J、10组成":"花色相同的A、K、Q、J、10組成","五张花色相同的连续牌组成，但不包括皇家同花顺":"五張花色相同的連續牌組成，但不包括皇家同花順","四张点数相同的牌加任一张其他牌组成":"四張點數相同的牌加任一張其他牌組成","三张点数相同的牌和一对组成。":"三張點數相同的牌和一對組成。","由花色相同牌，但点数不相连的五张组成":"由花色相同牌，但點數不相連的五張組成","由五张点数相连，但花色不同的牌组成。":"由五張點數相連，但花色不同的牌組成。","五张中有三张点数相同的牌和两张非对子的牌组成":"五張中有三張點數相同的牌和兩張非對子的牌組成","由两个对子组合而成":"由兩個對子組合而成","由一个对子和三张点数不同的牌组成":"由一個對子和三張點數不同的牌組成","五张点数没有任何排列的牌组成":"五張點數沒有任何排列的牌組成","跳过新手引导!":"跳過新手引導!","进入新手引导!":"進入新手引導!","我已了解德州\\n扑克规则":"我已了解德州\\n撲克規則","我还想继续\\n了解德州扑克":"我還想繼續\\n了解德州撲克","距离结束还有：9天":"距離結束還有：9天","您的欢乐券：999":"您的歡樂券：999","排行":"排行","积分":"積分","兑换奖品":"兌換獎品","兑换数量":"兌換數量","暂无使用记录":"暫無使用記錄","活动说明\\n活动说明\\n活动说明\\n活动说明":"活動說明\\n活動說明\\n活動說明\\n活動說明","活动标题":"活動標題","上庄至少需要2亿":"上莊至少需要2億","每次最多坐庄99轮比赛！":"每次最多坐莊99輪比賽！","99.99亿":"99.99億","排序":"排序","牌型":"牌型","四条":"四條","顺子":"順子","当前无座玩家共有123人":"當前無座玩家共有123人","当前没有无座玩家":"當前沒有無座玩家","暂无百人大战赛事":"暫無百人大戰賽事","所有玩家的获利将有小额部分进入奖池":"所有玩家的獲利將有小額部分進入獎池","上轮中奖信息及名单":"上輪中獎信息及名單","开奖类型":"開獎類型","开奖比例":"開獎比例","暂未开奖":"暫未開獎","总额":"總額","日期":"日期","$99.99亿":"$99.99億","无玩家进行押注":"無玩家進行押註","奖池:":"獎池:","庄家昵称":"莊家昵稱","888.8万":"888.8萬","下庄":"下莊","趋势":"趨勢","未入座玩家":"未入座玩家","开始下注. . . 15":"開始下註. . . 15","当前没有胜负记录":"當前沒有勝負記錄","图片加载中...":"圖片加載中...","请选择你要邀请的好友":"請選擇你要邀請的好友","全选":"全選","发送邀请":"發送邀請","房间号：":"房間號：","你的好友好友名字六字现在邀请您一起游戏！":"你的好友好友名字六字現在邀請您一起遊戲！","你的好友好友名字六字现在邀请您一起进行":"你的好友好友名字六字現在邀請您一起進行","20万买入":"20萬買入","立即加入":"立即加入","下次再说":"下次再說","确认绑定":"確認綁定","仅限3级及以下用户":"僅限3級及以下用戶","您已绑定邀请码":"您已綁定邀請碼","推荐好友进入游戏":"推薦好友進入遊戲","好友每次进行金币充值":"好友每次進行金幣充值","您可获得":"您可獲得","好友充值金币的10%":"好友充值金幣的10%","好友可获得":"好友可獲得","大量金币+豪华首充奖励":"大量金幣+豪華首充獎勵","好友通过您的分享链接进入游戏或者填写您的邀请码，都可获得奖励！（仅限3级及以下用户）":"好友通過您的分享鏈接進入遊戲或者填寫您的邀請碼，都可獲得獎勵！（僅限3級及以下用戶）","您的邀请码:":"您的邀請碼:","复制邀请码":"復制邀請碼","您已累计获得":"您已累計獲得","还可以获得":"還可以獲得","当前可以领取":"當前可以領取","绑定时间":"綁定時間","好友昵称":"好友昵稱","完成新人礼":"完成新人禮","暂无绑定好友":"暫無綁定好友","绑定玩家：6人":"綁定玩家：6人","完成新人礼：4人":"完成新人禮：4人","充值时间":"充值時間","充值金币":"充值金幣","可获得金币":"可獲得金幣","暂无绑定好友充值":"暫無綁定好友充值","赛事名称：":"賽事名稱：","今日20:00":"今日20:00","比赛时间：":"比賽時間：","参赛人数：":"參賽人數：","初始筹码：":"初始籌碼：","重输":"重輸","删除":"刪除","读取中":"讀取中","账号":"賬號","切换账号":"切換賬號","登录":"登錄","密码":"密碼","注册":"註冊","微信登录":"微信登錄","官方账号":"官方賬號","游客登录":"遊客登錄","外网登录":"外網登錄","内网游客":"內網遊客","内网登录":"內網登錄","已阅读并同意用户协议":"已閱讀並同意用戶協議","用户许可协议":"用戶許可協議","抵制不良游戏,拒绝盗版游戏。注意自我保护,谨防受骗上当。适度游戏益脑,沉迷游戏伤身。合理安排时间,享受健康生活。":"抵制不良遊戲,拒絕盜版遊戲。註意自我保護,謹防受騙上當。適度遊戲益腦,沈迷遊戲傷身。合理安排時間,享受健康生活。","注册账号":"註冊賬號","哇！万分之一的机会，万中无一的幸运送给你，今天真是你的幸运日！":"哇！萬分之一的機會，萬中無一的幸運送給你，今天真是你的幸運日！","去完成":"去完成","任务目标：":"任務目標：","任务描述任务描述任务描述":"任務描述任務描述任務描述","您当前没有邮件哦~":"您當前沒有郵件哦~","提示：每封邮件最多保留30天，请及时查收！ ":"提示：每封郵件最多保留30天，請及時查收！ ","黄金月卡和白银月卡可以同时激活哦~":"黃金月卡和白銀月卡可以同時激活哦~","第10名":"第10名","本次比赛共":"本次比賽共","玩家报名":"玩家報名","比赛已进行":"比賽已進行","25分钟":"25分鐘","你淘汰了":"你淘汰了","最高排名":"最高排名","首次充值6元，返现5元话费。实际只消耗一元！":"首次充值6元，返現5元話費。實際只消耗一元！","充值6元领取":"充值6元領取","活动内容活动内容活动内容活动内容活动内容活动内容活动内容活动内容活动内容活动内容活动内容活动内容活动内容活动内容活动内容活动内容活动内容活动内容活动内容活动内容活动内容活动内容活动内容活动内容活动内容活动内容活动内容活动内容活动内容":"活動內容活動內容活動內容活動內容活動內容活動內容活動內容活動內容活動內容活動內容活動內容活動內容活動內容活動內容活動內容活動內容活動內容活動內容活動內容活動內容活動內容活動內容活動內容活動內容活動內容活動內容活動內容活動內容活動內容","10   皇家同花顺":"10   皇家同花順"," 9  同花顺":" 9  同花順"," 8  四条":" 8  四條"," 7  葫芦":" 7  葫蘆"," 6  同花":" 6  同花"," 5  顺子":" 5  順子"," 4  三条":" 4  三條"," 3  两对":" 3  兩對"," 2  一对":" 2  一對"," 1  高牌":" 1  高牌","道具名称:":"道具名稱:","道具说明:":"道具說明:","获得方式:":"獲得方式:","当前状态:":"當前狀態:","收件人:":"收件人:","手机号:":"手機號:","地址:":"地址:","快递单号:":"快遞單號:","支付中，请稍等...":"支付中，請稍等...","仅需6元":"僅需6元","App Store 支付":"App Store 支付","微信支付":"微信支付","支付宝支付":"支付寶支付","房间ID":"房間ID","在玩人数":"在玩人數","小/大盲":"小/大盲","最小/最大买入":"最小/最大買入","搜索房间":"搜索房間","创建私人房":"創建私人房","开始游戏":"開始遊戲","兑换":"兌換","兑换道具：":"兌換道具：","手机号码：":"手機號碼：","QQ号码：":"QQ號碼：","帅":"帥","收件人：":"收件人：","吴中路":"吳中路","详细地址：":"詳細地址：","您要兑换内容为":"您要兌換內容為","暂无可领取奖品\\n参加锦标赛或者活动可赢取奖品":"暫無可領取獎品\\n參加錦標賽或者活動可贏取獎品","参加锦标赛":"參加錦標賽","暂无已领取奖品":"暫無已領取獎品","收件人":"收件人","手机号码":"手機號碼","QQ号码":"QQ號碼","邮箱地址":"郵箱地址","详细地址":"詳細地址","请务必认真填写所有领奖信息，以便成功领取您的奖品。":"請務必認真填寫所有領獎信息，以便成功領取您的獎品。","保存":"保存","当前金币：":"當前金幣：","保险箱金币：":"保險箱金幣：","请选择存入金额":"請選擇存入金額","存入":"存入","只有VIP才可使用保险箱，当您VIP过期后，将不可再使用存入功能。非VIP用户请                                             注：保险箱存款最小操作单位为1万游戏币":"只有VIP才可使用保險箱，當您VIP過期後，將不可再使用存入功能。非VIP用戶請                                             註：保險箱存款最小操作單位為1萬遊戲幣","续费VIP ":"續費VIP ","请选择要取出的金额":"請選擇要取出的金額","输入密码":"輸入密碼","  注：保险箱取款最小操作单位为1万游戏币":"  註：保險箱取款最小操作單位為1萬遊戲幣","取回密码":"取回密碼","取出":"取出","原密码":"原密碼","再输入一次":"再輸入一次","确认密码":"確認密碼","尊贵的VIP用户，请先创建您的保险箱密码，创建后才可使用保险箱功能。":"尊貴的VIP用戶，請先創建您的保險箱密碼，創建後才可使用保險箱功能。","创建密码":"創建密碼","您报名的比赛将于20秒后开始，是否立即进入比赛？":"您報名的比賽將於20秒後開始，是否立即進入比賽？","关闭":"關閉","账号设置":"賬號設置","注销":"註銷","游戏选项":"遊戲選項","音乐":"音樂","音效":"音效","震动":"震動","自动播放语音":"自動播放語音","游戏反馈":"遊戲反饋","版本：":"版本：","1.点击右上角选择按钮":"1.點擊右上角選擇按鈕","2.选择分享朋友圈":"2.選擇分享朋友圈","立即分享":"立即分享","投注  ":"投註  ","获得奖励":"獲得獎勵","用户名六个字":"用戶名六個字","未上榜":"未上榜","每周累计签到到达指定天数，即可获得相应奖励":"每周累計簽到到達指定天數，即可獲得相應獎勵","3天":"3天","5天":"5天","7天":"7天","金币*3000":"金幣*3000","金币*5000":"金幣*5000","钻石*10":"鉆石*10","签到领取":"簽到領取","没有失败就没有胜利，调整状态再来一局吧！":"沒有失敗就沒有勝利，調整狀態再來一局吧！","您获得奖励":"您獲得獎勵","15.22万":"15.22萬","再来一局":"再來一局","留下观看":"留下觀看","您报名的坐满即玩5000金币场马上就要开赛，是否立即进入？（8）":"您報名的坐滿即玩5000金幣場馬上就要開賽，是否立即進入？（8）","提示消息":"提示消息","横幅提醒":"橫幅提醒","领取奖励":"領取獎勵","每日重置时间为00:00":"每日重置時間為00:00","您正在进行中级场第1轮":"您正在進行中級場第1輪","距离下次领奖时间05:00":"距離下次領獎時間05:00","规则：坐下开始计时":"規則：坐下開始計時","编辑资料":"編輯資料","个性签名：":"個性簽名：","这个人很懒，什么东西都没有留下！":"這個人很懶，什麽東西都沒有留下！","获取金币":"獲取金幣","获取钻石":"獲取鉆石","删除好友":"刪除好友","申请好友":"申請好友","进入奖励圈":"進入獎勵圈","开通年费，每日15点&gt;&gt;":"開通年費，每日15點&gt;&gt;","在德州扑克初级场对局20场":"在德州撲克初級場對局20場","奖励：":"獎勵：","1，活动内容活动内容活动内容":"1，活動內容活動內容活動內容","好友名字六字":"好友名字六字","前往":"前往","10元话费":"10元話費","120秒":"120秒","开赛人数:18":"開賽人數:18","3000万":"3000萬","立即报名":"立即報名","等待开始":"等待開始","开启报名":"開啟報名","10元话费兑换券":"10元話費兌換券","用户名字":"用戶名字","啊啊啊：":"啊啊啊：","内容内容内容：":"內容內容內容：","快捷输入文本内容":"快捷輸入文本內容","拒绝":"拒絕","接受":"接受","玩家昵称六字":"玩家昵稱六字","赠送给您188好友金币":"贈送給您188好友金幣","全红":"全紅","手牌非对子":"手牌非對子","玩家名字":"玩家名字","999元话费兑换券":"999元話費兌換券","已兑换":"已兌換","六字六字六字":"六字六字六字","话费兑换":"話費兌換","进入下限：":"進入下限：","66.66万":"66.66萬","666.66万":"666.66萬","剩余:1天":"剩余:1天","购买后可激活30天，每天上线可领取":"購買後可激活30天，每天上線可領取","25000金币":"25000金幣","立刻享受300%超值返还！":"立刻享受300%超值返還！","25元":"25元","您可获得Iphone7一台，颜色随机。":"您可獲得Iphone7一臺，顏色隨機。","物品已返还":"物品已返還","可免费参与1次10元话费赛":"可免費參與1次10元話費賽","拥有数量:":"擁有數量:","游戏等级达到5级":"遊戲等級達到5級","进度：":"進度：","用户名称":"用戶名稱","获得10元话费":"獲得10元話費","10元话费赛":"10元話費賽","默认":"默認","11111万":"11111萬","第1天":"第1天","金币x1800":"金幣x1800"}