[{"id":101,"group":101,"name":"金币达人-1","description":"拥有金币数","tag":0,"preId":0,"type":1,"para1":10000,"icon":"achieve_1"},{"id":102,"group":101,"name":"金币达人-2","description":"拥有金币数","tag":0,"preId":101,"type":1,"para1":100000,"icon":"achieve_1"},{"id":103,"group":101,"name":"金币达人-3","description":"拥有金币数","tag":0,"preId":102,"type":1,"para1":1000000,"icon":"achieve_1"},{"id":104,"group":101,"name":"金币达人-4","description":"拥有金币数","tag":0,"preId":103,"type":1,"para1":10000000,"icon":"achieve_1"},{"id":105,"group":101,"name":"金币达人-5","description":"拥有金币数","tag":0,"preId":104,"type":1,"para1":100000000,"icon":"achieve_1"},{"id":106,"group":101,"name":"金币达人-6","description":"拥有金币数","tag":0,"preId":105,"type":1,"para1":1000000000,"icon":"achieve_1"},{"id":121,"group":121,"name":"好友达人-1","description":"拥有好友数","tag":0,"preId":0,"type":2,"para1":3,"icon":"achieve_2"},{"id":122,"group":121,"name":"好友达人-2","description":"拥有好友数","tag":0,"preId":121,"type":2,"para1":10,"icon":"achieve_2"},{"id":123,"group":121,"name":"好友达人-3","description":"拥有好友数","tag":0,"preId":122,"type":2,"para1":50,"icon":"achieve_2"},{"id":124,"group":121,"name":"好友达人-4","description":"拥有好友数","tag":0,"preId":123,"type":2,"para1":100,"icon":"achieve_2"},{"id":125,"group":121,"name":"好友达人-5","description":"拥有好友数","tag":0,"preId":124,"type":2,"para1":200,"icon":"achieve_2"},{"id":126,"group":121,"name":"好友达人-6","description":"拥有好友数","tag":0,"preId":125,"type":2,"para1":500,"icon":"achieve_2"},{"id":141,"group":141,"name":"等级达人-1","description":"游戏等级达到","tag":0,"preId":0,"type":3,"para1":5,"icon":"item_4"},{"id":142,"group":141,"name":"等级达人-2","description":"游戏等级达到","tag":0,"preId":141,"type":3,"para1":10,"icon":"item_4"},{"id":143,"group":141,"name":"等级达人-3","description":"游戏等级达到","tag":0,"preId":142,"type":3,"para1":20,"icon":"item_4"},{"id":144,"group":141,"name":"等级达人-4","description":"游戏等级达到","tag":0,"preId":143,"type":3,"para1":50,"icon":"item_4"},{"id":145,"group":141,"name":"等级达人-5","description":"游戏等级达到","tag":0,"preId":144,"type":3,"para1":70,"icon":"item_4"},{"id":146,"group":141,"name":"等级达人-6","description":"游戏等级达到","tag":0,"preId":145,"type":3,"para1":100,"icon":"item_4"},{"id":161,"group":161,"name":"对子达人-1","description":"以对子胜出牌局数","tag":0,"preId":0,"type":4,"para1":5,"para2":[2],"icon":"achieve_4"},{"id":162,"group":161,"name":"对子达人-2","description":"以对子胜出牌局数","tag":0,"preId":161,"type":4,"para1":100,"para2":[2],"icon":"achieve_4"},{"id":163,"group":161,"name":"对子达人-3","description":"以对子胜出牌局数","tag":0,"preId":162,"type":4,"para1":500,"para2":[2],"icon":"achieve_4"},{"id":164,"group":161,"name":"对子达人-4","description":"以对子胜出牌局数","tag":0,"preId":163,"type":4,"para1":1000,"para2":[2],"icon":"achieve_4"},{"id":165,"group":161,"name":"对子达人-5","description":"以对子胜出牌局数","tag":0,"preId":164,"type":4,"para1":2000,"para2":[2],"icon":"achieve_4"},{"id":166,"group":161,"name":"对子达人-6","description":"以对子胜出牌局数","tag":0,"preId":165,"type":4,"para1":5000,"para2":[2],"icon":"achieve_4"},{"id":181,"group":181,"name":"两对达人-1","description":"以两队胜出牌局数","tag":0,"preId":0,"type":4,"para1":5,"para2":[3],"icon":"achieve_5"},{"id":182,"group":181,"name":"两对达人-2","description":"以两队胜出牌局数","tag":0,"preId":181,"type":4,"para1":50,"para2":[3],"icon":"achieve_5"},{"id":183,"group":181,"name":"两对达人-3","description":"以两队胜出牌局数","tag":0,"preId":182,"type":4,"para1":100,"para2":[3],"icon":"achieve_5"},{"id":184,"group":181,"name":"两对达人-4","description":"以两队胜出牌局数","tag":0,"preId":183,"type":4,"para1":500,"para2":[3],"icon":"achieve_5"},{"id":185,"group":181,"name":"两对达人-5","description":"以两队胜出牌局数","tag":0,"preId":184,"type":4,"para1":1000,"para2":[3],"icon":"achieve_5"},{"id":186,"group":181,"name":"两对达人-6","description":"以两队胜出牌局数","tag":0,"preId":185,"type":4,"para1":2000,"para2":[3],"icon":"achieve_5"},{"id":201,"group":201,"name":"三条达人-1","description":"以三条胜出牌局数","tag":0,"preId":0,"type":4,"para1":1,"para2":[4],"icon":"achieve_6"},{"id":202,"group":201,"name":"三条达人-2","description":"以三条胜出牌局数","tag":0,"preId":201,"type":4,"para1":10,"para2":[4],"icon":"achieve_6"},{"id":203,"group":201,"name":"三条达人-3","description":"以三条胜出牌局数","tag":0,"preId":202,"type":4,"para1":50,"para2":[4],"icon":"achieve_6"},{"id":204,"group":201,"name":"三条达人-4","description":"以三条胜出牌局数","tag":0,"preId":203,"type":4,"para1":100,"para2":[4],"icon":"achieve_6"},{"id":205,"group":201,"name":"三条达人-5","description":"以三条胜出牌局数","tag":0,"preId":204,"type":4,"para1":200,"para2":[4],"icon":"achieve_6"},{"id":206,"group":201,"name":"三条达人-6","description":"以三条胜出牌局数","tag":0,"preId":205,"type":4,"para1":500,"para2":[4],"icon":"achieve_6"},{"id":221,"group":221,"name":"顺子达人-1","description":"以顺子胜出牌局数","tag":0,"preId":0,"type":4,"para1":1,"para2":[5],"icon":"achieve_7"},{"id":222,"group":221,"name":"顺子达人-2","description":"以顺子胜出牌局数","tag":0,"preId":221,"type":4,"para1":10,"para2":[5],"icon":"achieve_7"},{"id":223,"group":221,"name":"顺子达人-3","description":"以顺子胜出牌局数","tag":0,"preId":222,"type":4,"para1":20,"para2":[5],"icon":"achieve_7"},{"id":224,"group":221,"name":"顺子达人-4","description":"以顺子胜出牌局数","tag":0,"preId":223,"type":4,"para1":50,"para2":[5],"icon":"achieve_7"},{"id":225,"group":221,"name":"顺子达人-5","description":"以顺子胜出牌局数","tag":0,"preId":224,"type":4,"para1":100,"para2":[5],"icon":"achieve_7"},{"id":226,"group":221,"name":"顺子达人-6","description":"以顺子胜出牌局数","tag":0,"preId":225,"type":4,"para1":200,"para2":[5],"icon":"achieve_7"},{"id":241,"group":241,"name":"同花达人-1","description":"以同花胜出牌局数","tag":0,"preId":0,"type":4,"para1":1,"para2":[6],"icon":"achieve_8"},{"id":242,"group":241,"name":"同花达人-2","description":"以同花胜出牌局数","tag":0,"preId":241,"type":4,"para1":5,"para2":[6],"icon":"achieve_8"},{"id":243,"group":241,"name":"同花达人-3","description":"以同花胜出牌局数","tag":0,"preId":242,"type":4,"para1":20,"para2":[6],"icon":"achieve_8"},{"id":244,"group":241,"name":"同花达人-4","description":"以同花胜出牌局数","tag":0,"preId":243,"type":4,"para1":50,"para2":[6],"icon":"achieve_8"},{"id":245,"group":241,"name":"同花达人-5","description":"以同花胜出牌局数","tag":0,"preId":244,"type":4,"para1":100,"para2":[6],"icon":"achieve_8"},{"id":246,"group":241,"name":"同花达人-6","description":"以同花胜出牌局数","tag":0,"preId":245,"type":4,"para1":200,"para2":[6],"icon":"achieve_8"},{"id":261,"group":261,"name":"葫芦达人-1","description":"以葫芦胜出牌局数","tag":0,"preId":0,"type":4,"para1":1,"para2":[7],"icon":"achieve_9"},{"id":262,"group":261,"name":"葫芦达人-2","description":"以葫芦胜出牌局数","tag":0,"preId":261,"type":4,"para1":5,"para2":[7],"icon":"achieve_9"},{"id":263,"group":261,"name":"葫芦达人-3","description":"以葫芦胜出牌局数","tag":0,"preId":262,"type":4,"para1":20,"para2":[7],"icon":"achieve_9"},{"id":264,"group":261,"name":"葫芦达人-4","description":"以葫芦胜出牌局数","tag":0,"preId":263,"type":4,"para1":50,"para2":[7],"icon":"achieve_9"},{"id":265,"group":261,"name":"葫芦达人-5","description":"以葫芦胜出牌局数","tag":0,"preId":264,"type":4,"para1":100,"para2":[7],"icon":"achieve_9"},{"id":266,"group":261,"name":"葫芦达人-6","description":"以葫芦胜出牌局数","tag":0,"preId":265,"type":4,"para1":200,"para2":[7],"icon":"achieve_9"},{"id":281,"group":281,"name":"四条达人-1","description":"以四条胜出牌局数","tag":0,"preId":0,"type":4,"para1":1,"para2":[8],"icon":"achieve_10"},{"id":282,"group":281,"name":"四条达人-2","description":"以四条胜出牌局数","tag":0,"preId":281,"type":4,"para1":5,"para2":[8],"icon":"achieve_10"},{"id":283,"group":281,"name":"四条达人-3","description":"以四条胜出牌局数","tag":0,"preId":282,"type":4,"para1":20,"para2":[8],"icon":"achieve_10"},{"id":284,"group":281,"name":"四条达人-4","description":"以四条胜出牌局数","tag":0,"preId":283,"type":4,"para1":50,"para2":[8],"icon":"achieve_10"},{"id":285,"group":281,"name":"四条达人-5","description":"以四条胜出牌局数","tag":0,"preId":284,"type":4,"para1":100,"para2":[8],"icon":"achieve_10"},{"id":286,"group":281,"name":"四条达人-6","description":"以四条胜出牌局数","tag":0,"preId":285,"type":4,"para1":200,"para2":[8],"icon":"achieve_10"},{"id":301,"group":301,"name":"同花顺达人-1","description":"以同花顺胜出牌局数","tag":0,"preId":0,"type":4,"para1":1,"para2":[9],"icon":"achieve_11"},{"id":302,"group":301,"name":"同花顺达人-2","description":"以同花顺胜出牌局数","tag":0,"preId":301,"type":4,"para1":5,"para2":[9],"icon":"achieve_11"},{"id":303,"group":301,"name":"同花顺达人-3","description":"以同花顺胜出牌局数","tag":0,"preId":302,"type":4,"para1":20,"para2":[9],"icon":"achieve_11"},{"id":304,"group":301,"name":"同花顺达人-4","description":"以同花顺胜出牌局数","tag":0,"preId":303,"type":4,"para1":50,"para2":[9],"icon":"achieve_11"},{"id":305,"group":301,"name":"同花顺达人-5","description":"以同花顺胜出牌局数","tag":0,"preId":304,"type":4,"para1":100,"para2":[9],"icon":"achieve_11"},{"id":306,"group":301,"name":"同花顺达人-6","description":"以同花顺胜出牌局数","tag":0,"preId":305,"type":4,"para1":200,"para2":[9],"icon":"achieve_11"},{"id":321,"group":321,"name":"皇家同花顺达人-1","description":"以皇家同花顺胜出牌局数","tag":0,"preId":0,"type":4,"para1":1,"para2":[10],"icon":"achieve_12"},{"id":322,"group":321,"name":"皇家同花顺达人-2","description":"以皇家同花顺胜出牌局数","tag":0,"preId":321,"type":4,"para1":5,"para2":[10],"icon":"achieve_12"},{"id":323,"group":321,"name":"皇家同花顺达人-3","description":"以皇家同花顺胜出牌局数","tag":0,"preId":322,"type":4,"para1":20,"para2":[10],"icon":"achieve_12"},{"id":324,"group":321,"name":"皇家同花顺达人-4","description":"以皇家同花顺胜出牌局数","tag":0,"preId":323,"type":4,"para1":50,"para2":[10],"icon":"achieve_12"},{"id":325,"group":321,"name":"皇家同花顺达人-5","description":"以皇家同花顺胜出牌局数","tag":0,"preId":324,"type":4,"para1":100,"para2":[10],"icon":"achieve_12"},{"id":326,"group":321,"name":"皇家同花顺达人-6","description":"以皇家同花顺胜出牌局数","tag":0,"preId":325,"type":4,"para1":200,"para2":[10],"icon":"achieve_12"},{"id":1001,"group":1001,"name":"在德州扑克初级场对局5场","tran":1,"tag":1,"dailyQuest":1,"preId":0,"type":101,"para1":5,"para2":[1],"icon":"match_1","grade":1,"rewardType":[5],"rewardId":[1],"rewardNum":[500],"playingFieldPattern":[4]},{"id":1002,"group":1001,"name":"在德州扑克初级场对局15场","tran":1,"tag":1,"dailyQuest":1,"preId":1001,"type":101,"para1":15,"para2":[1],"icon":"match_1","grade":1,"rewardType":[5],"rewardId":[1],"rewardNum":[1000],"playingFieldPattern":[4]},{"id":1003,"group":1001,"name":"在德州扑克初级场对局30场","tran":1,"tag":1,"dailyQuest":1,"preId":1002,"type":101,"para1":30,"para2":[1],"icon":"match_1","grade":1,"rewardType":[5],"rewardId":[1],"rewardNum":[1500],"playingFieldPattern":[4]},{"id":1004,"group":1001,"name":"在德州扑克初级场对局50场","tran":1,"tag":1,"dailyQuest":1,"preId":1003,"type":101,"para1":50,"para2":[1],"icon":"match_1","grade":1,"rewardType":[5],"rewardId":[1],"rewardNum":[2000],"playingFieldPattern":[4]},{"id":1021,"group":1021,"name":"在德州扑克中级场对局5场","tran":2,"tag":1,"dailyQuest":1,"preId":0,"type":101,"para1":5,"para2":[2],"icon":"match_1","grade":1,"rewardType":[5],"rewardId":[1],"rewardNum":[750],"playingFieldPattern":[4]},{"id":1022,"group":1021,"name":"在德州扑克中级场对局15场","tran":2,"tag":1,"dailyQuest":1,"preId":1021,"type":101,"para1":15,"para2":[2],"icon":"match_1","grade":1,"rewardType":[5],"rewardId":[1],"rewardNum":[1500],"playingFieldPattern":[4]},{"id":1023,"group":1021,"name":"在德州扑克中级场对局30场","tran":2,"tag":1,"dailyQuest":1,"preId":1022,"type":101,"para1":30,"para2":[2],"icon":"match_1","grade":1,"rewardType":[5],"rewardId":[1],"rewardNum":[2250],"playingFieldPattern":[4]},{"id":1024,"group":1021,"name":"在德州扑克中级场对局50场","tran":2,"tag":1,"dailyQuest":1,"preId":1023,"type":101,"para1":50,"para2":[2],"icon":"match_1","grade":1,"rewardType":[5],"rewardId":[1],"rewardNum":[3000],"playingFieldPattern":[4]},{"id":1041,"group":1041,"name":"在德州扑克高级场对局5场","tran":3,"tag":1,"dailyQuest":1,"preId":0,"type":101,"para1":5,"para2":[3],"icon":"match_1","grade":1,"rewardType":[5],"rewardId":[1],"rewardNum":[1000],"playingFieldPattern":[4]},{"id":1042,"group":1041,"name":"在德州扑克高级场对局15场","tran":3,"tag":1,"dailyQuest":1,"preId":1041,"type":101,"para1":15,"para2":[3],"icon":"match_1","grade":1,"rewardType":[5],"rewardId":[1],"rewardNum":[2000],"playingFieldPattern":[4]},{"id":1043,"group":1041,"name":"在德州扑克高级场对局30场","tran":3,"tag":1,"dailyQuest":1,"preId":1042,"type":101,"para1":30,"para2":[3],"icon":"match_1","grade":1,"rewardType":[5],"rewardId":[1],"rewardNum":[3000],"playingFieldPattern":[4]},{"id":1044,"group":1041,"name":"在德州扑克高级场对局50场","tran":3,"tag":1,"dailyQuest":1,"preId":1043,"type":101,"para1":50,"para2":[3],"icon":"match_1","grade":1,"rewardType":[5],"rewardId":[1],"rewardNum":[4000],"playingFieldPattern":[4]},{"id":1061,"group":1061,"name":"成功参与1场MTT锦标赛","tran":21,"tag":1,"dailyQuest":1,"preId":0,"type":102,"para1":1,"icon":"match_1","grade":1,"rewardType":[5],"rewardId":[1],"rewardNum":[1500]},{"id":1062,"group":1061,"name":"成功参与3场MTT锦标赛","tran":21,"tag":1,"dailyQuest":1,"preId":1061,"type":102,"para1":3,"icon":"match_1","grade":1,"rewardType":[5],"rewardId":[1],"rewardNum":[3000]},{"id":1063,"group":1061,"name":"成功参与5场MTT锦标赛","tran":21,"tag":1,"dailyQuest":1,"preId":1062,"type":102,"para1":5,"icon":"match_1","grade":1,"rewardType":[5],"rewardId":[1],"rewardNum":[4500]},{"id":1064,"group":1061,"name":"成功参与10场MTT锦标赛","tran":21,"tag":1,"dailyQuest":1,"preId":1063,"type":102,"para1":10,"icon":"match_1","grade":1,"rewardType":[5],"rewardId":[1],"rewardNum":[6000]},{"id":1081,"group":1081,"name":"参与百人大战欢乐场10次","tran":40,"tag":1,"dailyQuest":1,"preId":0,"type":301,"para1":10,"para2":[1],"icon":"match_1","grade":1,"rewardType":[5],"rewardId":[1],"rewardNum":[500],"playingFieldPattern":[40]},{"id":1082,"group":1081,"name":"参与百人大战欢乐场30次","tran":40,"tag":1,"dailyQuest":1,"preId":1081,"type":301,"para1":30,"para2":[1],"icon":"match_1","grade":1,"rewardType":[5],"rewardId":[1],"rewardNum":[1000],"playingFieldPattern":[40]},{"id":1083,"group":1081,"name":"参与百人大战欢乐场50次","tran":40,"tag":1,"dailyQuest":1,"preId":1082,"type":301,"para1":50,"para2":[1],"icon":"match_1","grade":1,"rewardType":[5],"rewardId":[1],"rewardNum":[1500],"playingFieldPattern":[40]},{"id":1101,"group":1101,"name":"参与百人大战富豪场10次","tran":40,"tag":1,"dailyQuest":1,"preId":0,"type":301,"para1":10,"para2":[2],"icon":"match_1","grade":1,"rewardType":[5],"rewardId":[1],"rewardNum":[750],"playingFieldPattern":[40]},{"id":1102,"group":1101,"name":"参与百人大战富豪场30次","tran":40,"tag":1,"dailyQuest":1,"preId":1101,"type":301,"para1":30,"para2":[2],"icon":"match_1","grade":1,"rewardType":[5],"rewardId":[1],"rewardNum":[1500],"playingFieldPattern":[40]},{"id":1103,"group":1101,"name":"参与百人大战富豪场50次","tran":40,"tag":1,"dailyQuest":1,"preId":1102,"type":301,"para1":50,"para2":[2],"icon":"match_1","grade":1,"rewardType":[5],"rewardId":[1],"rewardNum":[2250],"playingFieldPattern":[40]},{"id":2001,"group":2001,"name":"在德州扑克内赢得10次胜利","tran":2,"tag":1,"dailyQuest":2,"preId":0,"type":201,"para1":10,"icon":"match_1","grade":1,"rewardType":[5],"rewardId":[1],"rewardNum":[1000],"playingFieldPattern":[4]},{"id":2002,"group":2001,"name":"在德州扑克内赢得20次胜利","tran":2,"tag":1,"dailyQuest":2,"preId":2001,"type":201,"para1":20,"icon":"match_1","grade":1,"rewardType":[5],"rewardId":[1],"rewardNum":[2000],"playingFieldPattern":[4]},{"id":2003,"group":2001,"name":"在德州扑克内赢得50次胜利","tran":2,"tag":1,"dailyQuest":2,"preId":2002,"type":201,"para1":50,"icon":"match_1","grade":1,"rewardType":[5],"rewardId":[1],"rewardNum":[3000],"playingFieldPattern":[4]},{"id":2004,"group":2001,"name":"在德州扑克内赢得100次胜利","tran":2,"tag":1,"dailyQuest":2,"preId":2003,"type":201,"para1":100,"icon":"match_1","grade":1,"rewardType":[5],"rewardId":[1],"rewardNum":[4000],"playingFieldPattern":[4]},{"id":2021,"group":2021,"name":"在MTT锦标赛内赢得1次冠军","tran":21,"tag":1,"dailyQuest":2,"preId":0,"type":202,"para1":1,"icon":"match_1","grade":1,"rewardType":[5],"rewardId":[1],"rewardNum":[3000]},{"id":2022,"group":2021,"name":"在MTT锦标赛内赢得3次冠军","tran":21,"tag":1,"dailyQuest":2,"preId":2021,"type":202,"para1":3,"icon":"match_1","grade":1,"rewardType":[5],"rewardId":[1],"rewardNum":[5000]},{"id":2023,"group":2021,"name":"在MTT锦标赛内赢得5次冠军","tran":21,"tag":1,"dailyQuest":2,"preId":2022,"type":202,"para1":5,"icon":"match_1","grade":1,"rewardType":[5],"rewardId":[1],"rewardNum":[10000]},{"id":2024,"group":2021,"name":"在MTT锦标赛内赢得8次冠军","tran":21,"tag":1,"dailyQuest":2,"preId":2023,"type":202,"para1":8,"icon":"match_1","grade":1,"rewardType":[5],"rewardId":[1],"rewardNum":[15000]},{"id":2041,"group":2041,"name":"在百人大战里赢取10次胜利","tran":40,"tag":1,"dailyQuest":2,"preId":0,"type":303,"para1":10,"icon":"match_1","grade":1,"rewardType":[5],"rewardId":[1],"rewardNum":[1500],"playingFieldPattern":[40]},{"id":2042,"group":2041,"name":"在百人大战里赢取30次胜利","tran":40,"tag":1,"dailyQuest":2,"preId":2041,"type":303,"para1":30,"icon":"match_1","grade":1,"rewardType":[5],"rewardId":[1],"rewardNum":[2000],"playingFieldPattern":[40]},{"id":2043,"group":2041,"name":"在百人大战里赢取50次胜利","tran":40,"tag":1,"dailyQuest":2,"preId":2042,"type":303,"para1":50,"icon":"match_1","grade":1,"rewardType":[5],"rewardId":[1],"rewardNum":[3000],"playingFieldPattern":[40]},{"id":3001,"group":3001,"name":"等级升到5级","tran":2,"tag":1,"dailyQuest":3,"preId":0,"type":3,"para1":5,"icon":"item_4","grade":1,"rewardType":[5],"rewardId":[1],"rewardNum":[1500]},{"id":3002,"group":3001,"name":"等级升到10级","tran":2,"tag":1,"dailyQuest":3,"preId":3001,"type":3,"para1":10,"icon":"item_4","grade":1,"rewardType":[5],"rewardId":[1],"rewardNum":[2500]},{"id":3003,"group":3001,"name":"等级升到15级","tran":2,"tag":1,"dailyQuest":3,"preId":3002,"type":3,"para1":15,"icon":"item_4","grade":1,"rewardType":[5],"rewardId":[1],"rewardNum":[3000]},{"id":3004,"group":3001,"name":"等级升到20级","tran":2,"tag":1,"dailyQuest":3,"preId":3003,"type":3,"para1":20,"icon":"item_4","grade":1,"rewardType":[5],"rewardId":[1],"rewardNum":[4000]},{"id":3005,"group":3001,"name":"等级升到25级","tran":2,"tag":1,"dailyQuest":3,"preId":3004,"type":3,"para1":25,"icon":"item_4","grade":1,"rewardType":[5],"rewardId":[1],"rewardNum":[4750]},{"id":3006,"group":3001,"name":"等级升到30级","tran":2,"tag":1,"dailyQuest":3,"preId":3005,"type":3,"para1":30,"icon":"item_4","grade":1,"rewardType":[5],"rewardId":[1],"rewardNum":[5550]},{"id":3007,"group":3001,"name":"等级升到35级","tran":2,"tag":1,"dailyQuest":3,"preId":3006,"type":3,"para1":35,"icon":"item_4","grade":1,"rewardType":[5],"rewardId":[1],"rewardNum":[6350]},{"id":3008,"group":3001,"name":"等级升到40级","tran":2,"tag":1,"dailyQuest":3,"preId":3007,"type":3,"para1":40,"icon":"item_4","grade":1,"rewardType":[5],"rewardId":[1],"rewardNum":[7150]},{"id":3009,"group":3001,"name":"等级升到45级","tran":2,"tag":1,"dailyQuest":3,"preId":3008,"type":3,"para1":45,"icon":"item_4","grade":1,"rewardType":[5],"rewardId":[1],"rewardNum":[7950]},{"id":3010,"group":3001,"name":"等级升到50级","tran":2,"tag":1,"dailyQuest":3,"preId":3009,"type":3,"para1":50,"icon":"item_4","grade":1,"rewardType":[5],"rewardId":[1],"rewardNum":[8750]},{"id":3011,"group":3001,"name":"等级升到55级","tran":2,"tag":1,"dailyQuest":3,"preId":3010,"type":3,"para1":55,"icon":"item_4","grade":1,"rewardType":[5],"rewardId":[1],"rewardNum":[9550]},{"id":3012,"group":3001,"name":"等级升到60级","tran":2,"tag":1,"dailyQuest":3,"preId":3011,"type":3,"para1":60,"icon":"item_4","grade":1,"rewardType":[5],"rewardId":[1],"rewardNum":[10350]},{"id":3013,"group":3001,"name":"等级升到65级","tran":2,"tag":1,"dailyQuest":3,"preId":3012,"type":3,"para1":65,"icon":"item_4","grade":1,"rewardType":[5],"rewardId":[1],"rewardNum":[11150]},{"id":3014,"group":3001,"name":"等级升到70级","tran":2,"tag":1,"dailyQuest":3,"preId":3013,"type":3,"para1":70,"icon":"item_4","grade":1,"rewardType":[5],"rewardId":[1],"rewardNum":[11950]},{"id":3015,"group":3001,"name":"等级升到75级","tran":2,"tag":1,"dailyQuest":3,"preId":3014,"type":3,"para1":75,"icon":"item_4","grade":1,"rewardType":[5],"rewardId":[1],"rewardNum":[12750]},{"id":3016,"group":3001,"name":"等级升到80级","tran":2,"tag":1,"dailyQuest":3,"preId":3015,"type":3,"para1":80,"icon":"item_4","grade":1,"rewardType":[5],"rewardId":[1],"rewardNum":[13550]},{"id":3017,"group":3001,"name":"等级升到85级","tran":2,"tag":1,"dailyQuest":3,"preId":3016,"type":3,"para1":85,"icon":"item_4","grade":1,"rewardType":[5],"rewardId":[1],"rewardNum":[14350]},{"id":3018,"group":3001,"name":"等级升到90级","tran":2,"tag":1,"dailyQuest":3,"preId":3017,"type":3,"para1":90,"icon":"item_4","grade":1,"rewardType":[5],"rewardId":[1],"rewardNum":[15150]},{"id":3019,"group":3001,"name":"等级升到95级","tran":2,"tag":1,"dailyQuest":3,"preId":3018,"type":3,"para1":95,"icon":"item_4","grade":1,"rewardType":[5],"rewardId":[1],"rewardNum":[15950]},{"id":3020,"group":3001,"name":"等级升到100级","tran":2,"tag":1,"dailyQuest":3,"preId":3019,"type":3,"para1":100,"icon":"item_4","grade":1,"rewardType":[5],"rewardId":[1],"rewardNum":[16750]} ]