[{"id":5,"subId":1,"awardId":60002,"limit":1,"cost":13800000},{"id":5,"subId":2,"awardId":60003,"limit":1,"cost":10100000},{"id":5,"subId":3,"awardId":60004,"limit":1,"cost":8060000},{"id":5,"subId":4,"awardId":60005,"limit":1,"cost":7100000},{"id":5,"subId":5,"awardId":60006,"limit":1,"cost":6900000},{"id":5,"subId":6,"awardId":60007,"limit":1,"cost":6500000},{"id":5,"subId":7,"awardId":60008,"limit":1,"cost":5750000},{"id":5,"subId":8,"awardId":60009,"limit":1,"cost":4500000},{"id":5,"subId":9,"awardId":60010,"limit":1,"cost":4000000},{"id":5,"subId":10,"awardId":60011,"limit":1,"cost":3000000},{"id":5,"subId":11,"awardId":60012,"limit":1,"cost":2000000},{"id":5,"subId":12,"awardId":60013,"limit":1,"cost":1750000},{"id":5,"subId":13,"awardId":60014,"limit":1,"cost":1200000},{"id":5,"subId":14,"awardId":60015,"limit":1,"cost":1100000},{"id":5,"subId":15,"awardId":60016,"limit":1,"cost":1000000},{"id":5,"subId":16,"awardId":60017,"limit":1,"cost":800000},{"id":5,"subId":17,"awardId":60018,"limit":1,"cost":440000},{"id":5,"subId":18,"awardId":60019,"limit":1,"cost":525000},{"id":5,"subId":19,"awardId":60020,"limit":1,"cost":500000},{"id":5,"subId":20,"awardId":60021,"limit":1,"cost":65000},{"id":5,"subId":21,"awardId":60022,"limit":1,"cost":75000},{"id":5,"subId":22,"awardId":60023,"limit":1,"cost":50000},{"id":5,"subId":23,"awardId":60024,"limit":1,"cost":40000},{"id":5,"subId":24,"awardId":60025,"limit":1,"cost":35000},{"id":5,"subId":25,"awardId":60026,"limit":1,"cost":18000},{"id":5,"subId":26,"awardId":60027,"limit":1,"cost":13000},{"id":5,"subId":27,"awardId":60028,"limit":1,"cost":7000} ]