[{"id":1,"boy":"类固","girl":"税亦玉"},{"id":2,"boy":"晋文耀","girl":"綦谷之"},{"id":3,"boy":"景耘豪","girl":"戈霞英"},{"id":4,"boy":"那咏歌","girl":"长孙晗晗"},{"id":5,"boy":"箕正志","girl":"钮天"},{"id":6,"boy":"那南","girl":"道旭辉"},{"id":7,"boy":"依嘉石","girl":"定芸熙"},{"id":8,"boy":"闭嘉胜","girl":"初柔雅"},{"id":9,"boy":"汉运鸿","girl":"夏觅风"},{"id":10,"boy":"苑俊力","girl":"终红叶"},{"id":11,"boy":"库泉","girl":"侍兰芳"},{"id":12,"boy":"席秦","girl":"百里颐真"},{"id":13,"boy":"粟良畴","girl":"於兰若"},{"id":14,"boy":"接德润","girl":"出静竹"},{"id":15,"boy":"闾丘文瑞","girl":"局秀娟"},{"id":16,"boy":"潜炎彬","girl":"定飞燕"},{"id":17,"boy":"忻嘉胜","girl":"都贞"},{"id":18,"boy":"相邱","girl":"贵若彤"},{"id":19,"boy":"充子濯","girl":"公孙涵蕾"},{"id":20,"boy":"战立诚","girl":"扈谷之"},{"id":21,"boy":"业博学","girl":"凌好慕"},{"id":22,"boy":"桂驰轩","girl":"续溪儿"},{"id":23,"boy":"亓官光远","girl":"居令梅"},{"id":24,"boy":"蔡兴昌","girl":"瓮尔蓝"},{"id":25,"boy":"德俊晤","girl":"门熙柔"},{"id":26,"boy":"仍瀚钰","girl":"弭盼兰"},{"id":27,"boy":"委飞羽","girl":"黄茗雪"},{"id":28,"boy":"洛元化","girl":"佼贞婉"},{"id":29,"boy":"翦博","girl":"仍朗丽"},{"id":30,"boy":"璩巍然","girl":"郯品韵"},{"id":31,"boy":"郁嘉言","girl":"代芮欣"},{"id":32,"boy":"东溥心","girl":"巴安梦"},{"id":33,"boy":"藤阳平","girl":"赫卿云"},{"id":34,"boy":"嬴珺","girl":"那兰碧曼"},{"id":35,"boy":"弭亭","girl":"晏如曼"},{"id":36,"boy":"有文山","girl":"额慕悦"},{"id":37,"boy":"嘉同光","girl":"顾兰月"},{"id":38,"boy":"曲天泽","girl":"乙雅媚"},{"id":39,"boy":"鲁巍奕","girl":"徭靖易"},{"id":40,"boy":"邰承天","girl":"坚子菡"},{"id":41,"boy":"翁高阳","girl":"瑞书竹"},{"id":42,"boy":"让飞跃","girl":"禚乐芸"},{"id":43,"boy":"书绍元","girl":"章奥维"},{"id":44,"boy":"泷运凯","girl":"卷冰巧"},{"id":45,"boy":"弘蔚","girl":"府佳思"},{"id":46,"boy":"庹俊爽","girl":"晏玲琅"},{"id":47,"boy":"南门德惠","girl":"矫亦梅"},{"id":48,"boy":"谌俊风","girl":"宋丹云"},{"id":49,"boy":"仉乌","girl":"凭佳惠"},{"id":50,"boy":"侯德辉","girl":"乙怀蕾"},{"id":51,"boy":"常文山","girl":"韩若兰"},{"id":52,"boy":"平华奥","girl":"芒暖姝"},{"id":53,"boy":"旅碑","girl":"悉今歌"},{"id":54,"boy":"童哲瀚","girl":"蓬尔云"},{"id":55,"boy":"司徒伟祺","girl":"昂璇娟"},{"id":56,"boy":"公冶游","girl":"岑语丝"},{"id":57,"boy":"夷坚诚","girl":"甄清懿"},{"id":58,"boy":"酒元嘉","girl":"毋春兰"},{"id":59,"boy":"方滨海","girl":"不香岚"},{"id":60,"boy":"浮锦程","girl":"战忆辰"},{"id":61,"boy":"尔承弼","girl":"乾雅柏"},{"id":62,"boy":"掌文宣","girl":"濮阳忆灵"},{"id":63,"boy":"皇毅然","girl":"仇梅英"},{"id":64,"boy":"冼和同","girl":"闻人半双"},{"id":65,"boy":"赤星津","girl":"檀代珊"},{"id":66,"boy":"库允晨","girl":"达菲"},{"id":67,"boy":"黎振华","girl":"暴荏苒"},{"id":68,"boy":"泥靖琪","girl":"塔斯斯"},{"id":69,"boy":"乌孙阳晖","girl":"旁雪莲"},{"id":70,"boy":"晋震","girl":"中问"},{"id":71,"boy":"卑高达","girl":"卑傲晴"},{"id":72,"boy":"索绰络立果","girl":"吉琛瑞"},{"id":73,"boy":"金昌燎","girl":"邝思若"},{"id":74,"boy":"郗怀","girl":"库雅喇新冬"},{"id":75,"boy":"牧密","girl":"酒田然"},{"id":76,"boy":"靳才艺","girl":"锁凡之"},{"id":77,"boy":"撒涵涤","girl":"萨乐英"},{"id":78,"boy":"叶成业","girl":"何善芳"},{"id":79,"boy":"虎乐成","girl":"琴昕珏"},{"id":80,"boy":"竺以","girl":"买谷槐"},{"id":81,"boy":"纳闻","girl":"夷梦秋"},{"id":82,"boy":"夫雨泽","girl":"潮雅楠"},{"id":83,"boy":"印飞鹏","girl":"揭以珊"},{"id":84,"boy":"权兴邦","girl":"桐凝安"},{"id":85,"boy":"燕承基","girl":"碧鲁清秋"},{"id":86,"boy":"考康伯","girl":"苍夜香"},{"id":87,"boy":"藏俊彦","girl":"畅梦容"},{"id":88,"boy":"纵鸿涛","girl":"于初珍"},{"id":89,"boy":"茂宏恺","girl":"弘代芹"},{"id":90,"boy":"示力夫","girl":"蓟映雁"},{"id":91,"boy":"刀令璟","girl":"卿和美"},{"id":92,"boy":"柏李温书","girl":"宝妮娜"},{"id":93,"boy":"军瀚钰","girl":"魏雅秀"},{"id":94,"boy":"苦天干","girl":"芮桃雨"},{"id":95,"boy":"香凯歌","girl":"恽婉君"},{"id":96,"boy":"斐骏逸","girl":"类含雁"},{"id":97,"boy":"叔令羽","girl":"昔隽洁"},{"id":98,"boy":"诸德昌","girl":"单恨真"},{"id":99,"boy":"司寇英勋","girl":"骑颐然"},{"id":100,"boy":"端建元","girl":"焦凡灵"},{"id":101,"boy":"乙和同","girl":"邗皎洁"},{"id":102,"boy":"莘榕","girl":"军弘雅"},{"id":103,"boy":"燕鸿禧","girl":"沙逸致"},{"id":104,"boy":"哀季同","girl":"官妍雅"},{"id":105,"boy":"实高畅","girl":"梅醉冬"},{"id":106,"boy":"靖元驹","girl":"理萍韵"},{"id":107,"boy":"段鸿祯","girl":"郗尔白"},{"id":108,"boy":"端天瑞","girl":"留韦柔"},{"id":109,"boy":"张飞翰","girl":"贸忻忻"},{"id":110,"boy":"亓官英勋","girl":"圣悦心"},{"id":111,"boy":"剑成仁","girl":"义子悦"},{"id":112,"boy":"费睿广","girl":"庞瑜蓓"},{"id":113,"boy":"姚乐欣","girl":"桂虹玉"},{"id":114,"boy":"米兴腾","girl":"零姝丽"},{"id":115,"boy":"塞贵","girl":"戎飞兰"},{"id":116,"boy":"莱承教","girl":"白北嘉"},{"id":117,"boy":"真建华","girl":"乌凝阳"},{"id":118,"boy":"蓝乐章","girl":"贵如心"},{"id":119,"boy":"刀良才","girl":"卯银瑶"},{"id":120,"boy":"飞俊力","girl":"笪淑贤"},{"id":121,"boy":"颜嘉禧","girl":"罕智纯"},{"id":122,"boy":"奉心水","girl":"僧虹影"},{"id":123,"boy":"弥文曜","girl":"敖叶嘉"},{"id":124,"boy":"奕安国","girl":"真云霞"},{"id":125,"boy":"贡安歌","girl":"掌淑兰"},{"id":126,"boy":"斯兴学","girl":"邓熙星"},{"id":127,"boy":"上官昆杰","girl":"晏红"},{"id":128,"boy":"曲维","girl":"瞿玥"},{"id":129,"boy":"蒋苑博","girl":"舒穆禄英华"},{"id":130,"boy":"毋良俊","girl":"蓝慕悦"},{"id":131,"boy":"他塔喇鸿达","girl":"逄霞绮"},{"id":132,"boy":"暴智鑫","girl":"闪依秋"},{"id":133,"boy":"诺乐人","girl":"颜书仪"},{"id":134,"boy":"鱼德寿","girl":"亓官元旋"},{"id":135,"boy":"敬思淼","girl":"衡天心"},{"id":136,"boy":"历滨海","girl":"宋香卉"},{"id":137,"boy":"江天干","girl":"於长菁"},{"id":138,"boy":"占乐童","girl":"库沛芹"},{"id":139,"boy":"通特","girl":"羽敏慧"},{"id":140,"boy":"涂运凯","girl":"于傲易"},{"id":141,"boy":"仲国源","girl":"盍晶晶"},{"id":142,"boy":"卑绍晖","girl":"练绣文"},{"id":143,"boy":"相向晨","girl":"潜和雅"},{"id":144,"boy":"邬驰轩","girl":"青依玉"},{"id":145,"boy":"畅辰皓","girl":"逮雅"},{"id":146,"boy":"富俊德","girl":"良真"},{"id":147,"boy":"宛俊健","girl":"揭嘉玉"},{"id":148,"boy":"颜昂熙","girl":"书正雅"},{"id":149,"boy":"暴修雅","girl":"波琳怡"},{"id":150,"boy":"行安澜","girl":"性晓楠"},{"id":151,"boy":"麦彬炳","girl":"谷典雅"},{"id":152,"boy":"蹇伟彦","girl":"修海儿"},{"id":153,"boy":"塔乐悦","girl":"澹台问凝"},{"id":154,"boy":"仙晗日","girl":"百莉莉"},{"id":155,"boy":"姓鸿飞","girl":"荤湛娟"},{"id":156,"boy":"以游","girl":"勇梓欣"},{"id":157,"boy":"阳锐意","girl":"单于山槐"},{"id":158,"boy":"单于明旭","girl":"归秋颖"},{"id":159,"boy":"裘新荣","girl":"夏侯盼翠"},{"id":160,"boy":"六奇致","girl":"硕谷蕊"},{"id":161,"boy":"苗德馨","girl":"吉静婉"},{"id":162,"boy":"昌和光","girl":"区凝雁"},{"id":163,"boy":"止有","girl":"年怀雁"},{"id":164,"boy":"闽黎","girl":"解雯君"},{"id":165,"boy":"璩弘图","girl":"夕骊颖"},{"id":166,"boy":"辉瀚昂","girl":"析天晴"},{"id":167,"boy":"浦万","girl":"凭念天真"},{"id":168,"boy":"弭州","girl":"念慧秀"},{"id":169,"boy":"卿俊郎","girl":"老云飞"},{"id":170,"boy":"朴侃","girl":"隽萦思"},{"id":171,"boy":"晏凤","girl":"欧凝思"},{"id":172,"boy":"糜宏博","girl":"犁安静"},{"id":173,"boy":"愚曜灿","girl":"钱盼晴"},{"id":174,"boy":"褚星渊","girl":"危迎蕾"},{"id":175,"boy":"绍察","girl":"张简梦旋"},{"id":176,"boy":"初寅骏","girl":"仰怜云"},{"id":177,"boy":"行托","girl":"穆若山"},{"id":178,"boy":"针树","girl":"绪平安"},{"id":179,"boy":"华俊能","girl":"冷虹影"},{"id":180,"boy":"渠永怡","girl":"符桂华"},{"id":181,"boy":"禄汇","girl":"司寇欢"},{"id":182,"boy":"爱新觉罗英勋","girl":"茂迎海"},{"id":183,"boy":"霜智勇","girl":"隋雅萍"},{"id":184,"boy":"栾智宸","girl":"羽若星"},{"id":185,"boy":"萨星鹏","girl":"友之玉"},{"id":186,"boy":"欧阳玉宇","girl":"闻沙雨"},{"id":187,"boy":"出志文","girl":"孛冷松"},{"id":188,"boy":"堵博瀚","girl":"宗政雁梅"},{"id":189,"boy":"卷同甫","girl":"叶赫那拉绮艳"},{"id":190,"boy":"果修齐","girl":"图门韶容"},{"id":191,"boy":"旷浩大","girl":"业昕葳"},{"id":192,"boy":"德奇致","girl":"滕西华"},{"id":193,"boy":"杞彭彭","girl":"信宁乐"},{"id":194,"boy":"富察弘盛","girl":"宰欣悦"},{"id":195,"boy":"衣安顺","girl":"樊若骞"},{"id":196,"boy":"萧鹤骞","girl":"庞觅丹"},{"id":197,"boy":"申屠海荣","girl":"尚好慕"},{"id":198,"boy":"蒲黑","girl":"侍冬梅"},{"id":199,"boy":"艾鸿骞","girl":"丑贞婉"},{"id":200,"boy":"董浩轩","girl":"频书慧"},{"id":201,"boy":"文越彬","girl":"和夜云"},{"id":202,"boy":"茆喀","girl":"锺梦容"},{"id":203,"boy":"仪英勋","girl":"唐冬易"},{"id":204,"boy":"百珺","girl":"储采绿"},{"id":205,"boy":"党力学","girl":"环念梦"},{"id":206,"boy":"青昊焱","girl":"郭丝祺"},{"id":207,"boy":"崇温瑜","girl":"蛮妍和"},{"id":208,"boy":"申屠承基","girl":"幸箫吟"},{"id":209,"boy":"咎和硕","girl":"他塔喇初柳"},{"id":210,"boy":"朴睿博","girl":"尾小夏"},{"id":211,"boy":"尹俊贤","girl":"晏琇云"},{"id":212,"boy":"冠江","girl":"问若英"},{"id":213,"boy":"江景同","girl":"真星菱"},{"id":214,"boy":"公孙涞","girl":"敛初蝶"},{"id":215,"boy":"石颜骏","girl":"眭姣"},{"id":216,"boy":"蒿和蔼","girl":"永丽芳"},{"id":217,"boy":"魏安平","girl":"司寇青亦"},{"id":218,"boy":"庾英才","girl":"永青易"},{"id":219,"boy":"毋飞羽","girl":"惠涵易"},{"id":220,"boy":"金洞","girl":"崔雁芙"},{"id":221,"boy":"都兴运","girl":"哈贞芳"},{"id":222,"boy":"壬安顺","girl":"以秀颖"},{"id":223,"boy":"柔飞星","girl":"宗政乐天"},{"id":224,"boy":"兆岩","girl":"佛多思"},{"id":225,"boy":"乐正天罡","girl":"缑晨萱"},{"id":226,"boy":"茹阳飙","girl":"倪芳春"},{"id":227,"boy":"俟星然","girl":"圣璞玉"},{"id":228,"boy":"隗默","girl":"留如波"},{"id":229,"boy":"刑树","girl":"似一璇"},{"id":230,"boy":"守曜坤","girl":"鲜代蓝"},{"id":231,"boy":"钮洞","girl":"字玮艺"},{"id":232,"boy":"暴玉成","girl":"公孙语心"},{"id":233,"boy":"骆骞魁","girl":"妫谷云"},{"id":234,"boy":"亢锐藻","girl":"米子帆"},{"id":235,"boy":"宫安怡","girl":"淦琼英"},{"id":236,"boy":"嘉明哲","girl":"卜新语"},{"id":237,"boy":"闪翰学","girl":"善长莹"},{"id":238,"boy":"营图","girl":"步明煦"},{"id":239,"boy":"丛和裕","girl":"嬴新雨"},{"id":240,"boy":"库雅喇辰铭","girl":"帛琼思"},{"id":241,"boy":"戴滦","girl":"娄芳菲"},{"id":242,"boy":"经明志","girl":"张廖西华"},{"id":243,"boy":"福欣可","girl":"老晓昕"},{"id":244,"boy":"褒烨华","girl":"司以轩"},{"id":245,"boy":"檀宜春","girl":"第甜恬"},{"id":246,"boy":"析宏伟","girl":"靖寄云"},{"id":247,"boy":"韩侃","girl":"任琇晶"},{"id":248,"boy":"西门承运","girl":"莫忆曼"},{"id":249,"boy":"邰子轩","girl":"史海融"},{"id":250,"boy":"梅汤","girl":"左星瑶"},{"id":251,"boy":"暴云天","girl":"冒幻露"},{"id":252,"boy":"申奇玮","girl":"衅秀筠"},{"id":253,"boy":"佴晓博","girl":"谭听然"},{"id":254,"boy":"咎曜瑞","girl":"苟珠雨"},{"id":255,"boy":"仲俊语","girl":"姒元灵"},{"id":256,"boy":"盛茂典","girl":"浑千叶"},{"id":257,"boy":"充建义","girl":"汉莞然"},{"id":258,"boy":"板汤","girl":"华芝宇"},{"id":259,"boy":"开承宣","girl":"锺布衣"},{"id":260,"boy":"嵇建明","girl":"扬芊"},{"id":261,"boy":"资良弼","girl":"雪秀慧"},{"id":262,"boy":"勤开霁","girl":"骆梦菡"},{"id":263,"boy":"泉皓轩","girl":"华忻乐"},{"id":264,"boy":"太史蕴和","girl":"沃代柔"},{"id":265,"boy":"圣泰河","girl":"兰琛瑞"},{"id":266,"boy":"冒宏达","girl":"生星晴"},{"id":267,"boy":"却星纬","girl":"顿暖梦"},{"id":268,"boy":"关振强","girl":"星雨柏"},{"id":269,"boy":"望春","girl":"弥凝安"},{"id":270,"boy":"鞠凯旋","girl":"任翠阳"},{"id":271,"boy":"希明珠","girl":"狄平心"},{"id":272,"boy":"阚祺然","girl":"殳琇芳"},{"id":273,"boy":"泷华采","girl":"刁含香"},{"id":274,"boy":"汗鹏涛","girl":"利沈雅"},{"id":275,"boy":"寿祺瑞","girl":"己含秀"},{"id":276,"boy":"栾元勋","girl":"廉格菲"},{"id":277,"boy":"荀光誉","girl":"丰涵瑶"},{"id":278,"boy":"春景浩","girl":"訾思烟"},{"id":279,"boy":"祢阳伯","girl":"受平雅"},{"id":280,"boy":"堂阴","girl":"首夜梦"},{"id":281,"boy":"资飞驰","girl":"谷梁小霜"},{"id":282,"boy":"谢子默","girl":"奈阳阳"},{"id":283,"boy":"昔嘉树","girl":"纵雁易"},{"id":284,"boy":"衷嘉赐","girl":"罗含桃"},{"id":285,"boy":"米孟君","girl":"星雅诗"},{"id":286,"boy":"乌孙伟晔","girl":"席飞瑶"},{"id":287,"boy":"彤阳嘉","girl":"由清华"},{"id":288,"boy":"琴璞玉","girl":"闾沛槐"},{"id":289,"boy":"仁子实","girl":"析念露"},{"id":290,"boy":"晁向荣","girl":"赫连灵寒"},{"id":291,"boy":"谯中","girl":"宇文静姝"},{"id":292,"boy":"叔华灿","girl":"彤凡之"},{"id":293,"boy":"晋光赫","girl":"真琴心"},{"id":294,"boy":"居弘济","girl":"景问玉"},{"id":295,"boy":"郁思聪","girl":"闳迎曼"},{"id":296,"boy":"常翔","girl":"颜柔淑"},{"id":297,"boy":"仉安歌","girl":"塔欣彩"},{"id":298,"boy":"袭昌盛","girl":"化凌春"},{"id":299,"boy":"凤飞鹏","girl":"韶诗蕊"},{"id":300,"boy":"微生阳曜","girl":"西门韵梅"},{"id":301,"boy":"兆奇略","girl":"粘茹薇"},{"id":302,"boy":"邰康时","girl":"佘小翠"},{"id":303,"boy":"姒星文","girl":"淦暄婷"},{"id":304,"boy":"东朝","girl":"南门平惠"},{"id":305,"boy":"璩乐湛","girl":"巢新洁"},{"id":306,"boy":"陶承恩","girl":"壬昕妤"},{"id":307,"boy":"谯天路","girl":"蒿璇子"},{"id":308,"boy":"昌英范","girl":"赫泽惠"},{"id":309,"boy":"杞光誉","girl":"悟一南"},{"id":310,"boy":"势阳晖","girl":"革暖梦"},{"id":311,"boy":"白昊英","girl":"须新文"},{"id":312,"boy":"佴光亮","girl":"塔安柏"},{"id":313,"boy":"上官乐天","girl":"刚欣美"},{"id":314,"boy":"姜刚捷","girl":"讷殷富察浩丽"},{"id":315,"boy":"权嘉平","girl":"官巧荷"},{"id":316,"boy":"员翁","girl":"谬艳卉"},{"id":317,"boy":"终凯康","girl":"党雅美"},{"id":318,"boy":"韦喀","girl":"支沛若"},{"id":319,"boy":"汲厂","girl":"充忆彤"},{"id":320,"boy":"尹凯捷","girl":"闻人森丽"},{"id":321,"boy":"裔兴思","girl":"荀海瑶"},{"id":322,"boy":"阳才良","girl":"义昕靓"},{"id":323,"boy":"居彬","girl":"凭初之"},{"id":324,"boy":"肖君之","girl":"贝米琪"},{"id":325,"boy":"种茂德","girl":"谈青烟"},{"id":326,"boy":"乘阜","girl":"那亦巧"},{"id":327,"boy":"商宙","girl":"寻丽泽"},{"id":328,"boy":"释俊材","girl":"诗暄莹"},{"id":329,"boy":"潘伟诚","girl":"励碧萱"},{"id":330,"boy":"广祺瑞","girl":"本以寒"},{"id":331,"boy":"董伟奇","girl":"愈觅丹"},{"id":332,"boy":"僪浩轩","girl":"乔依瑶"},{"id":333,"boy":"盈嘉佑","girl":"实清润"},{"id":334,"boy":"之治","girl":"蚁晓夏"},{"id":335,"boy":"敛永元","girl":"酆凝琴"},{"id":336,"boy":"融皋","girl":"项华"},{"id":337,"boy":"乾扎","girl":"薛蕊珠"},{"id":338,"boy":"窦子实","girl":"次梦竹"},{"id":339,"boy":"斋志用","girl":"多青"},{"id":340,"boy":"佟佳帅","girl":"释青枫"},{"id":341,"boy":"展圣杰","girl":"依尔觉罗惜海"},{"id":342,"boy":"卜曦晨","girl":"尚岚翠"},{"id":343,"boy":"西门运发","girl":"市骏英"},{"id":344,"boy":"钟离福","girl":"戎如雪"},{"id":345,"boy":"展伟祺","girl":"尹芹"},{"id":346,"boy":"乌华皓","girl":"开海之"},{"id":347,"boy":"说光","girl":"滕静慧"},{"id":348,"boy":"树光赫","girl":"暴滢渟"},{"id":349,"boy":"肖心远","girl":"官音华"},{"id":350,"boy":"蛮鹏运","girl":"干月朗"},{"id":351,"boy":"貊沙","girl":"瞿芷天"},{"id":352,"boy":"彭航","girl":"酆昕靓"},{"id":353,"boy":"诗郭","girl":"毛秋玉"},{"id":354,"boy":"冒成化","girl":"范姜从雪"},{"id":355,"boy":"曾温茂","girl":"东笑旋"},{"id":356,"boy":"折心远","girl":"巢靖巧"},{"id":357,"boy":"缑华灿","girl":"公良忆曼"},{"id":358,"boy":"仪汇","girl":"乐隽洁"},{"id":359,"boy":"额尔德特阳荣","girl":"字朵儿"},{"id":360,"boy":"崔承宣","girl":"尔怜珊"},{"id":361,"boy":"郁嘉禧","girl":"五端雅"},{"id":362,"boy":"眭擎苍","girl":"首梦蕊"},{"id":363,"boy":"衅博学","girl":"长孙苇然"},{"id":364,"boy":"督云天","girl":"繁幼柏"},{"id":365,"boy":"闭永长","girl":"巩海秋"},{"id":366,"boy":"翁安歌","girl":"图门惜寒"},{"id":367,"boy":"才浩淼","girl":"占愉婉"},{"id":368,"boy":"盛礼骞","girl":"汉颖慧"},{"id":369,"boy":"犁伟茂","girl":"侨善思"},{"id":370,"boy":"伍驰皓","girl":"貊芳蔼"},{"id":371,"boy":"王永贞","girl":"舒穆禄含海"},{"id":372,"boy":"洪三","girl":"错采南"},{"id":373,"boy":"段干双","girl":"进幻"},{"id":374,"boy":"褒振平","girl":"尔以丹"},{"id":375,"boy":"弥浩然","girl":"建从雪"},{"id":376,"boy":"童泰鸿","girl":"邬江雪"},{"id":377,"boy":"银睿聪","girl":"邴灵韵"},{"id":378,"boy":"司斯年","girl":"声雅艳"},{"id":379,"boy":"弓宣","girl":"野怀蕾"},{"id":380,"boy":"范姜乐成","girl":"都悦可"},{"id":381,"boy":"欧瀚玥","girl":"驹梓柔"},{"id":382,"boy":"昝俊喆","girl":"边庄雅"},{"id":383,"boy":"祖勇男","girl":"祭莎莉"},{"id":384,"boy":"实星然","girl":"千明凝"},{"id":385,"boy":"乾开济","girl":"阮幻儿"},{"id":386,"boy":"苍项明","girl":"粘陶然"},{"id":387,"boy":"抗马","girl":"行晓兰"},{"id":388,"boy":"郏明辉","girl":"仉秋颖"},{"id":389,"boy":"谌昌燎","girl":"家蕙芸"},{"id":390,"boy":"碧鲁子瑜","girl":"北芷波"},{"id":391,"boy":"慕泉","girl":"侍萧玉"},{"id":392,"boy":"郁宏放","girl":"辛芷"},{"id":393,"boy":"渠康泰","girl":"贺问萍"},{"id":394,"boy":"薄榕","girl":"衅楚云"},{"id":395,"boy":"修煜城","girl":"巴水风"},{"id":396,"boy":"用振强","girl":"连依瑶"},{"id":397,"boy":"贵远骞","girl":"栗月天"},{"id":398,"boy":"展源","girl":"机梦云"},{"id":399,"boy":"翟沧","girl":"党之"},{"id":400,"boy":"章佳同济","girl":"督沛白"},{"id":401,"boy":"接彭湃","girl":"云娉"},{"id":402,"boy":"夏温茂","girl":"凭痴凝"},{"id":403,"boy":"候勇锐","girl":"佴芸儿"},{"id":404,"boy":"渠彭彭","girl":"丰密思"},{"id":405,"boy":"贝有","girl":"区清悦"},{"id":406,"boy":"完霄","girl":"芒恬静"},{"id":407,"boy":"左定","girl":"花闳丽"},{"id":408,"boy":"威辰铭","girl":"酆隽雅"},{"id":409,"boy":"宦乐和","girl":"况夜"},{"id":410,"boy":"汪耘志","girl":"邱采梦"},{"id":411,"boy":"疏正浩","girl":"雍静淑"},{"id":412,"boy":"蒉乐咏","girl":"紫书竹"},{"id":413,"boy":"蚁宏旷","girl":"历凌晴"},{"id":414,"boy":"衷颜骏","girl":"刚思琪"},{"id":415,"boy":"依尔觉罗玉韵","girl":"壤驷春冬"},{"id":416,"boy":"阎高义","girl":"象念露"},{"id":417,"boy":"亢高远","girl":"侨羡丽"},{"id":418,"boy":"微生光赫","girl":"函菲菲"},{"id":419,"boy":"绪连","girl":"武可嘉"},{"id":420,"boy":"恽阳煦","girl":"庾韵诗"},{"id":421,"boy":"危范明","girl":"丁水"},{"id":422,"boy":"慕力行","girl":"符曲静"},{"id":423,"boy":"永晨轩","girl":"出柔洁"},{"id":424,"boy":"闾丘齐","girl":"夹谷悦心"},{"id":425,"boy":"苟良平","girl":"芮晨钰"},{"id":426,"boy":"苍瑞渊","girl":"袭胤雅"},{"id":427,"boy":"第义","girl":"朴海亦"},{"id":428,"boy":"桂良奥","girl":"骑冰蝶"},{"id":429,"boy":"聂德","girl":"辟珺琦"},{"id":430,"boy":"梁丘池","girl":"昂忻愉"},{"id":431,"boy":"关同甫","girl":"弓叶丹"},{"id":432,"boy":"速公","girl":"祖芷雪"},{"id":433,"boy":"穰同方","girl":"太叔梦岚"},{"id":434,"boy":"夔海逸","girl":"岳白薇"},{"id":435,"boy":"雀泰然","girl":"曹致欣"},{"id":436,"boy":"皋曦哲","girl":"泣迎海"},{"id":437,"boy":"那拉骞北","girl":"局梓云"},{"id":438,"boy":"市俊远","girl":"贰玉华"},{"id":439,"boy":"厚嘉懿","girl":"和溪儿"},{"id":440,"boy":"甄子石","girl":"謇绮云"},{"id":441,"boy":"曹星鹏","girl":"柯玉轩"},{"id":442,"boy":"文睿识","girl":"覃绿凝"},{"id":443,"boy":"朱雨星","girl":"尹燕妮"},{"id":444,"boy":"姬建安","girl":"闽清"},{"id":445,"boy":"韩温瑜","girl":"谈觅珍"},{"id":446,"boy":"乌开诚","girl":"封玲玲"},{"id":447,"boy":"钊伟","girl":"苑安荷"},{"id":448,"boy":"闫令锋","girl":"和山菡"},{"id":449,"boy":"林温书","girl":"林淳静"},{"id":450,"boy":"讷殷富察正德","girl":"爱驰丽"},{"id":451,"boy":"戎昊空","girl":"巧隽巧"},{"id":452,"boy":"抗欣嘉","girl":"巩半莲"},{"id":453,"boy":"过兴旺","girl":"郸含云"},{"id":454,"boy":"硕华辉","girl":"检海莹"},{"id":455,"boy":"肖娄","girl":"迟妞妞"},{"id":456,"boy":"司徒俊誉","girl":"平兰泽"},{"id":457,"boy":"仝令飒","girl":"仁悦来"},{"id":458,"boy":"祁雪风","girl":"长孙惜珊"},{"id":459,"boy":"滕安民","girl":"书淑君"},{"id":460,"boy":"充凯康","girl":"理茉莉"},{"id":461,"boy":"狄温纶","girl":"那拉访曼"},{"id":462,"boy":"焦兴邦","girl":"臧瑞灵"},{"id":463,"boy":"奈辰皓","girl":"薄凌蝶"},{"id":464,"boy":"萨嘛喇乐游","girl":"齐欢欣"},{"id":465,"boy":"依尔觉罗嘉颖","girl":"敛思佳"},{"id":466,"boy":"错英彦","girl":"庆水晶"},{"id":467,"boy":"熊蔚","girl":"额尔德特冬雪"},{"id":468,"boy":"山弘义","girl":"封雅逸"},{"id":469,"boy":"旁昊穹","girl":"望丰雅"},{"id":470,"boy":"营承平","girl":"钮祜禄怀薇"},{"id":471,"boy":"素德泽","girl":"宁含海"},{"id":472,"boy":"苗兴国","girl":"操丽华"},{"id":473,"boy":"秘成龙","girl":"行彤蕊"},{"id":474,"boy":"俎腾骏","girl":"藤溪澈"},{"id":475,"boy":"表思淼","girl":"中南蕾"},{"id":476,"boy":"吾鹤轩","girl":"图门叶芳"},{"id":477,"boy":"资长","girl":"籍雪萍"},{"id":478,"boy":"羊舌俊风","girl":"辜玟丽"},{"id":479,"boy":"董茂勋","girl":"尉柔怀"},{"id":480,"boy":"令狐翔宇","girl":"陶菊华"},{"id":481,"boy":"司徒宏伯","girl":"瓜尔佳令慧"},{"id":482,"boy":"过宜年","girl":"六思菱"},{"id":483,"boy":"尤嘉悦","girl":"姬访梦"},{"id":484,"boy":"续烨烁","girl":"竹叶飞"},{"id":485,"boy":"图门英卫","girl":"莱嫔然"},{"id":486,"boy":"殷承基","girl":"中宛曼"},{"id":487,"boy":"赛英奕","girl":"宓睿哲"},{"id":488,"boy":"费莫旭鹏","girl":"蹇叶丰"},{"id":489,"boy":"沐明智","girl":"敬芳润"},{"id":490,"boy":"皋闻","girl":"亓金玉"},{"id":491,"boy":"蒲景中","girl":"乜令梅"},{"id":492,"boy":"咎曜坤","girl":"微生北晶"},{"id":493,"boy":"风元凯","girl":"区洋洋"},{"id":494,"boy":"书春","girl":"纪从筠"},{"id":495,"boy":"司乐池","girl":"毋霞影"},{"id":496,"boy":"闻人建安","girl":"夔熙怡"},{"id":497,"boy":"信博明","girl":"纪骊美"},{"id":498,"boy":"后烨磊","girl":"束熙柔"},{"id":499,"boy":"续裕","girl":"仁含娇"},{"id":500,"boy":"戊光誉","girl":"顾秀洁"},{"id":501,"boy":"母雨星","girl":"藩孤晴"},{"id":502,"boy":"戚阳羽","girl":"淡语芹"},{"id":503,"boy":"机腾骏","girl":"薛悦乐"},{"id":504,"boy":"北沁","girl":"户阳霁"},{"id":505,"boy":"寻承德","girl":"戈飞烟"},{"id":506,"boy":"米德润","girl":"淦依柔"},{"id":507,"boy":"万俟正信","girl":"谷新雪"},{"id":508,"boy":"秘昆谊","girl":"厚骊婷"},{"id":509,"boy":"繁志泽","girl":"桐宛儿"},{"id":510,"boy":"乔商","girl":"席淑贞"},{"id":511,"boy":"茂坚壁","girl":"吾寻云"},{"id":512,"boy":"沃吉星","girl":"晋又琴"},{"id":513,"boy":"圣子昂","girl":"戢倩美"},{"id":514,"boy":"仲孙永丰","girl":"崔仪文"},{"id":515,"boy":"谈彭泽","girl":"京晓夏"},{"id":516,"boy":"虢高谊","girl":"库含桃"},{"id":517,"boy":"门克","girl":"干乐欣"},{"id":518,"boy":"孙兴业","girl":"司马亦旋"},{"id":519,"boy":"镇乐安","girl":"问含雁"},{"id":520,"boy":"线玉泉","girl":"庄梦寒"},{"id":521,"boy":"柴康胜","girl":"明香桃"},{"id":522,"boy":"钟离华茂","girl":"檀妍雅"},{"id":523,"boy":"利振平","girl":"但兰芝"},{"id":524,"boy":"束鑫磊","girl":"余慧美"},{"id":525,"boy":"帛楼","girl":"侯惜萍"},{"id":526,"boy":"受信鸥","girl":"袁如曼"},{"id":527,"boy":"脱阳荣","girl":"綦奕奕"},{"id":528,"boy":"洋勇男","girl":"仇灵韵"},{"id":529,"boy":"长孙利","girl":"溥笑晴"},{"id":530,"boy":"太叔浩涆","girl":"丙思楠"},{"id":531,"boy":"楼华容","girl":"司空迎蓉"},{"id":532,"boy":"伏汤","girl":"穰燕珺"},{"id":533,"boy":"越萝","girl":"乌雅未央"},{"id":534,"boy":"蒋展鹏","girl":"白红螺"},{"id":535,"boy":"巨陆","girl":"单问萍"},{"id":536,"boy":"刘和光","girl":"姒傲儿"},{"id":537,"boy":"睢胤骞","girl":"旷慧捷"},{"id":538,"boy":"夏华美","girl":"函清佳"},{"id":539,"boy":"巧令枫","girl":"刘飞珍"},{"id":540,"boy":"奇嘉泽","girl":"殷林帆"},{"id":541,"boy":"法伟祺","girl":"仆宛亦"},{"id":542,"boy":"屈运华","girl":"归芸静"},{"id":543,"boy":"裴驰海","girl":"冯向真"},{"id":544,"boy":"环鑫磊","girl":"丹白卉"},{"id":545,"boy":"鲜鸿雪","girl":"繁冰岚"},{"id":546,"boy":"己宏逸","girl":"绳晴丽"},{"id":547,"boy":"赫连高歌","girl":"粟傲柔"},{"id":548,"boy":"夔昌翰","girl":"度代蓝"},{"id":549,"boy":"琦灌","girl":"太叔尔丝"},{"id":550,"boy":"宿莫","girl":"郝月悦"},{"id":551,"boy":"謇英悟","girl":"帅愉婉"},{"id":552,"boy":"颛孙乐容","girl":"郁芷珊"},{"id":553,"boy":"邝和豫","girl":"第五夏菡"},{"id":554,"boy":"考涵涵","girl":"化哲妍"},{"id":555,"boy":"遇景龙","girl":"原孤丹"},{"id":556,"boy":"汗思远","girl":"尉惜玉"},{"id":557,"boy":"折修文","girl":"红雪珍"},{"id":558,"boy":"裔阳云","girl":"甘平雅"},{"id":559,"boy":"乐文","girl":"戴丽雅"},{"id":560,"boy":"祈伟兆","girl":"说瑞锦"},{"id":561,"boy":"迟安平","girl":"妫绿柏"},{"id":562,"boy":"乙伟茂","girl":"登林"},{"id":563,"boy":"杞经纶","girl":"马佳淳静"},{"id":564,"boy":"腾璞瑜","girl":"委秋彤"},{"id":565,"boy":"文伟祺","girl":"隽天青"},{"id":566,"boy":"衷勇捷","girl":"友代桃"},{"id":567,"boy":"犁永","girl":"马佳妙之"},{"id":568,"boy":"类浩宕","girl":"韩冬雁"},{"id":569,"boy":"御博容","girl":"坚笑翠"},{"id":570,"boy":"诸葛俊楠","girl":"求曼云"},{"id":571,"boy":"青桦","girl":"向珺娅"},{"id":572,"boy":"华瑞渊","girl":"战幼旋"},{"id":573,"boy":"德永怡","girl":"臧书易"},{"id":574,"boy":"速星火","girl":"祝梦桃"},{"id":575,"boy":"生乐逸","girl":"姓新荣"},{"id":576,"boy":"贲当","girl":"查妹"},{"id":577,"boy":"查华池","girl":"理书仪"},{"id":578,"boy":"房乐贤","girl":"泷三姗"},{"id":579,"boy":"诗同方","girl":"丰秀婉"},{"id":580,"boy":"苏彬彬","girl":"欧依萱"},{"id":581,"boy":"岳翰池","girl":"夹谷夏云"},{"id":582,"boy":"武星华","girl":"受寄琴"},{"id":583,"boy":"栋弘致","girl":"刘孤丹"},{"id":584,"boy":"许运凯","girl":"辉语丝"},{"id":585,"boy":"章馆","girl":"声秀兰"},{"id":586,"boy":"靖允晨","girl":"讷殷富察贤淑"},{"id":587,"boy":"第五世","girl":"梁丘如曼"},{"id":588,"boy":"福奇逸","girl":"恭又槐"},{"id":589,"boy":"壤驷夷","girl":"习顺慈"},{"id":590,"boy":"貊思淼","girl":"壤驷璞玉"},{"id":591,"boy":"籍运杰","girl":"拱颖馨"},{"id":592,"boy":"帛坚诚","girl":"浦海亦"},{"id":593,"boy":"汪君之","girl":"宾如云"},{"id":594,"boy":"耿咏思","girl":"郭哲妍"},{"id":595,"boy":"厉春","girl":"姒思楠"},{"id":596,"boy":"天嘉佑","girl":"聊彦芝"},{"id":597,"boy":"濮阳高轩","girl":"宛瑰玮"},{"id":598,"boy":"咎闵","girl":"上官凝丝"},{"id":599,"boy":"庆建安","girl":"拓跋茵茵"},{"id":600,"boy":"旁格","girl":"柳淑然"},{"id":601,"boy":"操星波","girl":"潜美丽"},{"id":602,"boy":"己淀","girl":"璩秀娟"},{"id":603,"boy":"伍德水","girl":"莘夏萱"},{"id":604,"boy":"祖雨星","girl":"阿童童"},{"id":605,"boy":"俟蔚","girl":"肖沈雅"},{"id":606,"boy":"仆阳泽","girl":"宣平灵"},{"id":607,"boy":"俞英华","girl":"钊梦桐"},{"id":608,"boy":"后巍昂","girl":"利妆"},{"id":609,"boy":"霍光","girl":"阴羽彤"},{"id":610,"boy":"席温纶","girl":"甲问丝"},{"id":611,"boy":"邹辰宇","girl":"夏沛岚"},{"id":612,"boy":"杞弘新","girl":"偶绮思"},{"id":613,"boy":"郎嘉悦","girl":"谬柔蔓"},{"id":614,"boy":"邗安平","girl":"殷清润"},{"id":615,"boy":"布睿明","girl":"侍驰雪"},{"id":616,"boy":"是勇锐","girl":"后冉"},{"id":617,"boy":"蹇同济","girl":"象晓兰"},{"id":618,"boy":"勾承嗣","girl":"楼芷珊"},{"id":619,"boy":"励乡","girl":"荤陶宁"},{"id":620,"boy":"宫沙","girl":"府香柏"},{"id":621,"boy":"兆建中","girl":"公良晨风"},{"id":622,"boy":"鄞时","girl":"老雪枫"},{"id":623,"boy":"米和安","girl":"覃燕珺"},{"id":624,"boy":"杜锐阵","girl":"祝怀绿"},{"id":625,"boy":"天刚捷","girl":"凤晨曦"},{"id":626,"boy":"禾珺","girl":"庹天曼"},{"id":627,"boy":"侍生","girl":"萨嘛喇湛芳"},{"id":628,"boy":"鄂安宁","girl":"樊秋芳"},{"id":629,"boy":"学晨潍","girl":"让炫"},{"id":630,"boy":"漫修真","girl":"礼歌韵"},{"id":631,"boy":"晁固","girl":"东门采蓝"},{"id":632,"boy":"项和雅","girl":"笪芷珍"},{"id":633,"boy":"茂辰阳","girl":"兴问儿"},{"id":634,"boy":"金晨轩","girl":"隋思凡"},{"id":635,"boy":"金奇致","girl":"斯芸欣"},{"id":636,"boy":"用英逸","girl":"惠童彤"},{"id":637,"boy":"荆星宇","girl":"伏慧语"},{"id":638,"boy":"檀颜骏","girl":"仆子亦"},{"id":639,"boy":"汲修","girl":"司空雅柏"},{"id":640,"boy":"归泰清","girl":"梁盼波"},{"id":641,"boy":"咎阳成","girl":"晏思茵"},{"id":642,"boy":"谌暨","girl":"麴雨雪"},{"id":643,"boy":"呼嘉树","girl":"百冷松"},{"id":644,"boy":"逢敏智","girl":"云雍雅"},{"id":645,"boy":"祖晨涛","girl":"驹书南"},{"id":646,"boy":"源浩波","girl":"树平良"},{"id":647,"boy":"穰绍祺","girl":"委平良"},{"id":648,"boy":"东方玉堂","girl":"库怀梦"},{"id":649,"boy":"房靖琪","girl":"独珺琪"},{"id":650,"boy":"无安宜","girl":"奇漩"},{"id":651,"boy":"悉涞","girl":"尤珺琦"},{"id":652,"boy":"皋伟才","girl":"胡觅云"},{"id":653,"boy":"都承安","girl":"匡蕴美"},{"id":654,"boy":"波嘉致","girl":"乘彦珺"},{"id":655,"boy":"皇甫利","girl":"叶赫那拉逸秀"},{"id":656,"boy":"赵飞宇","girl":"眭小雯"},{"id":657,"boy":"系英耀","girl":"麦凡巧"},{"id":658,"boy":"燕绍元","girl":"汉河灵"},{"id":659,"boy":"捷遥","girl":"公西天蓝"},{"id":660,"boy":"双皋","girl":"士凌晴"},{"id":661,"boy":"邶成益","girl":"介霓云"},{"id":662,"boy":"虢曾琪","girl":"蒯世韵"},{"id":663,"boy":"蚁高昂","girl":"水曜儿"},{"id":664,"boy":"厍曜坤","girl":"任尔雅"},{"id":665,"boy":"线敏智","girl":"铁若薇"},{"id":666,"boy":"袭永福","girl":"雷智菱"},{"id":667,"boy":"玄天睿","girl":"扶楚楚"},{"id":668,"boy":"箕学","girl":"阚娴淑"},{"id":669,"boy":"原晨濡","girl":"冷惜蕊"},{"id":670,"boy":"钟博易","girl":"昌依美"},{"id":671,"boy":"生昆宇","girl":"景多思"},{"id":672,"boy":"赖珺","girl":"白灵溪"},{"id":673,"boy":"实扎","girl":"胡迎"},{"id":674,"boy":"门熟","girl":"闽叶芳"},{"id":675,"boy":"勇星渊","girl":"羊舌舒荣"},{"id":676,"boy":"常志尚","girl":"勾书兰"},{"id":677,"boy":"睢英发","girl":"针薇"},{"id":678,"boy":"童宏深","girl":"姓欣嘉"},{"id":679,"boy":"义智宇","girl":"萨嘛喇听然"},{"id":680,"boy":"濯晨涛","girl":"尉含娇"},{"id":681,"boy":"万彬郁","girl":"道佳美"},{"id":682,"boy":"潘雅惠","girl":"可谷之"},{"id":683,"boy":"刑阳夏","girl":"貊天巧"},{"id":684,"boy":"泥金鑫","girl":"阿宛秋"},{"id":685,"boy":"丛建华","girl":"樊嘉言"},{"id":686,"boy":"捷英朗","girl":"杜乐安"},{"id":687,"boy":"东门宏朗","girl":"蔡冰双"},{"id":688,"boy":"轩辕玛","girl":"闾雪萍"},{"id":689,"boy":"应锐进","girl":"寻思楠"},{"id":690,"boy":"遇昆颉","girl":"候慧捷"},{"id":691,"boy":"阴兴国","girl":"穰晓露"},{"id":692,"boy":"辜奇致","girl":"逢凡霜"},{"id":693,"boy":"树高雅","girl":"仉安然"},{"id":694,"boy":"纳玉树","girl":"梅迎曼"},{"id":695,"boy":"张坚","girl":"况舒兰"},{"id":696,"boy":"辟运鸿","girl":"涂迎彤"},{"id":697,"boy":"止英杰","girl":"始书慧"},{"id":698,"boy":"弘驰轩","girl":"虎沛蓝"},{"id":699,"boy":"星全","girl":"圣冬莲"},{"id":700,"boy":"蓟华皓","girl":"仉芷天"},{"id":701,"boy":"辛向晨","girl":"逮漾漾"},{"id":702,"boy":"欧阳文翰","girl":"苑菡梅"},{"id":703,"boy":"坚星泽","girl":"车莎"},{"id":704,"boy":"褒信鸿","girl":"溥绮玉"},{"id":705,"boy":"宦弘量","girl":"实凡白"},{"id":706,"boy":"种书君","girl":"倪雁凡"},{"id":707,"boy":"季胤运","girl":"汗孤菱"},{"id":708,"boy":"简英博","girl":"门秋彤"},{"id":709,"boy":"左丘兴贤","girl":"门秋珊"},{"id":710,"boy":"问嘉志","girl":"幸丽君"},{"id":711,"boy":"檀心水","girl":"墨盼旋"},{"id":712,"boy":"盛涵蓄","girl":"沙新语"},{"id":713,"boy":"宇泽民","girl":"裔飞珍"},{"id":714,"boy":"庾欣怡","girl":"卢正雅"},{"id":715,"boy":"解乐天","girl":"山晗琴"},{"id":716,"boy":"合正祥","girl":"板又莲"},{"id":717,"boy":"程宏爽","girl":"毋笑阳"},{"id":718,"boy":"依广君","girl":"扬娉"},{"id":719,"boy":"青辰沛","girl":"羊舌淼淼"},{"id":720,"boy":"么俊英","girl":"游悠奕"},{"id":721,"boy":"秦涛","girl":"晏慕悦"},{"id":722,"boy":"璩志行","girl":"祭初露"},{"id":723,"boy":"鹿安国","girl":"司徒秀媚"},{"id":724,"boy":"桂曜灿","girl":"年娟"},{"id":725,"boy":"祢彬彬","girl":"频紫蕙"},{"id":726,"boy":"冉郭","girl":"吉白柏"},{"id":727,"boy":"僧时","girl":"毋盼柳"},{"id":728,"boy":"冷兴怀","girl":"屠凌青"},{"id":729,"boy":"钮祜禄浩广","girl":"吉世韵"},{"id":730,"boy":"天高寒","girl":"胥逸雅"},{"id":731,"boy":"晁波涛","girl":"寸嘉丽"},{"id":732,"boy":"青弘伟","girl":"轩辕欣怡"},{"id":733,"boy":"郗斌蔚","girl":"务双玉"},{"id":734,"boy":"逄彭越","girl":"喜希慕"},{"id":735,"boy":"甘俊艾","girl":"剧松雨"},{"id":736,"boy":"藤皓轩","girl":"钦姞"},{"id":737,"boy":"肥宏阔","girl":"六静美"},{"id":738,"boy":"干翰墨","girl":"苦嘉云"},{"id":739,"boy":"娄英彦","girl":"谭贞芳"},{"id":740,"boy":"邰敏博","girl":"偶子亦"},{"id":741,"boy":"似涵容","girl":"闳元旋"},{"id":742,"boy":"休良翰","girl":"谷璇娟"},{"id":743,"boy":"冒元驹","girl":"陶语薇"},{"id":744,"boy":"夫锐意","girl":"帖元柳"},{"id":745,"boy":"吉三","girl":"仵柔绚"},{"id":746,"boy":"晁昊伟","girl":"尾灵松"},{"id":747,"boy":"慕永","girl":"舒穆禄怀山"},{"id":748,"boy":"乐正弘量","girl":"陆凌柏"},{"id":749,"boy":"生建华","girl":"爱晨菲"},{"id":750,"boy":"栾承颜","girl":"兰逸云"},{"id":751,"boy":"罕咏歌","girl":"甫佩玉"},{"id":752,"boy":"但垣","girl":"戏小蕾"},{"id":753,"boy":"仵嘉年","girl":"相如之"},{"id":754,"boy":"愈善","girl":"贰暄莹"},{"id":755,"boy":"操书君","girl":"昂雨琴"},{"id":756,"boy":"聂光霁","girl":"召思懿"},{"id":757,"boy":"霜实","girl":"覃冰凡"},{"id":758,"boy":"礼锐思","girl":"折一嘉"},{"id":759,"boy":"森罗","girl":"飞灵凡"},{"id":760,"boy":"杨高歌","girl":"苑静白"},{"id":761,"boy":"虞光辉","girl":"和访曼"},{"id":762,"boy":"璩宇寰","girl":"完念念"},{"id":763,"boy":"丙雅畅","girl":"清淼淼"},{"id":764,"boy":"狄和悦","girl":"么皎月"},{"id":765,"boy":"聊文博","girl":"信梦易"},{"id":766,"boy":"空高轩","girl":"相语心"},{"id":767,"boy":"红宏儒","girl":"淳于歆然"},{"id":768,"boy":"公孙天赋","girl":"伏彦芝"},{"id":769,"boy":"说星洲","girl":"示松雨"},{"id":770,"boy":"纳喇雨华","girl":"官乐天"},{"id":771,"boy":"乌孙昊磊","girl":"湛凝雪"},{"id":772,"boy":"壬兴朝","girl":"温玄清"},{"id":773,"boy":"嘉鹏鹍","girl":"令狐卿云"},{"id":774,"boy":"邹哲彦","girl":"乘雅娴"},{"id":775,"boy":"仙鸿远","girl":"海愉心"},{"id":776,"boy":"颜永春","girl":"单贞芳"},{"id":777,"boy":"叶翰藻","girl":"朋夏山"},{"id":778,"boy":"局乐湛","girl":"成幻儿"},{"id":779,"boy":"沐安晏","girl":"碧鲁婷美"},{"id":780,"boy":"仰同方","girl":"妫玉环"},{"id":781,"boy":"穰碑","girl":"宓沛萍"},{"id":782,"boy":"贝咏思","girl":"阙胤文"},{"id":783,"boy":"平阳荣","girl":"鞠涵山"},{"id":784,"boy":"衅博艺","girl":"错田然"},{"id":785,"boy":"戊宏大","girl":"刘未央"},{"id":786,"boy":"己元思","girl":"素忻忻"},{"id":787,"boy":"乌永嘉","girl":"赧玲珑"},{"id":788,"boy":"修丞","girl":"隆思义"},{"id":789,"boy":"穰经义","girl":"操慧智"},{"id":790,"boy":"张廖正豪","girl":"文惜珊"},{"id":791,"boy":"掌晨朗","girl":"城怡君"},{"id":792,"boy":"楼兴为","girl":"性昭昭"},{"id":793,"boy":"楼乐成","girl":"俞又儿"},{"id":794,"boy":"禄成礼","girl":"刘映寒"},{"id":795,"boy":"邬和风","girl":"大琼芳"},{"id":796,"boy":"何运杰","girl":"文晴雪"},{"id":797,"boy":"范姜奇邃","girl":"扈玮琪"},{"id":798,"boy":"速雅志","girl":"额尔德特银瑶"},{"id":799,"boy":"贾修永","girl":"鄞映菱"},{"id":800,"boy":"但向阳","girl":"却多思"},{"id":801,"boy":"翦盱","girl":"屠思枫"},{"id":802,"boy":"翠乐生","girl":"范姜慧晨"},{"id":803,"boy":"蛮英韶","girl":"赫舍里洁雅"},{"id":804,"boy":"萨天骄","girl":"朋寻春"},{"id":805,"boy":"御博简","girl":"友曼衍"},{"id":806,"boy":"枚英耀","girl":"休怜翠"},{"id":807,"boy":"虎阳伯","girl":"乐小雯"},{"id":808,"boy":"爱新觉罗锐精","girl":"衷银"},{"id":809,"boy":"慕睿才","girl":"琴思雁"},{"id":810,"boy":"裴力言","girl":"郑柳"},{"id":811,"boy":"解乐语","girl":"廖小楠"},{"id":812,"boy":"韩翼","girl":"刑涵菡"},{"id":813,"boy":"普鸿畅","girl":"濮嘉言"},{"id":814,"boy":"逄阳文","girl":"巢谷玉"},{"id":815,"boy":"毕阳州","girl":"世飞瑶"},{"id":816,"boy":"旁文山","girl":"南门湛静"},{"id":817,"boy":"堂景明","girl":"叶赫那兰雪儿"},{"id":818,"boy":"拱学","girl":"历问春"},{"id":819,"boy":"钟承悦","girl":"玉翠绿"},{"id":820,"boy":"淳于子墨","girl":"接骊英"},{"id":821,"boy":"贝凯风","girl":"谭尔蝶"},{"id":822,"boy":"朴彦君","girl":"春芷文"},{"id":823,"boy":"厍武","girl":"谷梁代巧"},{"id":824,"boy":"席茂勋","girl":"桥云梦"},{"id":825,"boy":"虎彬彬","girl":"植乃心"},{"id":826,"boy":"友茂勋","girl":"喜塔腊安筠"},{"id":827,"boy":"练华彩","girl":"粟灵雨"},{"id":828,"boy":"边泰鸿","girl":"贵枝"},{"id":829,"boy":"慕容和宜","girl":"仉山槐"},{"id":830,"boy":"石俊明","girl":"依思涵"},{"id":831,"boy":"裴乐音","girl":"赛湘灵"},{"id":832,"boy":"叶昊硕","girl":"化雯华"},{"id":833,"boy":"乾彭祖","girl":"乌蔓蔓"},{"id":834,"boy":"朱俊贤","girl":"司徒诗蕾"},{"id":835,"boy":"侯康时","girl":"学思云"},{"id":836,"boy":"绪良工","girl":"綦凌青"},{"id":837,"boy":"宋英喆","girl":"春家美"},{"id":838,"boy":"祈会","girl":"白云亭"},{"id":839,"boy":"但康震","girl":"井寒梦"},{"id":840,"boy":"彭嘉木","girl":"斐芳馥"},{"id":841,"boy":"化天宇","girl":"郁柔怀"},{"id":842,"boy":"綦嘉珍","girl":"鲜奇文"},{"id":843,"boy":"敛经国","girl":"闵铃语"},{"id":844,"boy":"寻永言","girl":"祝琰琬"},{"id":845,"boy":"东方文昂","girl":"太史友菱"},{"id":846,"boy":"詹星波","girl":"委小春"},{"id":847,"boy":"栗俊楠","girl":"国灵槐"},{"id":848,"boy":"吉浩宕","girl":"卷寻芳"},{"id":849,"boy":"星雅志","girl":"赏妙之"},{"id":850,"boy":"茆华辉","girl":"广晓慧"},{"id":851,"boy":"司马理全","girl":"慎叶彤"},{"id":852,"boy":"年阳冰","girl":"辟问雁"},{"id":853,"boy":"在海逸","girl":"褚茹云"},{"id":854,"boy":"校弘伟","girl":"臧彦珺"},{"id":855,"boy":"圣雨伯","girl":"潘雁兰"},{"id":856,"boy":"太叔振国","girl":"宇叶农"},{"id":857,"boy":"乾原","girl":"秦雨凝"},{"id":858,"boy":"佴子平","girl":"塞颖慧"},{"id":859,"boy":"雍嘉许","girl":"虎雨雪"},{"id":860,"boy":"充俊智","girl":"敖小雨"},{"id":861,"boy":"星良骏","girl":"徐弘雅"},{"id":862,"boy":"栾浩博","girl":"拱翠荷"},{"id":863,"boy":"裴乐圣","girl":"生薇"},{"id":864,"boy":"蓬运恒","girl":"森晶霞"},{"id":865,"boy":"瑞烨梁","girl":"化忻慕"},{"id":866,"boy":"出博达","girl":"扬静槐"},{"id":867,"boy":"扈志专","girl":"藩宛筠"},{"id":868,"boy":"劳昂杰","girl":"霍雨雪"},{"id":869,"boy":"赖明辉","girl":"昌迎秋"},{"id":870,"boy":"喜彭祖","girl":"勇骏燕"},{"id":871,"boy":"竭晨濡","girl":"伊恨荷"},{"id":872,"boy":"奈社","girl":"招梓菱"},{"id":873,"boy":"淡震博","girl":"佛元彤"},{"id":874,"boy":"公良弘致","girl":"劳林"},{"id":875,"boy":"练天禄","girl":"郝忻然"},{"id":876,"boy":"俎霍","girl":"雍悦欣"},{"id":877,"boy":"石俊彦","girl":"巨玫"},{"id":878,"boy":"宿昌勋","girl":"苦修洁"},{"id":879,"boy":"碧建本","girl":"幸婉容"},{"id":880,"boy":"拓跋成双","girl":"爱白玉"},{"id":881,"boy":"费文成","girl":"宰父盼波"},{"id":882,"boy":"罕英发","girl":"子车翠丝"},{"id":883,"boy":"伦思远","girl":"弥梓童"},{"id":884,"boy":"承漳","girl":"简谷菱"},{"id":885,"boy":"勾飞语","girl":"空晗玥"},{"id":886,"boy":"止宇荫","girl":"遇天青"},{"id":887,"boy":"赫连弘亮","girl":"剧凌柏"},{"id":888,"boy":"劳志专","girl":"滑冰之"},{"id":889,"boy":"朴信瑞","girl":"抄小宸"},{"id":890,"boy":"赤博易","girl":"函怀绿"},{"id":891,"boy":"藏牙","girl":"凤芦雪"},{"id":892,"boy":"税勇毅","girl":"戢怡月"},{"id":893,"boy":"睢承悦","girl":"堵涵桃"},{"id":894,"boy":"衷文曜","girl":"井芳茵"},{"id":895,"boy":"宣锐逸","girl":"溥念桃"},{"id":896,"boy":"虎阳曜","girl":"粟清馨"},{"id":897,"boy":"弓鹏鲲","girl":"应静珊"},{"id":898,"boy":"疏朗","girl":"澹台婉丽"},{"id":899,"boy":"励兴思","girl":"杭雨兰"},{"id":900,"boy":"冠向文","girl":"汤念雁"},{"id":901,"boy":"锺波鸿","girl":"詹飞双"},{"id":902,"boy":"铁高扬","girl":"龚忻慕"},{"id":903,"boy":"姬乐心","girl":"訾慧美"},{"id":904,"boy":"穰兴思","girl":"卑会欣"},{"id":905,"boy":"苍海","girl":"墨尔雅"},{"id":906,"boy":"雷星睿","girl":"脱文姝"},{"id":907,"boy":"亓昆谊","girl":"牟颖然"},{"id":908,"boy":"圣锐进","girl":"过美丽"},{"id":909,"boy":"芒学林","girl":"西门从波"},{"id":910,"boy":"枚光霁","girl":"同小星"},{"id":911,"boy":"叶锐阵","girl":"焉绿蝶"},{"id":912,"boy":"遇经亘","girl":"麴朵儿"},{"id":913,"boy":"错头","girl":"骆紫琼"},{"id":914,"boy":"梅雅惠","girl":"次亦竹"},{"id":915,"boy":"步宾实","girl":"夕子芸"},{"id":916,"boy":"掌满","girl":"盖夏瑶"},{"id":917,"boy":"鹿梁","girl":"矫昕妤"},{"id":918,"boy":"郎正德","girl":"蓟雅致"},{"id":919,"boy":"欧治","girl":"折夜南"},{"id":920,"boy":"邶博耘","girl":"夔寄蓝"},{"id":921,"boy":"枚令秋","girl":"老纤"},{"id":922,"boy":"愈弘图","girl":"覃白秋"},{"id":923,"boy":"米乐人","girl":"中楠楠"},{"id":924,"boy":"淡泰然","girl":"仵梓敏"},{"id":925,"boy":"茅君之","girl":"公叔妍雅"},{"id":926,"boy":"昝昂雄","girl":"始秀逸"},{"id":927,"boy":"钮祜禄飞舟","girl":"焦娜"},{"id":928,"boy":"壤驷瀚钰","girl":"亓官冷之"},{"id":929,"boy":"势古","girl":"御忆柏"},{"id":930,"boy":"帖雅懿","girl":"臧梓颖"},{"id":931,"boy":"江皋","girl":"农巧云"},{"id":932,"boy":"位碑","girl":"字雅韶"},{"id":933,"boy":"敏鸿才","girl":"鄞璧"},{"id":934,"boy":"戎吉","girl":"修春绿"},{"id":935,"boy":"俎欣然","girl":"代月朗"},{"id":936,"boy":"刑飞宇","girl":"母幻儿"},{"id":937,"boy":"斯德本","girl":"森暄嫣"},{"id":938,"boy":"融承基","girl":"旗如南"},{"id":939,"boy":"宗起运","girl":"纵思萌"},{"id":940,"boy":"陈欣可","girl":"百春燕"},{"id":941,"boy":"杨鹏云","girl":"荣千亦"},{"id":942,"boy":"五振荣","girl":"仍问春"},{"id":943,"boy":"蹉永春","girl":"师芳洁"},{"id":944,"boy":"乙泰宁","girl":"荤妍芳"},{"id":945,"boy":"阙运浩","girl":"随骊蓉"},{"id":946,"boy":"文俊健","girl":"芮玄雅"},{"id":947,"boy":"庾辽","girl":"端木忆安"},{"id":948,"boy":"郁绍","girl":"谢真如"},{"id":949,"boy":"操永新","girl":"查蕙芸"},{"id":950,"boy":"穰里","girl":"康冬易"},{"id":951,"boy":"和子瑜","girl":"慎娅静"},{"id":952,"boy":"刁武","girl":"矫悦乐"},{"id":953,"boy":"黎翰藻","girl":"越葛菲"},{"id":954,"boy":"管泰然","girl":"丘霜"},{"id":955,"boy":"羊舌陆","girl":"暴初翠"},{"id":956,"boy":"温睿博","girl":"崔晓枫"},{"id":957,"boy":"凌心水","girl":"昌从露"},{"id":958,"boy":"定鹏程","girl":"贾娴静"},{"id":959,"boy":"戢鹏天","girl":"万俟娟丽"},{"id":960,"boy":"苍奇文","girl":"公良方方"},{"id":961,"boy":"融主","girl":"第婕"},{"id":962,"boy":"邱欣荣","girl":"澹台秋月"},{"id":963,"boy":"宗泰","girl":"宜迎蓉"},{"id":964,"boy":"司祺瑞","girl":"乐布凡"},{"id":965,"boy":"叶赫那兰浦和","girl":"勤凌蝶"},{"id":966,"boy":"捷德厚","girl":"士珺琪"},{"id":967,"boy":"侨坚白","girl":"功舒扬"},{"id":968,"boy":"拱长","girl":"奉兰泽"},{"id":969,"boy":"藩晨濡","girl":"潘云梦"},{"id":970,"boy":"么昌勋","girl":"祝如馨"},{"id":971,"boy":"赏飞章","girl":"杭向卉"},{"id":972,"boy":"秋阴","girl":"奉寄蓉"},{"id":973,"boy":"屠兴庆","girl":"首琴心"},{"id":974,"boy":"蒯璞玉","girl":"禚霞"},{"id":975,"boy":"解鸡","girl":"鲍问蕊"},{"id":976,"boy":"靳天路","girl":"郑韵梅"},{"id":977,"boy":"诸葛凯歌","girl":"拜问兰"},{"id":978,"boy":"义弘图","girl":"宁骞骞"},{"id":979,"boy":"谷梁锐志","girl":"钟离莹然"},{"id":980,"boy":"武昆明","girl":"祭琦"},{"id":981,"boy":"疏昂杰","girl":"黎璧"},{"id":982,"boy":"德骏祥","girl":"恽访彤"},{"id":983,"boy":"郁昊焱","girl":"位念蕾"},{"id":984,"boy":"马光临","girl":"诗尔冬"},{"id":985,"boy":"紫康乐","girl":"睢梦寒"},{"id":986,"boy":"步高达","girl":"智驰颖"},{"id":987,"boy":"彤驰轩","girl":"贝闲丽"},{"id":988,"boy":"称卓君","girl":"牟秀越"},{"id":989,"boy":"修包","girl":"求代丝"},{"id":990,"boy":"祢福","girl":"相初柔"},{"id":991,"boy":"赤晓博","girl":"利楚云"},{"id":992,"boy":"能震","girl":"赏情韵"},{"id":993,"boy":"宇文信然","girl":"储紫"},{"id":994,"boy":"赤运诚","girl":"年琼思"},{"id":995,"boy":"尉明智","girl":"贝友卉"},{"id":996,"boy":"羿力学","girl":"辜凡"},{"id":997,"boy":"范姜俊迈","girl":"公冶思萱"},{"id":998,"boy":"裴茂学","girl":"桓寄瑶"},{"id":999,"boy":"千拯","girl":"诗秋月"},{"id":1000,"boy":"关震","girl":"勇凌晴"},{"id":1001,"boy":"同乐欣","girl":"贺洁玉"},{"id":1002,"boy":"西门萝","girl":"申屠柏"},{"id":1003,"boy":"许骏桀","girl":"张廖艳蕊"},{"id":1004,"boy":"公良旭炎","girl":"羿青旋"},{"id":1005,"boy":"隆原","girl":"库娟巧"},{"id":1006,"boy":"韦成龙","girl":"肥水瑶"},{"id":1007,"boy":"尔鹏运","girl":"将恩霈"},{"id":1008,"boy":"隆天韵","girl":"司马明智"},{"id":1009,"boy":"蛮骏喆","girl":"在访冬"},{"id":1010,"boy":"俎昊空","girl":"卞夜卉"},{"id":1011,"boy":"翟玉泽","girl":"冯紫安"},{"id":1012,"boy":"智骞北","girl":"盛芮安"},{"id":1013,"boy":"介翰飞","girl":"碧鲁宁乐"},{"id":1014,"boy":"仁才艺","girl":"浦乐巧"},{"id":1015,"boy":"蒿穆","girl":"池巧凡"},{"id":1016,"boy":"建鸿志","girl":"及春蕾"},{"id":1017,"boy":"狂和璧","girl":"森如心"},{"id":1018,"boy":"许骏俊","girl":"昂玄静"},{"id":1019,"boy":"折孺","girl":"张锦曦"},{"id":1020,"boy":"左丘弘义","girl":"公良蔚星"},{"id":1021,"boy":"倪建弼","girl":"裔子舒"},{"id":1022,"boy":"雪景同","girl":"剧思嘉"},{"id":1023,"boy":"出昊英","girl":"集飞雪"},{"id":1024,"boy":"白奇逸","girl":"所巧香"},{"id":1025,"boy":"拓跋群","girl":"旅英慧"},{"id":1026,"boy":"玄承业","girl":"芮书蝶"},{"id":1027,"boy":"宛元甲","girl":"宜琼怡"},{"id":1028,"boy":"字安晏","girl":"镜寒"},{"id":1029,"boy":"夙昆谊","girl":"班梓莹"},{"id":1030,"boy":"长丰羽","girl":"卿丹琴"},{"id":1031,"boy":"栗力勤","girl":"文瑞灵"},{"id":1032,"boy":"图门兴朝","girl":"钮祜禄傲薇"},{"id":1033,"boy":"捷和光","girl":"宝香春"},{"id":1034,"boy":"戏飞尘","girl":"祈绮南"},{"id":1035,"boy":"赤滨海","girl":"委慕诗"},{"id":1036,"boy":"闻人光济","girl":"栾晓楠"},{"id":1037,"boy":"第治","girl":"漆雕夜云"},{"id":1038,"boy":"闵修永","girl":"简优扬"},{"id":1039,"boy":"合津","girl":"丰问兰"},{"id":1040,"boy":"登嘉树","girl":"宗政听莲"},{"id":1041,"boy":"皇甫高超","girl":"错夜南"},{"id":1042,"boy":"谭善","girl":"缑格格"},{"id":1043,"boy":"萨嘉许","girl":"谈安"},{"id":1044,"boy":"禄建木","girl":"集飞槐"},{"id":1045,"boy":"龚茂实","girl":"家雅韵"},{"id":1046,"boy":"进鸡","girl":"壤驷秋英"},{"id":1047,"boy":"顿铭晨","girl":"鹿双玉"},{"id":1048,"boy":"习弘益","girl":"次冷荷"},{"id":1049,"boy":"睢浩然","girl":"时盼兰"},{"id":1050,"boy":"翟浦泽","girl":"齐品韵"},{"id":1051,"boy":"裘炳君","girl":"刚明煦"},{"id":1052,"boy":"司高昂","girl":"性香芹"},{"id":1053,"boy":"向赉","girl":"泷清懿"},{"id":1054,"boy":"水运盛","girl":"允静和"},{"id":1055,"boy":"爱飞航","girl":"库雅喇天骄"},{"id":1056,"boy":"舒穆禄右","girl":"仲雨文"},{"id":1057,"boy":"骑欣悦","girl":"乐正宛筠"},{"id":1058,"boy":"逄阳飙","girl":"诺芷珊"},{"id":1059,"boy":"无漳","girl":"生容"},{"id":1060,"boy":"占介","girl":"钞如凡"},{"id":1061,"boy":"保凯捷","girl":"库雅喇叶春"},{"id":1062,"boy":"香洮","girl":"朴妍丽"},{"id":1063,"boy":"喜塔腊凯乐","girl":"终白萱"},{"id":1064,"boy":"检和歌","girl":"田山晴"},{"id":1065,"boy":"柔伟茂","girl":"隗书兰"},{"id":1066,"boy":"板辰铭","girl":"杭雪晴"},{"id":1067,"boy":"愚正初","girl":"辜雪漫"},{"id":1068,"boy":"诸正阳","girl":"务易"},{"id":1069,"boy":"丙承颜","girl":"敏菊月"},{"id":1070,"boy":"伟振博","girl":"唐若蕊"},{"id":1071,"boy":"夷雅昶","girl":"汗冰双"},{"id":1072,"boy":"宏晓博","girl":"甘舒云"},{"id":1073,"boy":"朋宇荫","girl":"合思莹"},{"id":1074,"boy":"闪弘量","girl":"颛孙听然"},{"id":1075,"boy":"留阴","girl":"廉晴画"},{"id":1076,"boy":"马波鸿","girl":"薄芷容"},{"id":1077,"boy":"南宫邯","girl":"锐翠绿"},{"id":1078,"boy":"卜轩昂","girl":"谈浩丽"},{"id":1079,"boy":"潘冠宇","girl":"银慧丽"},{"id":1080,"boy":"钟烨赫","girl":"汉清霁"},{"id":1081,"boy":"犁安福","girl":"望春晓"},{"id":1082,"boy":"荀侃","girl":"钞亦玉"},{"id":1083,"boy":"商瀚彭","girl":"水妍歌"},{"id":1084,"boy":"板帅","girl":"甘凌晴"},{"id":1085,"boy":"查乐湛","girl":"岳施然"},{"id":1086,"boy":"波飞翰","girl":"义迎丝"},{"id":1087,"boy":"天致","girl":"滑雨竹"},{"id":1088,"boy":"信睿博","girl":"易寒松"},{"id":1089,"boy":"颛孙洪","girl":"查雅云"},{"id":1090,"boy":"仙博艺","girl":"花亦云"},{"id":1091,"boy":"达昆谊","girl":"宁妹"},{"id":1092,"boy":"犁天禄","girl":"蔡童童"},{"id":1093,"boy":"依尔觉罗俊杰","girl":"旁叶飞"},{"id":1094,"boy":"稽子轩","girl":"公孙宵月"},{"id":1095,"boy":"班元恺","girl":"奉梓云"},{"id":1096,"boy":"武烨烁","girl":"闪美如"},{"id":1097,"boy":"荆辉","girl":"邝惠然"},{"id":1098,"boy":"庄布","girl":"六梓莹"},{"id":1099,"boy":"子车集","girl":"欧珠轩"},{"id":1100,"boy":"焉宏大","girl":"丘曼青"},{"id":1101,"boy":"伍晨濡","girl":"相童彤"},{"id":1102,"boy":"励立群","girl":"焉梓倩"},{"id":1103,"boy":"委同光","girl":"罗颐和"},{"id":1104,"boy":"休礼骞","girl":"禹宛筠"},{"id":1105,"boy":"斯同方","girl":"夙薇歌"},{"id":1106,"boy":"资嘉平","girl":"寇山槐"},{"id":1107,"boy":"楚阳","girl":"黎华楚"},{"id":1108,"boy":"皇孟君","girl":"皋安祯"},{"id":1109,"boy":"燕文彦","girl":"索绰络如心"},{"id":1110,"boy":"巨思源","girl":"道醉山"},{"id":1111,"boy":"许漳","girl":"剧痴香"},{"id":1112,"boy":"牟托","girl":"赤向南"},{"id":1113,"boy":"房弘毅","girl":"公羊悦和"},{"id":1114,"boy":"独旭东","girl":"昌暄嫣"},{"id":1115,"boy":"祖洞","girl":"及长莹"},{"id":1116,"boy":"房旭","girl":"慕容孤菱"},{"id":1117,"boy":"伦职君","girl":"吕霞雰"},{"id":1118,"boy":"象裕","girl":"芒凝雪"},{"id":1119,"boy":"森景铄","girl":"钟离悠奕"},{"id":1120,"boy":"全文成","girl":"牟曼梅"},{"id":1121,"boy":"悉康顺","girl":"充妍晨"},{"id":1122,"boy":"乌孙正卿","girl":"浑冰巧"},{"id":1123,"boy":"天文康","girl":"姓骊蓉"},{"id":1124,"boy":"韦光耀","girl":"糜醉柳"},{"id":1125,"boy":"光喀","girl":"壬远悦"},{"id":1126,"boy":"吉温茂","girl":"藤灵雨"},{"id":1127,"boy":"欧阳壮","girl":"贝书语"},{"id":1128,"boy":"鲜于暨","girl":"郁怀雁"},{"id":1129,"boy":"似振翱","girl":"劳初南"},{"id":1130,"boy":"蓟翰池","girl":"竹尔柳"},{"id":1131,"boy":"柏昊天","girl":"萨克达奥婷"},{"id":1132,"boy":"顾坚白","girl":"佴清淑"},{"id":1133,"boy":"公西波峻","girl":"越芮优"},{"id":1134,"boy":"乘阳伯","girl":"丰楚云"},{"id":1135,"boy":"始元驹","girl":"虢名姝"},{"id":1136,"boy":"镇兴朝","girl":"诺清淑"},{"id":1137,"boy":"栾明杰","girl":"綦虹英"},{"id":1138,"boy":"犹嘉许","girl":"壬涵阳"},{"id":1139,"boy":"表永宁","girl":"牧雅安"},{"id":1140,"boy":"家正诚","girl":"钟离暄婷"},{"id":1141,"boy":"丙察","girl":"定含芙"},{"id":1142,"boy":"宿德厚","girl":"眭绮露"},{"id":1143,"boy":"茂文成","girl":"金英秀"},{"id":1144,"boy":"度岩","girl":"稽语心"},{"id":1145,"boy":"尹飞飙","girl":"希叶帆"},{"id":1146,"boy":"斐德厚","girl":"丙任真"},{"id":1147,"boy":"楚仞","girl":"户涵山"},{"id":1148,"boy":"字鸿畅","girl":"定慧巧"},{"id":1149,"boy":"种雅逸","girl":"叶赫那兰惜萍"},{"id":1150,"boy":"舒鸿文","girl":"申屠恨蕊"},{"id":1151,"boy":"笃涵润","girl":"佘灵雨"},{"id":1152,"boy":"隆俊彦","girl":"謇初翠"},{"id":1153,"boy":"肥欣德","girl":"玉琼华"},{"id":1154,"boy":"酒高原","girl":"衅诗晗"},{"id":1155,"boy":"寸德海","girl":"树秀娟"},{"id":1156,"boy":"藩乐章","girl":"水白柏"},{"id":1157,"boy":"晋昆宇","girl":"称欣彤"},{"id":1158,"boy":"道孺","girl":"尉念念"},{"id":1159,"boy":"善宰","girl":"别言心"},{"id":1160,"boy":"友高杰","girl":"苑忆辰"},{"id":1161,"boy":"渠高飞","girl":"枚驰丽"},{"id":1162,"boy":"庞兴平","girl":"秘觅柔"},{"id":1163,"boy":"呼博容","girl":"飞岚"},{"id":1164,"boy":"闫彭薄","girl":"霜瑜英"},{"id":1165,"boy":"靳修平","girl":"牢桂帆"},{"id":1166,"boy":"千睿诚","girl":"竹含海"},{"id":1167,"boy":"练翰海","girl":"鱼安祯"},{"id":1168,"boy":"潜乐正","girl":"蔡竹萱"},{"id":1169,"boy":"米建茗","girl":"念晓莉"},{"id":1170,"boy":"野波","girl":"东门柔静"},{"id":1171,"boy":"粘永康","girl":"潮迎丝"},{"id":1172,"boy":"库良","girl":"声悠素"},{"id":1173,"boy":"双远骞","girl":"嵇安娴"},{"id":1174,"boy":"是靖","girl":"台智菱"},{"id":1175,"boy":"綦兴","girl":"牟瑶"},{"id":1176,"boy":"佛绍辉","girl":"郦冷梅"},{"id":1177,"boy":"覃烨煜","girl":"彤驰媛"},{"id":1178,"boy":"尉华清","girl":"索灵松"},{"id":1179,"boy":"养天工","girl":"管冷之"},{"id":1180,"boy":"合阳成","girl":"藩凌晓"},{"id":1181,"boy":"连康德","girl":"茹寄琴"},{"id":1182,"boy":"抗永嘉","girl":"佴童欣"},{"id":1183,"boy":"雍英飙","girl":"申屠代灵"},{"id":1184,"boy":"大高轩","girl":"褒霞绮"},{"id":1185,"boy":"寻凯复","girl":"傅晨风"},{"id":1186,"boy":"锁蔚","girl":"沃山芙"},{"id":1187,"boy":"孛弘济","girl":"依佳晨"},{"id":1188,"boy":"姓昆谊","girl":"段绮晴"},{"id":1189,"boy":"呼延凯旋","girl":"恽娅思"},{"id":1190,"boy":"桓俊晖","girl":"匡春雪"},{"id":1191,"boy":"殷锐利","girl":"贲芮欣"},{"id":1192,"boy":"逮光霁","girl":"潮玮艺"},{"id":1193,"boy":"邶丘","girl":"窦悦乐"},{"id":1194,"boy":"泣理全","girl":"诺采文"},{"id":1195,"boy":"德飞舟","girl":"柔惜玉"},{"id":1196,"boy":"潭开畅","girl":"尾佁然"},{"id":1197,"boy":"郎博文","girl":"竺纤"},{"id":1198,"boy":"司寇和歌","girl":"勇彦芝"},{"id":1199,"boy":"太史高谊","girl":"祈育"},{"id":1200,"boy":"荀星洲","girl":"鲍盼巧"},{"id":1201,"boy":"那拉锐意","girl":"大一瑾"},{"id":1202,"boy":"钦智敏","girl":"滑香芹"},{"id":1203,"boy":"韩令飒","girl":"剑从丹"},{"id":1204,"boy":"屈崇","girl":"宇新雪"},{"id":1205,"boy":"谷漠","girl":"犹颖初"},{"id":1206,"boy":"洛鸿羲","girl":"萨克达倚云"},{"id":1207,"boy":"多行","girl":"漆雕琇芳"},{"id":1208,"boy":"周星文","girl":"于萦思"},{"id":1209,"boy":"西门晨朗","girl":"似骏英"},{"id":1210,"boy":"松元青","girl":"烟诗翠"},{"id":1211,"boy":"伍亨","girl":"别英楠"},{"id":1212,"boy":"驹文瑞","girl":"员凡波"},{"id":1213,"boy":"关翔","girl":"理幻露"},{"id":1214,"boy":"皋弘伟","girl":"慈玲琳"},{"id":1215,"boy":"种圣杰","girl":"晋夜云"},{"id":1216,"boy":"所子明","girl":"亓曼冬"},{"id":1217,"boy":"水德","girl":"赫连锦凡"},{"id":1218,"boy":"喻阳冰","girl":"张芳华"},{"id":1219,"boy":"太叔肇","girl":"鲜于爽"},{"id":1220,"boy":"开飞鸾","girl":"称平惠"},{"id":1221,"boy":"龚鄂","girl":"祁清莹"},{"id":1222,"boy":"粟和洽","girl":"藤静和"},{"id":1223,"boy":"帅文博","girl":"欧文惠"},{"id":1224,"boy":"嬴永怡","girl":"姒若英"},{"id":1225,"boy":"庹文康","girl":"完雪珍"},{"id":1226,"boy":"裴鸿骞","girl":"零静枫"},{"id":1227,"boy":"吾心远","girl":"鲜于俨雅"},{"id":1228,"boy":"崔俊楚","girl":"疏春柔"},{"id":1229,"boy":"呼延俊才","girl":"澄恨桃"},{"id":1230,"boy":"居奇","girl":"绍伶伶"},{"id":1231,"boy":"农锐逸","girl":"邰元槐"},{"id":1232,"boy":"蔚嘉澍","girl":"公孙智敏"},{"id":1233,"boy":"扈子实","girl":"税天骄"},{"id":1234,"boy":"仰二","girl":"岳平和"},{"id":1235,"boy":"圣昂杰","girl":"桓诗蕊"},{"id":1236,"boy":"钟玚","girl":"尧盼旋"},{"id":1237,"boy":"咸开诚","girl":"世婷秀"},{"id":1238,"boy":"国都","girl":"黄书南"},{"id":1239,"boy":"祢裕","girl":"奕凝思"},{"id":1240,"boy":"可和悦","girl":"屈玮琪"},{"id":1241,"boy":"夔泰华","girl":"尤珍"},{"id":1242,"boy":"频巍昂","girl":"门珊"},{"id":1243,"boy":"佼吕","girl":"仍安娴"},{"id":1244,"boy":"龙辽","girl":"邰欣彩"},{"id":1245,"boy":"相宇荫","girl":"敖玄素"},{"id":1246,"boy":"怀乐家","girl":"吕谷蓝"},{"id":1247,"boy":"长孙前","girl":"麴春芳"},{"id":1248,"boy":"果昌","girl":"乾丹蝶"},{"id":1249,"boy":"蔡长运","girl":"壬海凡"},{"id":1250,"boy":"朱昆峰","girl":"杨宛菡"},{"id":1251,"boy":"苏齐","girl":"虞友灵"},{"id":1252,"boy":"傅昊明","girl":"刁幼仪"},{"id":1253,"boy":"书靖琪","girl":"湛冰绿"},{"id":1254,"boy":"完颜和蔼","girl":"汪雅安"},{"id":1255,"boy":"寸阳羽","girl":"亢驰婷"},{"id":1256,"boy":"钦伟奇","girl":"康傲冬"},{"id":1257,"boy":"蒙尼","girl":"兆洁玉"},{"id":1258,"boy":"黄翰海","girl":"柔灵卉"},{"id":1259,"boy":"曹天元","girl":"何从蓉"},{"id":1260,"boy":"丁和煦","girl":"鲜正雅"},{"id":1261,"boy":"阳景龙","girl":"韶觅荷"},{"id":1262,"boy":"将乐容","girl":"从田田"},{"id":1263,"boy":"崇翰采","girl":"虎清润"},{"id":1264,"boy":"亢涵蓄","girl":"过婉君"},{"id":1265,"boy":"犹文敏","girl":"戎琼华"},{"id":1266,"boy":"双鸿卓","girl":"庞妍雅"},{"id":1267,"boy":"沈信鸥","girl":"焦芳蕤"},{"id":1268,"boy":"宛高阳","girl":"戴亦梅"},{"id":1269,"boy":"舜景焕","girl":"郁云心"},{"id":1270,"boy":"青涵润","girl":"花元灵"},{"id":1271,"boy":"畅宾白","girl":"向今歌"},{"id":1272,"boy":"虎昆纬","girl":"开巧风"},{"id":1273,"boy":"米苏","girl":"司寇驰月"},{"id":1274,"boy":"钱伟晔","girl":"脱惜寒"},{"id":1275,"boy":"怀成化","girl":"闭嫣然"},{"id":1276,"boy":"庚鑫鹏","girl":"来沛若"},{"id":1277,"boy":"沈学名","girl":"敛真洁"},{"id":1278,"boy":"止志泽","girl":"冷水卉"},{"id":1279,"boy":"嘉津","girl":"柏紫"},{"id":1280,"boy":"计光华","girl":"泣馨香"},{"id":1281,"boy":"桑特","girl":"骑明明"},{"id":1282,"boy":"云稷骞","girl":"堵清润"},{"id":1283,"boy":"喜塔腊文虹","girl":"在琪华"},{"id":1284,"boy":"麴兴昌","girl":"第麦冬"},{"id":1285,"boy":"爱新觉罗逸仙","girl":"姜小之"},{"id":1286,"boy":"禹飞航","girl":"纵傲南"},{"id":1287,"boy":"畅锐思","girl":"纳丽容"},{"id":1288,"boy":"雍发","girl":"大若英"},{"id":1289,"boy":"宰源","girl":"督谷枫"},{"id":1290,"boy":"夕自珍","girl":"零献玉"},{"id":1291,"boy":"欧名","girl":"碧倚云"},{"id":1292,"boy":"穆斯","girl":"终怜双"},{"id":1293,"boy":"闻人冠宇","girl":"戏代双"},{"id":1294,"boy":"浑锦程","girl":"祭育"},{"id":1295,"boy":"夔兴为","girl":"辜蕴秀"},{"id":1296,"boy":"似飞尘","girl":"况芦雪"},{"id":1297,"boy":"表飞","girl":"伊从珊"},{"id":1298,"boy":"宿康","girl":"濮歆美"},{"id":1299,"boy":"严毅然","girl":"尉甘雨"},{"id":1300,"boy":"公孙阳冰","girl":"余宛丝"},{"id":1301,"boy":"谯项禹","girl":"大微婉"},{"id":1302,"boy":"随天工","girl":"善月灵"},{"id":1303,"boy":"零鹏举","girl":"勤善思"},{"id":1304,"boy":"祢高芬","girl":"贯玫"},{"id":1305,"boy":"丙梨","girl":"闳寻冬"},{"id":1306,"boy":"骆修杰","girl":"祁霞辉"},{"id":1307,"boy":"钟离文斌","girl":"图门骊洁"},{"id":1308,"boy":"疏建安","girl":"东门虹玉"},{"id":1309,"boy":"索安然","girl":"禽彦灵"},{"id":1310,"boy":"昔正奇","girl":"刚杰秀"},{"id":1311,"boy":"吾光临","girl":"藤珠佩"},{"id":1312,"boy":"董发","girl":"牟曼冬"},{"id":1313,"boy":"司空萝","girl":"六思烟"},{"id":1314,"boy":"线正平","girl":"诺春晖"},{"id":1315,"boy":"生萝","girl":"禹芳春"},{"id":1316,"boy":"礼和煦","girl":"鄢惜玉"},{"id":1317,"boy":"昝光远","girl":"毋香萱"},{"id":1318,"boy":"前智晖","girl":"冒晓蓝"},{"id":1319,"boy":"银天骄","girl":"东方晶茹"},{"id":1320,"boy":"虞俊喆","girl":"卿莹华"},{"id":1321,"boy":"花华美","girl":"杨子楠"},{"id":1322,"boy":"桑鸿雪","girl":"薛春琳"},{"id":1323,"boy":"麦景明","girl":"从柔怀"},{"id":1324,"boy":"孛起运","girl":"空辰君"},{"id":1325,"boy":"东延","girl":"夫忆枫"},{"id":1326,"boy":"丘洪","girl":"种灵溪"},{"id":1327,"boy":"贵嘉瑞","girl":"西门以筠"},{"id":1328,"boy":"南运升","girl":"姜悦恺"},{"id":1329,"boy":"任飞昂","girl":"谯含秀"},{"id":1330,"boy":"行光明","girl":"简春蕾"},{"id":1331,"boy":"渠兴业","girl":"裴沛珊"},{"id":1332,"boy":"邸光","girl":"定千儿"},{"id":1333,"boy":"冠学博","girl":"菅水蓉"},{"id":1334,"boy":"利天纵","girl":"瑞雁菡"},{"id":1335,"boy":"线德元","girl":"镇嫣"},{"id":1336,"boy":"俎琛","girl":"宛野云"},{"id":1337,"boy":"邸景铄","girl":"焉子惠"},{"id":1338,"boy":"严元洲","girl":"晁访"},{"id":1339,"boy":"鲍侠骞","girl":"过诗文"},{"id":1340,"boy":"仁弘致","girl":"武和豫"},{"id":1341,"boy":"扈翔","girl":"井乐珍"},{"id":1342,"boy":"邹飞舟","girl":"胡尔晴雪凝"},{"id":1343,"boy":"友振锐","girl":"检诗双"},{"id":1344,"boy":"胡昌茂","girl":"邢兰芝"},{"id":1345,"boy":"巴才","girl":"郦碧巧"},{"id":1346,"boy":"卜雪松","girl":"闾丘睿彤"},{"id":1347,"boy":"栗奇伟","girl":"夕乐怡"},{"id":1348,"boy":"旁浩瀚","girl":"赫雨琴"},{"id":1349,"boy":"甲骏俊","girl":"仍珍丽"},{"id":1350,"boy":"澄华茂","girl":"雀玛丽"},{"id":1351,"boy":"其高","girl":"来绿竹"},{"id":1352,"boy":"剧经略","girl":"达冰"},{"id":1353,"boy":"龙宏浚","girl":"崇清婉"},{"id":1354,"boy":"微生扎","girl":"夫慧语"},{"id":1355,"boy":"福昆杰","girl":"华恬悦"},{"id":1356,"boy":"亥建德","girl":"伊元蝶"},{"id":1357,"boy":"公西飞鹏","girl":"方玫"},{"id":1358,"boy":"匡飞舟","girl":"合痴瑶"},{"id":1359,"boy":"狄俊发","girl":"乌雅寻菱"},{"id":1360,"boy":"苟奇正","girl":"叶赫那拉芷珍"},{"id":1361,"boy":"愚文成","girl":"吕听双"},{"id":1362,"boy":"澄运鸿","girl":"国梦月"},{"id":1363,"boy":"圭振荣","girl":"赤楚云"},{"id":1364,"boy":"薄亨","girl":"昌运菱"},{"id":1365,"boy":"检俊杰","girl":"燕妍丽"},{"id":1366,"boy":"仉振强","girl":"浦代卉"},{"id":1367,"boy":"长宏茂","girl":"厉飞松"},{"id":1368,"boy":"宣宏盛","girl":"答宛妙"},{"id":1369,"boy":"昂子瑜","girl":"费莫萦心"},{"id":1370,"boy":"素高峻","girl":"倪柔淑"},{"id":1371,"boy":"栾涵润","girl":"鲜新雅"},{"id":1372,"boy":"盘弘益","girl":"栋初兰"},{"id":1373,"boy":"段黎明","girl":"聊湛英"},{"id":1374,"boy":"虎天佑","girl":"仵盈秀"},{"id":1375,"boy":"栗康顺","girl":"牢智敏"},{"id":1376,"boy":"北和豫","girl":"老凝阳"},{"id":1377,"boy":"诗兴运","girl":"乌语丝"},{"id":1378,"boy":"蒋永逸","girl":"原含云"},{"id":1379,"boy":"焦猗","girl":"佟佳忆灵"},{"id":1380,"boy":"漆雕实","girl":"己雁卉"},{"id":1381,"boy":"止国兴","girl":"柳彤雯"},{"id":1382,"boy":"野塔","girl":"谷骊娜"},{"id":1383,"boy":"盈擎苍","girl":"郯萦思"},{"id":1384,"boy":"金鸿信","girl":"盛萱彤"},{"id":1385,"boy":"奇昂杰","girl":"宰芫华"},{"id":1386,"boy":"光高达","girl":"瑞歌吹"},{"id":1387,"boy":"张简和","girl":"元灵珊"},{"id":1388,"boy":"松瀚玥","girl":"雍蕴美"},{"id":1389,"boy":"尤华彩","girl":"哈绿凝"},{"id":1390,"boy":"律礼骞","girl":"溥菲菲"},{"id":1391,"boy":"奉俊喆","girl":"亓官绮美"},{"id":1392,"boy":"宣建木","girl":"莫晶茹"},{"id":1393,"boy":"歧曾琪","girl":"淡秀艾"},{"id":1394,"boy":"眭宏壮","girl":"盈雪卉"},{"id":1395,"boy":"有繁","girl":"孔钰"},{"id":1396,"boy":"泷桐","girl":"眭冰枫"},{"id":1397,"boy":"戚德泽","girl":"莘悠婉"},{"id":1398,"boy":"竭奇水","girl":"常颖颖"},{"id":1399,"boy":"续浩慨","girl":"简涵桃"},{"id":1400,"boy":"霜辰阳","girl":"巫马俨雅"},{"id":1401,"boy":"乌雅轩昂","girl":"勇秀隽"},{"id":1402,"boy":"丁天赋","girl":"黄洋洋"},{"id":1403,"boy":"终绍","girl":"萧雅韶"},{"id":1404,"boy":"祭英范","girl":"骑云梦"},{"id":1405,"boy":"银俊良","girl":"羊舌骊美"},{"id":1406,"boy":"房承基","girl":"叶赫那兰代桃"},{"id":1407,"boy":"厚华茂","girl":"潜安荷"},{"id":1408,"boy":"但邯","girl":"狄子帆"},{"id":1409,"boy":"台阴","girl":"柔新晴"},{"id":1410,"boy":"彤承安","girl":"过香柏"},{"id":1411,"boy":"栗鸿哲","girl":"经琦巧"},{"id":1412,"boy":"柏温书","girl":"云荌荌"},{"id":1413,"boy":"普五","girl":"戎希月"},{"id":1414,"boy":"苌明德","girl":"弭山晴"},{"id":1415,"boy":"闾丘英才","girl":"介轩秀"},{"id":1416,"boy":"储嘉禧","girl":"错晓枫"},{"id":1417,"boy":"謇宏畅","girl":"揭长钰"},{"id":1418,"boy":"革弘厚","girl":"荆小宸"},{"id":1419,"boy":"续和志","girl":"卞恬美"},{"id":1420,"boy":"太叔高超","girl":"漆嫂"},{"id":1421,"boy":"程兴为","girl":"饶柔绚"},{"id":1422,"boy":"象阳德","girl":"羽秀敏"},{"id":1423,"boy":"屈奇志","girl":"仰尔丝"},{"id":1424,"boy":"望维运","girl":"都子悦"},{"id":1425,"boy":"莘君昊","girl":"苟仙媛"},{"id":1426,"boy":"东门卓君","girl":"刚璇玑"},{"id":1427,"boy":"柯沙","girl":"位嘉音"},{"id":1428,"boy":"朋长星","girl":"历歌云"},{"id":1429,"boy":"行汉","girl":"骑夏波"},{"id":1430,"boy":"祈振博","girl":"太史淑贤"},{"id":1431,"boy":"大乐容","girl":"军睿思"},{"id":1432,"boy":"逮振","girl":"冉夏菡"},{"id":1433,"boy":"仝榕","girl":"帛叆"},{"id":1434,"boy":"史潭","girl":"尉半槐"},{"id":1435,"boy":"晋凤","girl":"勤妙旋"},{"id":1436,"boy":"钟离同化","girl":"告嘉懿"},{"id":1437,"boy":"司马智敏","girl":"苍情韵"},{"id":1438,"boy":"莱良平","girl":"亥子薇"},{"id":1439,"boy":"咸恺歌","girl":"斛舒扬"},{"id":1440,"boy":"错坻","girl":"堂晓骞"},{"id":1441,"boy":"贺承载","girl":"同夏彤"},{"id":1442,"boy":"笪承颜","girl":"鲜佩兰"},{"id":1443,"boy":"印咏思","girl":"潮三姗"},{"id":1444,"boy":"希飞驰","girl":"毓曼冬"},{"id":1445,"boy":"第五克","girl":"冒滢滢"},{"id":1446,"boy":"宦弘文","girl":"侨怀绿"},{"id":1447,"boy":"委烨赫","girl":"邸春燕"},{"id":1448,"boy":"位骞泽","girl":"度熙熙"},{"id":1449,"boy":"改娄","girl":"晏蓉蓉"},{"id":1450,"boy":"敏奇迈","girl":"燕仪"},{"id":1451,"boy":"阳修远","girl":"慈雯君"},{"id":1452,"boy":"红波","girl":"皋白薇"},{"id":1453,"boy":"子车逸明","girl":"祭珍丽"},{"id":1454,"boy":"连高岑","girl":"隽珑玲"},{"id":1455,"boy":"龙兴生","girl":"益令慧"},{"id":1456,"boy":"冉建","girl":"诺怜阳"},{"id":1457,"boy":"郦宾","girl":"华飞槐"},{"id":1458,"boy":"索坚白","girl":"侍芊"},{"id":1459,"boy":"尚安晏","girl":"毋柳思"},{"id":1460,"boy":"萨星驰","girl":"彭天蓝"},{"id":1461,"boy":"颜昆纬","girl":"斛翠阳"},{"id":1462,"boy":"太史星然","girl":"种嘉怡"},{"id":1463,"boy":"毕学义","girl":"井妮娜"},{"id":1464,"boy":"可振宇","girl":"疏平凡"},{"id":1465,"boy":"俟涵亮","girl":"扬新苗"},{"id":1466,"boy":"云僧","girl":"謇南霜"},{"id":1467,"boy":"湛康复","girl":"勇菡"},{"id":1468,"boy":"盛宝","girl":"孔从霜"},{"id":1469,"boy":"于运乾","girl":"謇映菡"},{"id":1470,"boy":"解宏爽","girl":"盘梦之"},{"id":1471,"boy":"宝阳华","girl":"礼迎天"},{"id":1472,"boy":"瓮良","girl":"终梦月"},{"id":1473,"boy":"戚永言","girl":"来灵"},{"id":1474,"boy":"糜长运","girl":"亥芷珊"},{"id":1475,"boy":"张廖力言","girl":"温丹寒"},{"id":1476,"boy":"驹修德","girl":"巫晓"},{"id":1477,"boy":"乌棱","girl":"甘修敏"},{"id":1478,"boy":"祈门","girl":"裘尔蝶"},{"id":1479,"boy":"老南","girl":"圣玉环"},{"id":1480,"boy":"柳寿","girl":"闫茹云"},{"id":1481,"boy":"剑振凯","girl":"后惠君"},{"id":1482,"boy":"历主","girl":"景谷雪"},{"id":1483,"boy":"茆轩昂","girl":"由忆远"},{"id":1484,"boy":"析阳","girl":"解文丽"},{"id":1485,"boy":"赫和璧","girl":"渠南霜"},{"id":1486,"boy":"田子真","girl":"项欣畅"},{"id":1487,"boy":"潭明德","girl":"郎寄文"},{"id":1488,"boy":"费元勋","girl":"聊雁桃"},{"id":1489,"boy":"言令梓","girl":"窦凝丝"},{"id":1490,"boy":"任思源","girl":"义芸儿"},{"id":1491,"boy":"嬴伟茂","girl":"悉珊珊"},{"id":1492,"boy":"郯良朋","girl":"睦青亦"},{"id":1493,"boy":"子车华清","girl":"衅凝静"},{"id":1494,"boy":"业浩瀚","girl":"党慧捷"},{"id":1495,"boy":"舒穆禄俊楚","girl":"巴碧春"},{"id":1496,"boy":"邹阳","girl":"邱悦恺"},{"id":1497,"boy":"隗布","girl":"旅平乐"},{"id":1498,"boy":"依同化","girl":"茹平萱"},{"id":1499,"boy":"闻彦君","girl":"刘媛"},{"id":1500,"boy":"藏漠","girl":"疏新儿"},{"id":1501,"boy":"赛祺然","girl":"萨代蓝"},{"id":1502,"boy":"钮欣可","girl":"代惜文"},{"id":1503,"boy":"夫琸","girl":"愈宛儿"},{"id":1504,"boy":"环英豪","girl":"谈芳洲"},{"id":1505,"boy":"谌茂才","girl":"郎善和"},{"id":1506,"boy":"年呼","girl":"由彦珺"},{"id":1507,"boy":"员兴修","girl":"刘涵山"},{"id":1508,"boy":"虢运珹","girl":"红柔静"},{"id":1509,"boy":"歧俊语","girl":"闪会欣"},{"id":1510,"boy":"丁和泽","girl":"茅新文"},{"id":1511,"boy":"宗海昌","girl":"道陶然"},{"id":1512,"boy":"安良骥","girl":"磨绮山"},{"id":1513,"boy":"邹永长","girl":"蓝瑜然"},{"id":1514,"boy":"龙博雅","girl":"费莫晓曼"},{"id":1515,"boy":"衡飞飙","girl":"春今歌"},{"id":1516,"boy":"程修竹","girl":"姒娅童"},{"id":1517,"boy":"延锐泽","girl":"前娉"},{"id":1518,"boy":"朴凯乐","girl":"斐元彤"},{"id":1519,"boy":"林左","girl":"似映颖"},{"id":1520,"boy":"仲孙擎苍","girl":"謇美曼"},{"id":1521,"boy":"辉嫩","girl":"桂兰芝"},{"id":1522,"boy":"勾全","girl":"姬孤菱"},{"id":1523,"boy":"盖同化","girl":"郜小宸"},{"id":1524,"boy":"左丘英朗","girl":"改问"},{"id":1525,"boy":"潜宏爽","girl":"雪雁芙"},{"id":1526,"boy":"令狐瀚彭","girl":"咸佳"},{"id":1527,"boy":"叶赫那兰智志","girl":"孙文敏"},{"id":1528,"boy":"爱新觉罗斯年","girl":"仝半烟"},{"id":1529,"boy":"贾文昂","girl":"阳小珍"},{"id":1530,"boy":"长涛","girl":"窦星瑶"},{"id":1531,"boy":"耿涵衍","girl":"抄书"},{"id":1532,"boy":"恽天翰","girl":"罕闲华"},{"id":1533,"boy":"朱炫明","girl":"桥如凡"},{"id":1534,"boy":"牵英飙","girl":"斯傲薇"},{"id":1535,"boy":"腾睿明","girl":"铎清芬"},{"id":1536,"boy":"戈扎","girl":"谈俏丽"},{"id":1537,"boy":"盖默","girl":"禹乐珍"},{"id":1538,"boy":"矫德辉","girl":"斯婉娜"},{"id":1539,"boy":"黄康时","girl":"綦明洁"},{"id":1540,"boy":"成高驰","girl":"翦凡之"},{"id":1541,"boy":"之黑","girl":"庄芝兰"},{"id":1542,"boy":"皮奇胜","girl":"讷殷富察子悦"},{"id":1543,"boy":"梁丘盱","girl":"饶天心"},{"id":1544,"boy":"员炳君","girl":"侨子芸"},{"id":1545,"boy":"溥石","girl":"籍晨钰"},{"id":1546,"boy":"茆志义","girl":"顿卓然"},{"id":1547,"boy":"郑和惬","girl":"燕霁芸"},{"id":1548,"boy":"犹修","girl":"赫舍里天骄"},{"id":1549,"boy":"皮志诚","girl":"留悦爱"},{"id":1550,"boy":"鱼俊雄","girl":"屈玄静"},{"id":1551,"boy":"巩伟奇","girl":"闳梓云"},{"id":1552,"boy":"歧乐安","girl":"冷夜香"},{"id":1553,"boy":"逢康震","girl":"化安梦"},{"id":1554,"boy":"孔越彬","girl":"黎晨旭"},{"id":1555,"boy":"佟新荣","girl":"蓝芷珍"},{"id":1556,"boy":"逯鸿骞","girl":"冉斯琪"},{"id":1557,"boy":"屠明煦","girl":"令狐恨云"},{"id":1558,"boy":"胡天睿","girl":"章娇然"},{"id":1559,"boy":"凤昊硕","girl":"检代珊"},{"id":1560,"boy":"封忻","girl":"睦晗蕾"},{"id":1561,"boy":"春致","girl":"青妙之"},{"id":1562,"boy":"洪俊英","girl":"虞子凡"},{"id":1563,"boy":"东门驰翰","girl":"梁丘秀媚"},{"id":1564,"boy":"全玉轩","girl":"单恨寒"},{"id":1565,"boy":"梁丘飞鹏","girl":"钭姝丽"},{"id":1566,"boy":"栗文乐","girl":"笃怀芹"},{"id":1567,"boy":"苍坚","girl":"谌微澜"},{"id":1568,"boy":"锺成双","girl":"巴茹薇"},{"id":1569,"boy":"绪锐进","girl":"隆三姗"},{"id":1570,"boy":"应明远","girl":"佼海女"},{"id":1571,"boy":"笪嘉实","girl":"北冰绿"},{"id":1572,"boy":"城良骏","girl":"伟诗蕊"},{"id":1573,"boy":"粟昆明","girl":"闭芝宇"},{"id":1574,"boy":"爱翰海","girl":"毕婉淑"},{"id":1575,"boy":"马滨海","girl":"校忆南"},{"id":1576,"boy":"眭茂才","girl":"浦清晖"},{"id":1577,"boy":"辟光亮","girl":"冠丹红"},{"id":1578,"boy":"将如","girl":"瞿慧秀"},{"id":1579,"boy":"绍修然","girl":"休银"},{"id":1580,"boy":"赫舍里乐志","girl":"鹿蒙雨"},{"id":1581,"boy":"粟塔","girl":"嘉晨希"},{"id":1582,"boy":"柏乐意","girl":"曹宛畅"},{"id":1583,"boy":"淳于彬炳","girl":"赛洛妃"},{"id":1584,"boy":"原和裕","girl":"声静美"},{"id":1585,"boy":"求宏峻","girl":"貊水之"},{"id":1586,"boy":"库枞","girl":"令秀越"},{"id":1587,"boy":"祈唐","girl":"姜依波"},{"id":1588,"boy":"舜佐","girl":"翟敏叡"},{"id":1589,"boy":"封宜春","girl":"赧映天"},{"id":1590,"boy":"阙泰宁","girl":"台慧捷"},{"id":1591,"boy":"蓝曦晨","girl":"蓟湘君"},{"id":1592,"boy":"马佳骏伟","girl":"朱念双"},{"id":1593,"boy":"连飞扬","girl":"向迎夏"},{"id":1594,"boy":"泰海昌","girl":"狂海儿"},{"id":1595,"boy":"楼勇锐","girl":"曲昕葳"},{"id":1596,"boy":"折智宇","girl":"褚韶敏"},{"id":1597,"boy":"泣飞舟","girl":"寒晓丝"},{"id":1598,"boy":"伦俊杰","girl":"象婉丽"},{"id":1599,"boy":"盈涵忍","girl":"司寇颐和"},{"id":1600,"boy":"谷商","girl":"束璎玑"},{"id":1601,"boy":"树琪睿","girl":"叶赫那拉燕"},{"id":1602,"boy":"尚兴怀","girl":"诸葛忆安"},{"id":1603,"boy":"奈秦","girl":"首小琴"},{"id":1604,"boy":"释良吉","girl":"勇奇文"},{"id":1605,"boy":"仍元凯","girl":"赵会欣"},{"id":1606,"boy":"通世","girl":"年清芬"},{"id":1607,"boy":"漆芜","girl":"庄以欣"},{"id":1608,"boy":"骑勇男","girl":"节凌文"},{"id":1609,"boy":"司徒锐精","girl":"舒英慧"},{"id":1610,"boy":"宾镇","girl":"许青梦"},{"id":1611,"boy":"宇文职君","girl":"浑书桃"},{"id":1612,"boy":"任平","girl":"蚁笑卉"},{"id":1613,"boy":"桓良俊","girl":"大羡丽"},{"id":1614,"boy":"大永寿","girl":"范姜小楠"},{"id":1615,"boy":"成元德","girl":"樊靖儿"},{"id":1616,"boy":"柴光赫","girl":"东郭悦乐"},{"id":1617,"boy":"顿鸿达","girl":"舒穆禄妍歌"},{"id":1618,"boy":"殳岭","girl":"贰笑晴"},{"id":1619,"boy":"唐德本","girl":"辛凡白"},{"id":1620,"boy":"秦新知","girl":"班馨欣"},{"id":1621,"boy":"蚁伟祺","girl":"养怀绿"},{"id":1622,"boy":"古三","girl":"军逸馨"},{"id":1623,"boy":"孙康平","girl":"汲恨"},{"id":1624,"boy":"舒穆禄嘉木","girl":"兆韶华"},{"id":1625,"boy":"桂和通","girl":"黎以蕊"},{"id":1626,"boy":"风喀","girl":"遇运洁"},{"id":1627,"boy":"浮实","girl":"左丘丰雅"},{"id":1628,"boy":"桑骏喆","girl":"盍丹寒"},{"id":1629,"boy":"刁康伯","girl":"车书仪"},{"id":1630,"boy":"茅川","girl":"敏品韵"},{"id":1631,"boy":"枝通","girl":"隗山彤"},{"id":1632,"boy":"关眙","girl":"昂惜香"},{"id":1633,"boy":"信先","girl":"桥清馨"},{"id":1634,"boy":"丹德容","girl":"巧夏岚"},{"id":1635,"boy":"本俊悟","girl":"源惠心"},{"id":1636,"boy":"进修谨","girl":"隐雪枫"},{"id":1637,"boy":"霍安然","girl":"伯淑哲"},{"id":1638,"boy":"墨廊","girl":"无乐心"},{"id":1639,"boy":"宫俊侠","girl":"娄梓敏"},{"id":1640,"boy":"牟昊东","girl":"苦盼丹"},{"id":1641,"boy":"牟懿轩","girl":"卞子楠"},{"id":1642,"boy":"赖天禄","girl":"萨语心"},{"id":1643,"boy":"绪彭祖","girl":"酒绮美"},{"id":1644,"boy":"房博实","girl":"乾绮琴"},{"id":1645,"boy":"郎思聪","girl":"晁迎"},{"id":1646,"boy":"拓跋靖琪","girl":"捷灵卉"},{"id":1647,"boy":"实俊弼","girl":"仇柔谨"},{"id":1648,"boy":"掌鸿福","girl":"谌怡嘉"},{"id":1649,"boy":"陆乐语","girl":"满静淑"},{"id":1650,"boy":"贲鹏海","girl":"藏香薇"},{"id":1651,"boy":"瞿修然","girl":"辜长逸"},{"id":1652,"boy":"朱力学","girl":"历丽芳"},{"id":1653,"boy":"段干开霁","girl":"贲凝蝶"},{"id":1654,"boy":"杜阳嘉","girl":"邴如心"},{"id":1655,"boy":"戈滦","girl":"索绰络怡嘉"},{"id":1656,"boy":"焉鸿德","girl":"庾青旋"},{"id":1657,"boy":"亓官宜修","girl":"张简平莹"},{"id":1658,"boy":"他塔喇吉星","girl":"回寒荷"},{"id":1659,"boy":"逢澄邈","girl":"冷新柔"},{"id":1660,"boy":"濮学名","girl":"沃熙怡"},{"id":1661,"boy":"桂雅珺","girl":"揭芸茗"},{"id":1662,"boy":"机五","girl":"卜从云"},{"id":1663,"boy":"饶飞跃","girl":"运雁卉"},{"id":1664,"boy":"寒宏远","girl":"朴迎南"},{"id":1665,"boy":"钊浩初","girl":"牟盼波"},{"id":1666,"boy":"光博厚","girl":"帛思茵"},{"id":1667,"boy":"礼开霁","girl":"权莘莘"},{"id":1668,"boy":"普永望","girl":"殷音韵"},{"id":1669,"boy":"温星辰","girl":"白寒天"},{"id":1670,"boy":"丙良哲","girl":"袁含莲"},{"id":1671,"boy":"薄正青","girl":"诸葛痴香"},{"id":1672,"boy":"苌垣","girl":"库驰颖"},{"id":1673,"boy":"奕鸿运","girl":"月向槐"},{"id":1674,"boy":"讷殷富察孟君","girl":"褚新月"},{"id":1675,"boy":"屈海超","girl":"申屠悦可"},{"id":1676,"boy":"萧文光","girl":"权宛儿"},{"id":1677,"boy":"其宏朗","girl":"疏乐"},{"id":1678,"boy":"潭俊能","girl":"苍恬默"},{"id":1679,"boy":"硕弘图","girl":"仙秀华"},{"id":1680,"boy":"野泰初","girl":"竹含之"},{"id":1681,"boy":"芒飞舟","girl":"卓向梦"},{"id":1682,"boy":"祁和宜","girl":"完颜念桃"},{"id":1683,"boy":"任星鹏","girl":"司徒香波"},{"id":1684,"boy":"相运晟","girl":"邢松雨"},{"id":1685,"boy":"黄立群","girl":"稽思佳"},{"id":1686,"boy":"汲浦泽","girl":"佟湾"},{"id":1687,"boy":"抗鸿才","girl":"褒春柔"},{"id":1688,"boy":"桥楷瑞","girl":"斋骏燕"},{"id":1689,"boy":"伯飞翰","girl":"蚁宜楠"},{"id":1690,"boy":"微生锐立","girl":"星青亦"},{"id":1691,"boy":"莫良工","girl":"盖晓蓝"},{"id":1692,"boy":"吕嘎","girl":"运雅洁"},{"id":1693,"boy":"类飞翰","girl":"戴皓洁"},{"id":1694,"boy":"宝奇希","girl":"捷秋珊"},{"id":1695,"boy":"臧棱","girl":"诗弘懿"},{"id":1696,"boy":"业飞昂","girl":"舒穆禄飞阳"},{"id":1697,"boy":"良天华","girl":"宰父幻枫"},{"id":1698,"boy":"年永元","girl":"书乐双"},{"id":1699,"boy":"杞康复","girl":"轩辕小蕊"},{"id":1700,"boy":"肇中","girl":"杨逸云"},{"id":1701,"boy":"刚弘业","girl":"子车夏萱"},{"id":1702,"boy":"亓官凯捷","girl":"洛平凡"},{"id":1703,"boy":"田温茂","girl":"勤萦思"},{"id":1704,"boy":"改石","girl":"夫珠"},{"id":1705,"boy":"李里","girl":"侨念柏"},{"id":1706,"boy":"合景铄","girl":"旗昕昕"},{"id":1707,"boy":"邹鸿福","girl":"斯傲安"},{"id":1708,"boy":"虎昌燎","girl":"揭恨云"},{"id":1709,"boy":"钞宏朗","girl":"端尔蓝"},{"id":1710,"boy":"桓孺","girl":"邱可佳"},{"id":1711,"boy":"令狐凯安","girl":"能语彤"},{"id":1712,"boy":"闪健柏","girl":"盛锦诗"},{"id":1713,"boy":"牵令梓","girl":"戴觅风"},{"id":1714,"boy":"罗开诚","girl":"宁清秋"},{"id":1715,"boy":"抄天成","girl":"刘柔淑"},{"id":1716,"boy":"锺嘉祯","girl":"侍喜儿"},{"id":1717,"boy":"司徒天罡","girl":"衡思烟"},{"id":1718,"boy":"庹华美","girl":"牧春冬"},{"id":1719,"boy":"腾俊能","girl":"伯熙柔"},{"id":1720,"boy":"栗文德","girl":"刘云水"},{"id":1721,"boy":"广宣朗","girl":"兴幻"},{"id":1722,"boy":"杞金","girl":"厚雅诗"},{"id":1723,"boy":"富察原","girl":"太史梅雪"},{"id":1724,"boy":"百里吉","girl":"关凝远"},{"id":1725,"boy":"帛景明","girl":"华芷波"},{"id":1726,"boy":"回建中","girl":"戢嘉美"},{"id":1727,"boy":"多正平","girl":"信沛白"},{"id":1728,"boy":"戴永思","girl":"田韵宁"},{"id":1729,"boy":"汗黄","girl":"夏侯骊泓"},{"id":1730,"boy":"计高朗","girl":"闳雅静"},{"id":1731,"boy":"冒令枫","girl":"疏如馨"},{"id":1732,"boy":"鲁永安","girl":"邢香蝶"},{"id":1733,"boy":"漫翰池","girl":"孔靖荷"},{"id":1734,"boy":"敏行","girl":"濯晓蕾"},{"id":1735,"boy":"韩绍钧","girl":"司空梓瑶"},{"id":1736,"boy":"容范明","girl":"暴嘉惠"},{"id":1737,"boy":"卜世","girl":"方娴静"},{"id":1738,"boy":"於子昂","girl":"稽馨兰"},{"id":1739,"boy":"郎翰海","girl":"严绿蕊"},{"id":1740,"boy":"妫彬","girl":"慈梓欣"},{"id":1741,"boy":"军里","girl":"才谷云"},{"id":1742,"boy":"壤驷才艺","girl":"所岚霏"},{"id":1743,"boy":"巢建茗","girl":"公曲文"},{"id":1744,"boy":"叶赫那兰汤","girl":"奈珺娅"},{"id":1745,"boy":"蒿家","girl":"霍水竹"},{"id":1746,"boy":"印鹏云","girl":"綦霓云"},{"id":1747,"boy":"续烨煜","girl":"伯骊红"},{"id":1748,"boy":"汝建业","girl":"殷春柔"},{"id":1749,"boy":"以博厚","girl":"扶乐儿"},{"id":1750,"boy":"郗昆琦","girl":"年荌荌"},{"id":1751,"boy":"豆建","girl":"笪如云"},{"id":1752,"boy":"纪永元","girl":"宦静枫"},{"id":1753,"boy":"东门浩荡","girl":"索绰络元蝶"},{"id":1754,"boy":"车伦","girl":"纳俊慧"},{"id":1755,"boy":"闳嘉志","girl":"亓香桃"},{"id":1756,"boy":"奕鸿涛","girl":"隐寄文"},{"id":1757,"boy":"邝腾逸","girl":"舒靓影"},{"id":1758,"boy":"康才俊","girl":"仇嘉懿"},{"id":1759,"boy":"冒通","girl":"闽姝惠"},{"id":1760,"boy":"邵抚","girl":"凭燕桦"},{"id":1761,"boy":"续开诚","girl":"九怜雪"},{"id":1762,"boy":"储建茗","girl":"喜问萍"},{"id":1763,"boy":"邓南","girl":"章佳柔洁"},{"id":1764,"boy":"刑翔飞","girl":"澹台希"},{"id":1765,"boy":"载俊良","girl":"亓官心怡"},{"id":1766,"boy":"子车陀","girl":"在韦茹"},{"id":1767,"boy":"校阳德","girl":"拜素怀"},{"id":1768,"boy":"贺晨轩","girl":"汤梓楠"},{"id":1769,"boy":"江康时","girl":"达丽姿"},{"id":1770,"boy":"闫彦昌","girl":"计幻丝"},{"id":1771,"boy":"买曾琪","girl":"宜晓燕"},{"id":1772,"boy":"母孟君","girl":"谢菀柳"},{"id":1773,"boy":"秘开济","girl":"俎静淑"},{"id":1774,"boy":"司飞驰","girl":"张简乐"},{"id":1775,"boy":"张廖坻","girl":"庞莹玉"},{"id":1776,"boy":"麴昂熙","girl":"蔺妞妞"},{"id":1777,"boy":"矫宰","girl":"乐梓欣"},{"id":1778,"boy":"潮昆颉","girl":"鱼秋露"},{"id":1779,"boy":"老玚","girl":"连雨燕"},{"id":1780,"boy":"乌雅阳曜","girl":"贵淑华"},{"id":1781,"boy":"单正阳","girl":"邛香岚"},{"id":1782,"boy":"由默","girl":"春紫玉"},{"id":1783,"boy":"帖星宇","girl":"夫暄文"},{"id":1784,"boy":"乐正嘉胜","girl":"鄢霞姝"},{"id":1785,"boy":"夹谷弘阔","girl":"锺离恨蝶"},{"id":1786,"boy":"樊圣杰","girl":"厉婧"},{"id":1787,"boy":"宇玉山","girl":"京凝雪"},{"id":1788,"boy":"仵成荫","girl":"由秀艳"},{"id":1789,"boy":"友梁","girl":"律悦恺"},{"id":1790,"boy":"巢卓君","girl":"台望雅"},{"id":1791,"boy":"泉元凯","girl":"裔香巧"},{"id":1792,"boy":"斯建业","girl":"佼青香"},{"id":1793,"boy":"仲孙晋鹏","girl":"都博敏"},{"id":1794,"boy":"桥宏毅","girl":"瑞诗蕊"},{"id":1795,"boy":"乐正睿慈","girl":"佘韦茹"},{"id":1796,"boy":"欧天成","girl":"钊洋洋"},{"id":1797,"boy":"鲜于福","girl":"盘春桃"},{"id":1798,"boy":"邴宇达","girl":"夏妙春"},{"id":1799,"boy":"贰鹤","girl":"长飞珍"},{"id":1800,"boy":"佼川","girl":"钊海白"},{"id":1801,"boy":"亢家骏","girl":"字萌阳"},{"id":1802,"boy":"丰建章","girl":"剧千叶"},{"id":1803,"boy":"敏阳旭","girl":"梅海融"},{"id":1804,"boy":"栾意致","girl":"定雁桃"},{"id":1805,"boy":"冠英韶","girl":"弥涵山"},{"id":1806,"boy":"恭轩昂","girl":"旗曼凝"},{"id":1807,"boy":"愚锐思","girl":"秦娴雅"},{"id":1808,"boy":"闪修然","girl":"冠醉巧"},{"id":1809,"boy":"钮凯凯","girl":"蹇幼晴"},{"id":1810,"boy":"康凯泽","girl":"淳于赞怡"},{"id":1811,"boy":"抄建木","girl":"宝茗雪"},{"id":1812,"boy":"朱缙","girl":"终熙熙"},{"id":1813,"boy":"爱宰","girl":"摩香桃"},{"id":1814,"boy":"桥兴思","girl":"农欢"},{"id":1815,"boy":"叶双","girl":"满春华"},{"id":1816,"boy":"理兴昌","girl":"俞雪晴"},{"id":1817,"boy":"睢明朗","girl":"上官天骄"},{"id":1818,"boy":"帖内","girl":"喻安南"},{"id":1819,"boy":"衣承业","girl":"茂绿蝶"},{"id":1820,"boy":"能嘉言","girl":"梅曼音"},{"id":1821,"boy":"义景逸","girl":"谈秋白"},{"id":1822,"boy":"召星河","girl":"呼延淳美"},{"id":1823,"boy":"阙桐","girl":"尚典雅"},{"id":1824,"boy":"汉同和","girl":"仵长娟"},{"id":1825,"boy":"堵康平","girl":"羊舌楚楚"},{"id":1826,"boy":"漫英豪","girl":"昔婉丽"},{"id":1827,"boy":"寸厦","girl":"竭紫安"},{"id":1828,"boy":"鄂承颜","girl":"秋雅韵"},{"id":1829,"boy":"周嘉慕","girl":"孝倚云"},{"id":1830,"boy":"圣学","girl":"竹紫菱"},{"id":1831,"boy":"钞飞驰","girl":"蔺哲妍"},{"id":1832,"boy":"城鹤轩","girl":"淡初兰"},{"id":1833,"boy":"文怀","girl":"公笑妍"},{"id":1834,"boy":"侨胤运","girl":"素晓露"},{"id":1835,"boy":"辜俊智","girl":"道娴静"},{"id":1836,"boy":"闾嘉树","girl":"望雁易"},{"id":1837,"boy":"言永新","girl":"展冰心"},{"id":1838,"boy":"漆雕孟君","girl":"蒿丽文"},{"id":1839,"boy":"束伋","girl":"刘璇"},{"id":1840,"boy":"和玉书","girl":"肥轶丽"},{"id":1841,"boy":"范姜昌勋","girl":"奇怜雪"},{"id":1842,"boy":"索绰络嘉珍","girl":"御瑾"},{"id":1843,"boy":"时弘文","girl":"嵇白安"},{"id":1844,"boy":"芮梁","girl":"性语冰"},{"id":1845,"boy":"利升荣","girl":"奕向南"},{"id":1846,"boy":"俞瀚海","girl":"魏长霞"},{"id":1847,"boy":"夫宏逸","girl":"畅子珍"},{"id":1848,"boy":"邱功","girl":"占忻乐"},{"id":1849,"boy":"祈建白","girl":"代欣怡"},{"id":1850,"boy":"慕景曜","girl":"夙英慧"},{"id":1851,"boy":"招鸿风","girl":"索绰络海凡"},{"id":1852,"boy":"赛飞翰","girl":"季爰美"},{"id":1853,"boy":"毓嘉言","girl":"劳吉星"},{"id":1854,"boy":"苌茂才","girl":"留秀娟"},{"id":1855,"boy":"候辰龙","girl":"茂向梦"},{"id":1856,"boy":"巫马俊豪","girl":"穆萦思"},{"id":1857,"boy":"以源","girl":"沐元蝶"},{"id":1858,"boy":"钟离翔飞","girl":"万依凝"},{"id":1859,"boy":"高弘济","girl":"鲜于炫"},{"id":1860,"boy":"辟淀","girl":"针珠佩"},{"id":1861,"boy":"闫洮","girl":"鲁流逸"},{"id":1862,"boy":"类沧","girl":"浦今雨"},{"id":1863,"boy":"籍自珍","girl":"阳若星"},{"id":1864,"boy":"胥华奥","girl":"狂一璇"},{"id":1865,"boy":"告缙","girl":"洪丝琪"},{"id":1866,"boy":"唐嘉容","girl":"焦芸儿"},{"id":1867,"boy":"东汉","girl":"隆颖初"},{"id":1868,"boy":"那宾实","girl":"忻眉"},{"id":1869,"boy":"后黎明","girl":"辛竹"},{"id":1870,"boy":"翁飞扬","girl":"广巧凡"},{"id":1871,"boy":"尤康胜","girl":"米怜"},{"id":1872,"boy":"矫昆纶","girl":"止琲瓃"},{"id":1873,"boy":"酆欣然","girl":"丑平心"},{"id":1874,"boy":"巩高","girl":"蒯婉奕"},{"id":1875,"boy":"伦安志","girl":"延惜梦"},{"id":1876,"boy":"令毅君","girl":"管安彤"},{"id":1877,"boy":"操乡","girl":"郦秋柔"},{"id":1878,"boy":"潜天空","girl":"濮代卉"},{"id":1879,"boy":"李德润","girl":"图门青烟"},{"id":1880,"boy":"崔旗","girl":"云丽华"},{"id":1881,"boy":"夔文敏","girl":"及幼白"},{"id":1882,"boy":"普世","girl":"北安然"},{"id":1883,"boy":"年立群","girl":"桐凝远"},{"id":1884,"boy":"贝胤骞","girl":"邬飞瑶"},{"id":1885,"boy":"耿缙","girl":"宇沈思"},{"id":1886,"boy":"嬴宇寰","girl":"却虹颖"},{"id":1887,"boy":"巫同光","girl":"李云淡"},{"id":1888,"boy":"愚白","girl":"应莺莺"},{"id":1889,"boy":"建弘新","girl":"倪香萱"},{"id":1890,"boy":"以运鸿","girl":"荀亦梅"},{"id":1891,"boy":"贝修为","girl":"斋梅梅"},{"id":1892,"boy":"禾乐正","girl":"雷小翠"},{"id":1893,"boy":"咸康","girl":"浮思真"},{"id":1894,"boy":"世永安","girl":"辜绮丽"},{"id":1895,"boy":"丙景同","girl":"张昕靓"},{"id":1896,"boy":"赛巍奕","girl":"碧鲁柔雅"},{"id":1897,"boy":"威良骥","girl":"掌静柏"},{"id":1898,"boy":"畅穆","girl":"禚晨璐"},{"id":1899,"boy":"百里建茗","girl":"何安彤"},{"id":1900,"boy":"危俊楠","girl":"但依秋"},{"id":1901,"boy":"敖德惠","girl":"后骊洁"},{"id":1902,"boy":"桑克","girl":"蒉典雅"},{"id":1903,"boy":"银安然","girl":"井晓"},{"id":1904,"boy":"盈弘深","girl":"蓟岚翠"},{"id":1905,"boy":"承鑫鹏","girl":"竭翠"},{"id":1906,"boy":"琴永昌","girl":"浑雨筠"},{"id":1907,"boy":"钱满","girl":"狄清怡"},{"id":1908,"boy":"费莫修伟","girl":"宦晗晗"},{"id":1909,"boy":"革鸿达","girl":"刘思楠"},{"id":1910,"boy":"后修能","girl":"答婧"},{"id":1911,"boy":"查翰飞","girl":"史银河"},{"id":1912,"boy":"铁远","girl":"容秀慧"},{"id":1913,"boy":"遇成化","girl":"奚白亦"},{"id":1914,"boy":"戴翔飞","girl":"源子帆"},{"id":1915,"boy":"印丰羽","girl":"邓燕子"},{"id":1916,"boy":"系腾逸","girl":"强妹"},{"id":1917,"boy":"左丘德佑","girl":"孔忻欢"},{"id":1918,"boy":"问飞飙","girl":"隋香萱"},{"id":1919,"boy":"孟厦","girl":"钭欢悦"},{"id":1920,"boy":"士裕","girl":"友痴瑶"},{"id":1921,"boy":"沈夷","girl":"雀千柔"},{"id":1922,"boy":"牵桦","girl":"及嘉月"},{"id":1923,"boy":"帛乐邦","girl":"墨幻儿"},{"id":1924,"boy":"习鸿达","girl":"赤觅夏"},{"id":1925,"boy":"西门远骞","girl":"傅玉轩"},{"id":1926,"boy":"刘季同","girl":"农宛白"},{"id":1927,"boy":"生昆卉","girl":"微生颖颖"},{"id":1928,"boy":"频鹏涛","girl":"虞又柔"},{"id":1929,"boy":"栾昂熙","girl":"敛思烟"},{"id":1930,"boy":"阮阳晖","girl":"帖梦岚"},{"id":1931,"boy":"刁涵育","girl":"习浩"},{"id":1932,"boy":"秘伟毅","girl":"招惠君"},{"id":1933,"boy":"蹇吏","girl":"义望雅"},{"id":1934,"boy":"楚烨梁","girl":"续飞瑶"},{"id":1935,"boy":"宝飞章","girl":"濮阳蔚然"},{"id":1936,"boy":"续乌","girl":"恭萦心"},{"id":1937,"boy":"乾商","girl":"蒙骊媛"},{"id":1938,"boy":"田鸿达","girl":"普艳娇"},{"id":1939,"boy":"洋浩广","girl":"普云韶"},{"id":1940,"boy":"邶鸿振","girl":"门荣"},{"id":1941,"boy":"斐旭炎","girl":"独采枫"},{"id":1942,"boy":"初乐湛","girl":"良问萍"},{"id":1943,"boy":"守俊晤","girl":"申妙春"},{"id":1944,"boy":"衷库","girl":"粟丝雨"},{"id":1945,"boy":"是郸","girl":"改小凝"},{"id":1946,"boy":"许飞尘","girl":"夏夏烟"},{"id":1947,"boy":"大广","girl":"夕觅翠"},{"id":1948,"boy":"及昂然","girl":"战子楠"},{"id":1949,"boy":"费莫欣德","girl":"李玮琪"},{"id":1950,"boy":"求和韵","girl":"溥如仪"},{"id":1951,"boy":"是修远","girl":"暴夜香"},{"id":1952,"boy":"圭阴","girl":"东门丹山"},{"id":1953,"boy":"赛承基","girl":"顾音韵"},{"id":1954,"boy":"弥天禄","girl":"权依玉"},{"id":1955,"boy":"刀晗昱","girl":"么念之"},{"id":1956,"boy":"侨成礼","girl":"喜塔腊思佳"},{"id":1957,"boy":"问宙","girl":"门傲儿"},{"id":1958,"boy":"简智宸","girl":"京尔白"},{"id":1959,"boy":"尔令枫","girl":"士芷珍"},{"id":1960,"boy":"司空义","girl":"褒喜悦"},{"id":1961,"boy":"郁星剑","girl":"岑希"},{"id":1962,"boy":"贺凤","girl":"宦易槐"},{"id":1963,"boy":"郦兴为","girl":"濮阳艳"},{"id":1964,"boy":"仆和颂","girl":"浮碧"},{"id":1965,"boy":"赫连奇略","girl":"忻暖暖"},{"id":1966,"boy":"老高芬","girl":"狂妙旋"},{"id":1967,"boy":"九楼","girl":"望江雪"},{"id":1968,"boy":"敖宏壮","girl":"狂雪珍"},{"id":1969,"boy":"厉昊伟","girl":"茅世英"},{"id":1970,"boy":"奕晗日","girl":"鄞代蓝"},{"id":1971,"boy":"穆起运","girl":"茹歆然"},{"id":1972,"boy":"休社","girl":"频思语"},{"id":1973,"boy":"隗天材","girl":"粟芝兰"},{"id":1974,"boy":"己飞舟","girl":"姓慧语"},{"id":1975,"boy":"习博延","girl":"顾歌云"},{"id":1976,"boy":"莱文曜","girl":"洛白雪"},{"id":1977,"boy":"太叔修","girl":"叔晗雨"},{"id":1978,"boy":"环绍辉","girl":"沃向槐"},{"id":1979,"boy":"车翰海","girl":"问荌荌"},{"id":1980,"boy":"融俊","girl":"肖瑞绣"},{"id":1981,"boy":"高锐锋","girl":"仰婉秀"},{"id":1982,"boy":"孙坚壁","girl":"塔语芹"},{"id":1983,"boy":"进高扬","girl":"朋半凡"},{"id":1984,"boy":"尉迟嘉荣","girl":"兰思慧"},{"id":1985,"boy":"虎昆谊","girl":"巫沛蓝"},{"id":1986,"boy":"巧运鹏","girl":"欧舒怀"},{"id":1987,"boy":"员玉宸","girl":"穆乐容"},{"id":1988,"boy":"陶阳冰","girl":"壬佩杉"},{"id":1989,"boy":"念浦泽","girl":"呼合瑞"},{"id":1990,"boy":"性鹏池","girl":"简安静"},{"id":1991,"boy":"光集","girl":"完颜世韵"},{"id":1992,"boy":"钟离弘济","girl":"苦欣跃"},{"id":1993,"boy":"定浩博","girl":"斛骊洁"},{"id":1994,"boy":"范姜昊苍","girl":"武听安"},{"id":1995,"boy":"罗长岳","girl":"巢向彤"},{"id":1996,"boy":"柔宣朗","girl":"颛孙恬然"},{"id":1997,"boy":"徐乐游","girl":"独安白"},{"id":1998,"boy":"仉新曦","girl":"福怡君"},{"id":1999,"boy":"敬辽","girl":"钭飞兰"},{"id":2000,"boy":"盍曦之","girl":"钊惜"} ]