[{"id":1,"posType":1,"groupType":1,"cardType":1,"x":1,"y":17,"scale":0.6,"layer":1,"skinName":"BenJia_MingGangSkin_V"},{"id":2,"posType":1,"groupType":1,"cardType":2,"x":55,"y":17,"scale":0.6,"layer":2,"skinName":"BenJia_MingGangSkin_V"},{"id":3,"posType":1,"groupType":1,"cardType":3,"x":109,"y":40,"scale":0.59,"layer":3,"skinName":"BenJia_MingGangSkin_H"},{"id":4,"posType":1,"groupType":2,"cardType":1,"x":1,"y":17,"scale":0.6,"layer":1,"skinName":"BenJia_MingGangSkin_V"},{"id":5,"posType":1,"groupType":2,"cardType":2,"x":130,"y":17,"scale":0.6,"layer":2,"skinName":"BenJia_MingGangSkin_V"},{"id":6,"posType":1,"groupType":2,"cardType":3,"x":53,"y":40,"scale":0.59,"layer":3,"skinName":"BenJia_MingGangSkin_H"},{"id":7,"posType":1,"groupType":3,"cardType":1,"x":76.5,"y":17,"scale":0.6,"layer":1,"skinName":"BenJia_MingGangSkin_V"},{"id":8,"posType":1,"groupType":3,"cardType":2,"x":130,"y":17,"scale":0.6,"layer":2,"skinName":"BenJia_MingGangSkin_V"},{"id":9,"posType":1,"groupType":3,"cardType":3,"x":0,"y":40,"scale":0.59,"layer":3,"skinName":"BenJia_MingGangSkin_H"},{"id":10,"posType":1,"groupType":4,"cardType":1,"x":1,"y":17,"scale":0.6,"layer":1,"skinName":"BenJia_MingGangSkin_V"},{"id":11,"posType":1,"groupType":4,"cardType":2,"x":55,"y":17,"scale":0.6,"layer":2,"skinName":"BenJia_MingGangSkin_V"},{"id":12,"posType":1,"groupType":4,"cardType":3,"x":108,"y":40,"scale":0.59,"layer":3,"skinName":"BenJia_MingGangSkin_H"},{"id":13,"posType":1,"groupType":4,"cardType":4,"x":108,"y":0,"scale":0.58,"layer":4,"skinName":"BenJia_MingGangSkin_H"},{"id":14,"posType":1,"groupType":5,"cardType":1,"x":1,"y":17,"scale":0.6,"layer":1,"skinName":"BenJia_MingGangSkin_V"},{"id":15,"posType":1,"groupType":5,"cardType":2,"x":130,"y":17,"scale":0.6,"layer":2,"skinName":"BenJia_MingGangSkin_V"},{"id":16,"posType":1,"groupType":5,"cardType":3,"x":54,"y":40,"scale":0.59,"layer":3,"skinName":"BenJia_MingGangSkin_H"},{"id":17,"posType":1,"groupType":5,"cardType":4,"x":54,"y":0,"scale":0.59,"layer":4,"skinName":"BenJia_MingGangSkin_H"},{"id":18,"posType":1,"groupType":6,"cardType":1,"x":76.5,"y":17,"scale":0.6,"layer":1,"skinName":"BenJia_MingGangSkin_V"},{"id":19,"posType":1,"groupType":6,"cardType":2,"x":130,"y":17,"scale":0.6,"layer":2,"skinName":"BenJia_MingGangSkin_V"},{"id":20,"posType":1,"groupType":6,"cardType":3,"x":0,"y":40,"scale":0.59,"layer":3,"skinName":"BenJia_MingGangSkin_H"},{"id":21,"posType":1,"groupType":6,"cardType":4,"x":0,"y":0,"scale":0.59,"layer":4,"skinName":"BenJia_MingGangSkin_H"},{"id":22,"posType":1,"groupType":7,"cardType":1,"x":2,"y":21,"scale":0.6,"layer":4,"skinName":"BenJia_AnGangSkin"},{"id":23,"posType":1,"groupType":7,"cardType":2,"x":56,"y":21,"scale":0.6,"layer":3,"skinName":"BenJia_AnGangSkin"},{"id":24,"posType":1,"groupType":7,"cardType":3,"x":110,"y":21,"scale":0.6,"layer":2,"skinName":"BenJia_AnGangSkin"},{"id":25,"posType":1,"groupType":7,"cardType":4,"x":56,"y":1,"scale":0.6,"layer":1,"skinName":"BenJia_MingGangSkin_V"},{"id":26,"posType":2,"groupType":1,"cardType":1,"x":43,"y":55,"scale":0.4,"layer":1,"skinName":"XiaJia_MingGangSkin_H","tiltV":-12},{"id":27,"posType":2,"groupType":1,"cardType":2,"x":33,"y":32,"scale":0.4,"layer":2,"skinName":"XiaJia_MingGangSkin_H","tiltV":-12},{"id":28,"posType":2,"groupType":1,"cardType":3,"x":37,"y":0,"scale":0.4,"layer":3,"skinName":"XiaJia_MingGangSkin_V","tiltH":13},{"id":29,"posType":2,"groupType":2,"cardType":1,"x":47,"y":56,"scale":0.4,"layer":1,"skinName":"XiaJia_MingGangSkin_H","tiltV":-12},{"id":30,"posType":2,"groupType":2,"cardType":2,"x":22,"y":0,"scale":0.4,"layer":3,"skinName":"XiaJia_MingGangSkin_H","tiltV":-12},{"id":31,"posType":2,"groupType":2,"cardType":3,"x":50,"y":24,"scale":0.4,"layer":2,"skinName":"XiaJia_MingGangSkin_V","tiltH":13},{"id":32,"posType":2,"groupType":3,"cardType":1,"x":24,"y":1,"scale":0.4,"layer":3,"skinName":"XiaJia_MingGangSkin_H","tiltV":-12},{"id":33,"posType":2,"groupType":3,"cardType":2,"x":35,"y":25,"scale":0.4,"layer":2,"skinName":"XiaJia_MingGangSkin_H","tiltV":-12},{"id":34,"posType":2,"groupType":3,"cardType":3,"x":63,"y":49,"scale":0.4,"layer":1,"skinName":"XiaJia_MingGangSkin_V","tiltH":13},{"id":35,"posType":2,"groupType":4,"cardType":1,"x":43,"y":55,"scale":0.4,"layer":1,"skinName":"XiaJia_MingGangSkin_H","tiltV":-12},{"id":36,"posType":2,"groupType":4,"cardType":2,"x":33,"y":32,"scale":0.4,"layer":2,"skinName":"XiaJia_MingGangSkin_H","tiltV":-12},{"id":37,"posType":2,"groupType":4,"cardType":3,"x":37,"y":0,"scale":0.4,"layer":4,"skinName":"XiaJia_MingGangSkin_V","tiltH":13},{"id":38,"posType":2,"groupType":4,"cardType":4,"x":1.5,"y":0,"scale":0.4,"layer":3,"skinName":"XiaJia_MingGangSkin_V","tiltH":13},{"id":39,"posType":2,"groupType":5,"cardType":1,"x":47,"y":56,"scale":0.4,"layer":1,"skinName":"XiaJia_MingGangSkin_H","tiltV":-12},{"id":40,"posType":2,"groupType":5,"cardType":2,"x":22,"y":0,"scale":0.4,"layer":4,"skinName":"XiaJia_MingGangSkin_H","tiltV":-12},{"id":41,"posType":2,"groupType":5,"cardType":3,"x":50,"y":24,"scale":0.4,"layer":3,"skinName":"XiaJia_MingGangSkin_V","tiltH":13},{"id":42,"posType":2,"groupType":5,"cardType":4,"x":14,"y":24,"scale":0.4,"layer":2,"skinName":"XiaJia_MingGangSkin_V","tiltH":13},{"id":43,"posType":2,"groupType":6,"cardType":1,"x":24,"y":1,"scale":0.4,"layer":4,"skinName":"XiaJia_MingGangSkin_H","tiltV":-12},{"id":44,"posType":2,"groupType":6,"cardType":2,"x":35,"y":25,"scale":0.4,"layer":3,"skinName":"XiaJia_MingGangSkin_H","tiltV":-12},{"id":45,"posType":2,"groupType":6,"cardType":3,"x":63,"y":49,"scale":0.4,"layer":2,"skinName":"XiaJia_MingGangSkin_V","tiltH":13},{"id":46,"posType":2,"groupType":6,"cardType":4,"x":28,"y":49,"scale":0.4,"layer":1,"skinName":"XiaJia_MingGangSkin_V","tiltH":13},{"id":47,"posType":2,"groupType":7,"cardType":1,"x":48,"y":51,"scale":0.4,"layer":2,"skinName":"XiaJia_AnGangSkin"},{"id":48,"posType":2,"groupType":7,"cardType":2,"x":38,"y":25,"scale":0.4,"layer":3,"skinName":"XiaJia_AnGangSkin"},{"id":49,"posType":2,"groupType":7,"cardType":3,"x":28,"y":1,"scale":0.4,"layer":4,"skinName":"XiaJia_AnGangSkin"},{"id":50,"posType":2,"groupType":7,"cardType":4,"x":44,"y":5,"scale":0.4,"layer":1,"skinName":"XiaJia_MingGangSkin_H","tiltV":-12},{"id":51,"posType":3,"groupType":1,"cardType":1,"x":84,"y":27,"scale":0.36,"layer":3,"skinName":"DuiJia_MingGangSkin_V"},{"id":52,"posType":3,"groupType":1,"cardType":2,"x":46,"y":27,"scale":0.36,"layer":2,"skinName":"DuiJia_MingGangSkin_V"},{"id":53,"posType":3,"groupType":1,"cardType":3,"x":1,"y":28,"scale":0.36,"layer":1,"skinName":"DuiJia_MingGangSkin_H"},{"id":54,"posType":3,"groupType":2,"cardType":1,"x":84,"y":27,"scale":0.36,"layer":3,"skinName":"DuiJia_MingGangSkin_V"},{"id":55,"posType":3,"groupType":2,"cardType":2,"x":1.5,"y":27,"scale":0.36,"layer":2,"skinName":"DuiJia_MingGangSkin_V"},{"id":56,"posType":3,"groupType":2,"cardType":3,"x":39,"y":28,"scale":0.36,"layer":1,"skinName":"DuiJia_MingGangSkin_H"},{"id":57,"posType":3,"groupType":3,"cardType":1,"x":1.5,"y":27,"scale":0.36,"layer":3,"skinName":"DuiJia_MingGangSkin_V"},{"id":58,"posType":3,"groupType":3,"cardType":2,"x":40,"y":27,"scale":0.36,"layer":2,"skinName":"DuiJia_MingGangSkin_V"},{"id":59,"posType":3,"groupType":3,"cardType":3,"x":78,"y":27,"scale":0.36,"layer":1,"skinName":"DuiJia_MingGangSkin_H"},{"id":60,"posType":3,"groupType":4,"cardType":1,"x":84,"y":27,"scale":0.36,"layer":4,"skinName":"DuiJia_MingGangSkin_V"},{"id":61,"posType":3,"groupType":4,"cardType":2,"x":46,"y":27,"scale":0.36,"layer":3,"skinName":"DuiJia_MingGangSkin_V"},{"id":62,"posType":3,"groupType":4,"cardType":3,"x":1,"y":28,"scale":0.36,"layer":2,"skinName":"DuiJia_MingGangSkin_H"},{"id":63,"posType":3,"groupType":4,"cardType":4,"x":1,"y":47,"scale":0.36,"layer":1,"skinName":"DuiJia_MingGangSkin_H"},{"id":64,"posType":3,"groupType":5,"cardType":1,"x":84,"y":27,"scale":0.36,"layer":4,"skinName":"DuiJia_MingGangSkin_V"},{"id":65,"posType":3,"groupType":5,"cardType":2,"x":1.5,"y":27,"scale":0.36,"layer":3,"skinName":"DuiJia_MingGangSkin_V"},{"id":66,"posType":3,"groupType":5,"cardType":3,"x":39,"y":28,"scale":0.36,"layer":2,"skinName":"DuiJia_MingGangSkin_H"},{"id":67,"posType":3,"groupType":5,"cardType":4,"x":39,"y":48,"scale":0.36,"layer":1,"skinName":"DuiJia_MingGangSkin_H"},{"id":68,"posType":3,"groupType":6,"cardType":1,"x":1.5,"y":27,"scale":0.36,"layer":4,"skinName":"DuiJia_MingGangSkin_V"},{"id":69,"posType":3,"groupType":6,"cardType":2,"x":40,"y":27,"scale":0.36,"layer":3,"skinName":"DuiJia_MingGangSkin_V"},{"id":70,"posType":3,"groupType":6,"cardType":3,"x":78,"y":27,"scale":0.36,"layer":2,"skinName":"DuiJia_MingGangSkin_H"},{"id":71,"posType":3,"groupType":6,"cardType":4,"x":78,"y":48,"scale":0.36,"layer":1,"skinName":"DuiJia_MingGangSkin_H"},{"id":72,"posType":3,"groupType":7,"cardType":1,"x":1,"y":27,"scale":0.36,"layer":4,"skinName":"DuiJia_AnGangSkin"},{"id":73,"posType":3,"groupType":7,"cardType":2,"x":39,"y":27,"scale":0.36,"layer":3,"skinName":"DuiJia_AnGangSkin"},{"id":74,"posType":3,"groupType":7,"cardType":3,"x":77,"y":27,"scale":0.36,"layer":2,"skinName":"DuiJia_AnGangSkin"},{"id":75,"posType":3,"groupType":7,"cardType":4,"x":39,"y":7,"scale":0.36,"layer":1,"skinName":"DuiJia_MingGangSkin_V"},{"id":76,"posType":4,"groupType":1,"cardType":1,"x":28,"y":0,"scale":0.4,"layer":3,"skinName":"ShangJia_MingGangSkin_H","tiltV":12},{"id":77,"posType":4,"groupType":1,"cardType":2,"x":18,"y":24.8,"scale":0.4,"layer":2,"skinName":"ShangJia_MingGangSkin_H","tiltV":12},{"id":78,"posType":4,"groupType":1,"cardType":3,"x":4,"y":50,"scale":0.4,"layer":1,"skinName":"ShangJia_MingGangSkin_V","tiltH":-13},{"id":79,"posType":4,"groupType":2,"cardType":1,"x":28,"y":0,"scale":0.4,"layer":3,"skinName":"ShangJia_MingGangSkin_H","tiltV":12},{"id":80,"posType":4,"groupType":2,"cardType":2,"x":2,"y":57,"scale":0.4,"layer":1,"skinName":"ShangJia_MingGangSkin_H","tiltV":12},{"id":81,"posType":4,"groupType":2,"cardType":3,"x":14,"y":25,"scale":0.4,"layer":2,"skinName":"ShangJia_MingGangSkin_V","tiltH":-13},{"id":82,"posType":4,"groupType":3,"cardType":1,"x":12,"y":34,"scale":0.4,"layer":2,"skinName":"ShangJia_MingGangSkin_H","tiltV":12},{"id":83,"posType":4,"groupType":3,"cardType":2,"x":1,"y":59,"scale":0.4,"layer":1,"skinName":"ShangJia_MingGangSkin_H","tiltV":12},{"id":84,"posType":4,"groupType":3,"cardType":3,"x":24,"y":1,"scale":0.4,"layer":3,"skinName":"ShangJia_MingGangSkin_V","tiltH":-13},{"id":85,"posType":4,"groupType":4,"cardType":1,"x":28,"y":0,"scale":0.4,"layer":4,"skinName":"ShangJia_MingGangSkin_H","tiltV":12},{"id":86,"posType":4,"groupType":4,"cardType":2,"x":18,"y":24.8,"scale":0.4,"layer":3,"skinName":"ShangJia_MingGangSkin_H","tiltV":12},{"id":87,"posType":4,"groupType":4,"cardType":3,"x":4,"y":50,"scale":0.4,"layer":2,"skinName":"ShangJia_MingGangSkin_V","tiltH":-13},{"id":88,"posType":4,"groupType":4,"cardType":4,"x":43,"y":50,"scale":0.4,"layer":1,"skinName":"ShangJia_MingGangSkin_V","tiltH":-13},{"id":89,"posType":4,"groupType":5,"cardType":1,"x":28,"y":0,"scale":0.4,"layer":4,"skinName":"ShangJia_MingGangSkin_H","tiltV":12},{"id":90,"posType":4,"groupType":5,"cardType":2,"x":2,"y":57,"scale":0.4,"layer":1,"skinName":"ShangJia_MingGangSkin_H","tiltV":12},{"id":91,"posType":4,"groupType":5,"cardType":3,"x":14,"y":25,"scale":0.4,"layer":3,"skinName":"ShangJia_MingGangSkin_V","tiltH":-13},{"id":92,"posType":4,"groupType":5,"cardType":4,"x":52,"y":25,"scale":0.4,"layer":2,"skinName":"ShangJia_MingGangSkin_V","tiltH":-13},{"id":93,"posType":4,"groupType":6,"cardType":1,"x":12,"y":34,"scale":0.4,"layer":2,"skinName":"ShangJia_MingGangSkin_H","tiltV":12},{"id":94,"posType":4,"groupType":6,"cardType":2,"x":1,"y":59,"scale":0.4,"layer":1,"skinName":"ShangJia_MingGangSkin_H","tiltV":12},{"id":95,"posType":4,"groupType":6,"cardType":3,"x":24,"y":1,"scale":0.4,"layer":4,"skinName":"ShangJia_MingGangSkin_V","tiltH":-13},{"id":96,"posType":4,"groupType":6,"cardType":4,"x":63,"y":1,"scale":0.4,"layer":3,"skinName":"ShangJia_MingGangSkin_V","tiltH":-13},{"id":97,"posType":4,"groupType":7,"cardType":1,"x":24,"y":1,"scale":0.4,"layer":4,"skinName":"ShangJia_AnGangSkin"},{"id":98,"posType":4,"groupType":7,"cardType":2,"x":14,"y":26,"scale":0.4,"layer":3,"skinName":"ShangJia_AnGangSkin"},{"id":99,"posType":4,"groupType":7,"cardType":3,"x":3,"y":51,"scale":0.4,"layer":2,"skinName":"ShangJia_AnGangSkin"},{"id":100,"posType":4,"groupType":7,"cardType":4,"x":8,"y":8,"scale":0.4,"layer":1,"skinName":"ShangJia_MingGangSkin_H","tiltV":12} ]