[{"id":4,"name":"娇娇测试","icon":"match_1","sNum":3,"bNum":600,"signCost":0,"serveCost":0,"rebuyCost":500,"addonCost":500,"timeId":101,"displayTime":1800,"signTime":1800,"delaySign":1800,"rebuy":6,"addon":1,"prize":101,"blindType":101,"initialChips":5000,"roomId":201,"addonChips":10000,"maxRebuyTimes":2},{"id":5,"name":"沁游年会赛","icon":"match_2","sNum":3,"bNum":800,"signCost":88,"serveCost":88,"rebuyCost":88,"addonCost":88,"ticketId":105,"timeId":101,"displayTime":1800,"signTime":1800,"delaySign":1200,"rebuy":6,"addon":1,"prize":102,"blindType":102,"initialChips":8888,"roomId":201,"addonChips":17776,"maxRebuyTimes":2},{"id":6,"name":"200万金币欢乐赛","icon":"match_2","sNum":3,"bNum":800,"signCost":5000,"serveCost":0,"rebuyCost":5000,"addonCost":5000,"ticketId":106,"timeId":112,"displayTime":7200,"signTime":7200,"delaySign":1800,"rebuy":7,"addon":1,"prize":103,"blindType":107,"initialChips":3000,"roomId":201,"addonChips":6000,"maxRebuyTimes":2},{"id":7,"name":"500万金币欢乐赛","icon":"match_3","sNum":3,"bNum":800,"signCost":30000,"serveCost":3000,"rebuyCost":30000,"addonCost":30000,"ticketId":107,"timeId":112,"displayTime":14400,"signTime":14400,"delaySign":1800,"rebuy":7,"addon":1,"prize":104,"blindType":103,"initialChips":5000,"roomId":201,"addonChips":10000,"maxRebuyTimes":2},{"id":8,"name":"1000万金币欢乐赛","icon":"match_4","sNum":3,"bNum":800,"signCost":10000,"serveCost":5000,"rebuyCost":10000,"addonCost":10000,"ticketId":108,"timeId":112,"displayTime":28800,"signTime":28800,"delaySign":1800,"rebuy":7,"addon":1,"prize":105,"blindType":105,"initialChips":5000,"roomId":201,"addonChips":10000,"maxRebuyTimes":2},{"id":9,"name":"2000万每日欢乐赛","icon":"match_5","sNum":3,"bNum":800,"signCost":30000,"serveCost":3000,"rebuyCost":30000,"addonCost":30000,"ticketId":109,"timeId":112,"displayTime":64800,"signTime":64800,"delaySign":1800,"rebuy":8,"addon":1,"prize":106,"blindType":106,"initialChips":5000,"roomId":201,"addonChips":10000,"maxRebuyTimes":2},{"id":10,"name":"1亿金币周赛","icon":"match_6","sNum":3,"bNum":800,"signCost":300000,"serveCost":30000,"rebuyCost":300000,"addonCost":300000,"ticketId":110,"timeId":112,"displayTime":172800,"signTime":86400,"delaySign":1800,"rebuy":8,"addon":1,"prize":107,"blindType":106,"initialChips":10000,"roomId":201,"addonChips":20000,"maxRebuyTimes":2},{"id":11,"name":"免费-10元话费赛","icon":"match_8","sNum":3,"bNum":600,"signCost":0,"serveCost":0,"rebuyCost":1000,"addonCost":1000,"timeId":112,"displayTime":7200,"signTime":7200,"delaySign":600,"rebuy":6,"addon":1,"prize":108,"blindType":101,"initialChips":3000,"roomId":201,"addonChips":6000,"maxRebuyTimes":2},{"id":12,"name":"30元话费争夺赛","icon":"match_9","sNum":3,"bNum":800,"signCost":6000,"serveCost":600,"rebuyCost":6000,"addonCost":6000,"ticketId":112,"timeId":112,"displayTime":7200,"signTime":7200,"delaySign":1800,"rebuy":7,"addon":1,"prize":109,"blindType":105,"initialChips":5000,"roomId":201,"addonChips":10000,"maxRebuyTimes":2},{"id":13,"name":"100元话费争夺赛","icon":"match_10","sNum":3,"bNum":800,"signCost":20000,"serveCost":2000,"rebuyCost":20000,"addonCost":20000,"ticketId":113,"timeId":112,"displayTime":21600,"signTime":21600,"delaySign":1800,"rebuy":8,"addon":1,"prize":110,"blindType":103,"initialChips":5000,"roomId":201,"addonChips":10000,"maxRebuyTimes":2} ]