[{"id":1,"awardId":801,"type":1,"ignoreInPanel":0,"iconName":"jiubei_1","isWhiteView":0},{"id":2,"awardId":802,"type":1,"ignoreInPanel":0,"iconName":"jiubei_2","isWhiteView":0},{"id":3,"awardId":803,"type":1,"ignoreInPanel":0,"iconName":"jiubei_3","isWhiteView":0},{"id":4,"awardId":804,"type":1,"ignoreInPanel":0,"iconName":"jiubei_4","isWhiteView":0},{"id":5,"awardId":805,"type":1,"ignoreInPanel":0,"iconName":"jiubei_5","isWhiteView":0},{"id":6,"awardId":806,"type":1,"ignoreInPanel":0,"iconName":"jiubei_6","isWhiteView":0},{"id":7,"awardId":821,"type":2,"ignoreInPanel":0,"iconName":"mall_zs_1","isWhiteView":0},{"id":8,"awardId":822,"type":2,"ignoreInPanel":0,"iconName":"mall_zs_2","isWhiteView":0},{"id":9,"awardId":823,"type":2,"ignoreInPanel":0,"iconName":"mall_zs_3","isWhiteView":0},{"id":10,"awardId":824,"type":2,"ignoreInPanel":0,"iconName":"mall_zs_4","isWhiteView":0},{"id":11,"awardId":825,"type":2,"ignoreInPanel":0,"iconName":"mall_zs_5","isWhiteView":0},{"id":12,"awardId":826,"type":2,"ignoreInPanel":0,"iconName":"mall_zs_6","isWhiteView":0},{"id":13,"awardId":101,"type":3,"ignoreInPanel":0,"iconName":"vip_3","isWhiteView":0},{"id":14,"awardId":102,"type":3,"ignoreInPanel":0,"iconName":"vip_2","isWhiteView":0},{"id":15,"awardId":103,"type":3,"ignoreInPanel":0,"iconName":"vip_1","isWhiteView":0},{"id":16,"awardId":827,"type":4,"ignoreInPanel":1,"iconName":"monthCard1","isWhiteView":0},{"id":17,"awardId":828,"type":4,"ignoreInPanel":1,"iconName":"monthCard2","isWhiteView":0} ]