[{"id":1,"type":1,"cd":120},{"id":2,"type":2,"cd":120},{"id":3,"type":3,"cd":120},{"id":4,"type":4,"cd":120},{"id":5,"type":5,"cd":120},{"id":6,"type":100,"param1":5,"param2":1,"cd":120},{"id":7,"type":100,"param1":5,"param2":2,"cd":120},{"id":8,"type":100,"param1":6,"param2":0,"param3":200,"cd":120},{"id":9,"type":100,"param1":6,"param2":0,"param3":2000,"cd":120},{"id":10,"type":100,"param1":6,"param2":0,"param3":20000,"cd":120},{"id":11,"type":100,"param1":6,"param2":0,"param3":200000,"cd":120},{"id":12,"type":100,"param1":6,"param2":1,"param3":200,"cd":120},{"id":13,"type":100,"param1":6,"param2":1,"param3":2000,"cd":120},{"id":14,"type":100,"param1":6,"param2":1,"param3":20000,"cd":120},{"id":15,"type":100,"param1":6,"param2":1,"param3":200000,"cd":120} ]