[{"id":6,"subId":1,"bottom":200,"type":1,"coefficient":0.6,"weight":1},{"id":6,"subId":2,"bottom":200,"type":2,"coefficient":0.4,"weight":1},{"id":6,"subId":3,"bottom":200,"type":3,"coefficient":0.3,"weight":1},{"id":6,"subId":4,"bottom":200,"type":4,"coefficient":100,"weight":5},{"id":6,"subId":5,"bottom":200,"type":5,"coefficient":50,"weight":10},{"id":6,"subId":6,"bottom":200,"type":6,"coefficient":30,"weight":38},{"id":6,"subId":7,"bottom":200,"type":7,"coefficient":10,"weight":1500},{"id":6,"subId":8,"bottom":200,"type":8,"coefficient":2,"weight":29991},{"id":6,"subId":9,"bottom":200,"type":9,"coefficient":0.5,"weight":38455},{"id":6,"subId":10,"bottom":200,"type":10,"coefficient":0,"weight":30000},{"id":6,"subId":11,"bottom":2000,"type":1,"coefficient":0.6,"weight":1},{"id":6,"subId":12,"bottom":2000,"type":2,"coefficient":0.4,"weight":1},{"id":6,"subId":13,"bottom":2000,"type":3,"coefficient":0.3,"weight":1},{"id":6,"subId":14,"bottom":2000,"type":4,"coefficient":100,"weight":5},{"id":6,"subId":15,"bottom":2000,"type":5,"coefficient":50,"weight":10},{"id":6,"subId":16,"bottom":2000,"type":6,"coefficient":30,"weight":38},{"id":6,"subId":17,"bottom":2000,"type":7,"coefficient":10,"weight":1500},{"id":6,"subId":18,"bottom":2000,"type":8,"coefficient":2,"weight":29991},{"id":6,"subId":19,"bottom":2000,"type":9,"coefficient":0.5,"weight":38455},{"id":6,"subId":20,"bottom":2000,"type":10,"coefficient":0,"weight":30000},{"id":6,"subId":21,"bottom":20000,"type":1,"coefficient":0.6,"weight":1},{"id":6,"subId":22,"bottom":20000,"type":2,"coefficient":0.4,"weight":1},{"id":6,"subId":23,"bottom":20000,"type":3,"coefficient":0.3,"weight":1},{"id":6,"subId":24,"bottom":20000,"type":4,"coefficient":100,"weight":5},{"id":6,"subId":25,"bottom":20000,"type":5,"coefficient":50,"weight":10},{"id":6,"subId":26,"bottom":20000,"type":6,"coefficient":30,"weight":38},{"id":6,"subId":27,"bottom":20000,"type":7,"coefficient":10,"weight":1500},{"id":6,"subId":28,"bottom":20000,"type":8,"coefficient":2,"weight":29991},{"id":6,"subId":29,"bottom":20000,"type":9,"coefficient":0.5,"weight":38455},{"id":6,"subId":30,"bottom":20000,"type":10,"coefficient":0,"weight":30000},{"id":6,"subId":31,"bottom":200000,"type":1,"coefficient":0.6,"weight":1},{"id":6,"subId":32,"bottom":200000,"type":2,"coefficient":0.4,"weight":1},{"id":6,"subId":33,"bottom":200000,"type":3,"coefficient":0.3,"weight":1},{"id":6,"subId":34,"bottom":200000,"type":4,"coefficient":100,"weight":5},{"id":6,"subId":35,"bottom":200000,"type":5,"coefficient":50,"weight":10},{"id":6,"subId":36,"bottom":200000,"type":6,"coefficient":30,"weight":38},{"id":6,"subId":37,"bottom":200000,"type":7,"coefficient":10,"weight":1500},{"id":6,"subId":38,"bottom":200000,"type":8,"coefficient":2,"weight":29991},{"id":6,"subId":39,"bottom":200000,"type":9,"coefficient":0.5,"weight":38455},{"id":6,"subId":40,"bottom":200000,"type":10,"coefficient":0,"weight":30000} ]