[{"id":3,"type":"signin","name":"签到奖励","clearType":2,"clearType2":2,"startTime":"2017,1,1,0,0,0","panelName":"SignInPanel","unInShowPanel":1,"trigger":"GameHallPanel,signBtn","triggerType":1},{"id":4,"type":"payPrize","name":"首充优惠","startTime":"2017,1,1,0,0,0","des":"额外赠送100000金币+100元话费赛门票","panelName":"FirstPayPanel","unInShowPanel":1,"trigger":"GameHallPanel,firstpayBtn","triggerType":1},{"id":5,"type":"happyGift","name":"欢乐送豪礼","resGroup":"activity_happyGift","startTime":"2018,1,19,0,0,0","endTime":"2018,2,28,23,59,59","icon":"activity_shl","imgId":"activity_happyGift_bg_png","des":"玩牌就送IphoneX、2亿金币、Ipad Pro、话费等丰厚大奖","panelName":"HappyGiftPanel","triggerType":1},{"id":6,"type":"laBa","name":"德州转转转","resGroup":"activity_laBa","startTime":"2018,1,19,0,0,0","endTime":"2018,2,28,23,59,59","icon":"activity_dz","imgId":"activity_laBa_bg_png","des":"赢海量金币，超级大量，巨额奖励转不停","panelName":"ShimTaeYoonPanel","triggerType":1} ]