[{"id":1,"des":"永远不要像照片里的人一成不变的挂在那里，你必须综合你的行为，让对手一直在猜测你的目的。"},{"id":2,"des":"只要你不是最好的牌，就要认真思索对方下重注的理由。"},{"id":3,"des":"多总结下你输大钱的那些牌，比一直不停的打下去更重要。"},{"id":4,"des":"你做的任何事情都有可能让你输钱——什么都不做也一样。"},{"id":5,"des":"如果你有一手大牌，别忘了对手可能有一手更大的牌。"},{"id":6,"des":"就算AA对27，也不是100%赢的。（所以不是无路可走的时候，最好不要起手就ALLIN）"},{"id":7,"des":"那个一直弃牌的傻瓜其实是才是能一口吞掉你的巨鲨。"},{"id":8,"des":"没必要花所有的筹码去验证对手是否偷鸡（万一不是你就完了）。"},{"id":9,"des":"打牌不偷鸡是不行的，老是偷鸡更不是行的。"},{"id":10,"des":"不要只看到偷鸡成功的，还要看到有些为了偷鸡丧命的。"},{"id":11,"des":"攻击性太强的人，把自己置于乱箭之中，迟早要被穿心。"},{"id":12,"des":"自己所下的注要对的起自己的底牌.即使底牌是对A,你的下注错误也会输掉一切。"},{"id":13,"des":"没有什么不可能，底牌是不是好牌或坏牌，是由庄家发给的那五张牌决定的。"},{"id":14,"des":"中高级场对手看牌停顿的时间能反映出一定的信息。"},{"id":15,"des":"技术、胆识、运气、心态，是赢钱的关键。"},{"id":16,"des":"桌上筹码最多，这样打起来轻松。不要怕别人惦记你桌上的钱。"},{"id":17,"des":"拿到双A并不是你必胜的保证,有可能成为你出局的陷阱。"},{"id":18,"des":"德州扑克游戏的规律就是没有任何一点规律可寻!"},{"id":19,"des":"无数次的弃牌是为了一次ALLIN。"},{"id":20,"des":"不要过于依赖自己的底牌，真正的底牌其实是河牌！"},{"id":21,"des":"吸引对手跟重注的是彩池比例，而不是你桌上的奖金。"},{"id":22,"des":"输赢无法控制，但是你可以控制输赢的多寡！"} ]