[{"id":1,"prizeId":101,"start":1,"end":1,"awardId":1101},{"id":2,"prizeId":101,"start":2,"end":2,"awardId":1102},{"id":3,"prizeId":101,"start":3,"end":3,"awardId":1103},{"id":4,"prizeId":101,"start":4,"end":4,"awardId":1104},{"id":5,"prizeId":101,"start":5,"end":5,"awardId":1105},{"id":6,"prizeId":101,"start":6,"end":6,"awardId":1106},{"id":7,"prizeId":101,"start":7,"end":7,"awardId":1107},{"id":8,"prizeId":101,"start":8,"end":8,"awardId":1108},{"id":9,"prizeId":101,"start":9,"end":9,"awardId":1109},{"id":10,"prizeId":101,"start":10,"end":10,"awardId":1110},{"id":11,"prizeId":101,"start":11,"end":11,"awardId":1111},{"id":12,"prizeId":101,"start":12,"end":12,"awardId":1112},{"id":13,"prizeId":101,"start":13,"end":13,"awardId":1113},{"id":14,"prizeId":101,"start":14,"end":14,"awardId":1114},{"id":15,"prizeId":101,"start":15,"end":15,"awardId":1115},{"id":16,"prizeId":101,"start":16,"end":16,"awardId":1116},{"id":17,"prizeId":101,"start":17,"end":17,"awardId":1117},{"id":18,"prizeId":101,"start":18,"end":18,"awardId":1118},{"id":19,"prizeId":101,"start":19,"end":19,"awardId":1119},{"id":20,"prizeId":101,"start":20,"end":20,"awardId":1120},{"id":21,"prizeId":101,"start":21,"end":21,"awardId":1121},{"id":22,"prizeId":101,"start":22,"end":22,"awardId":1122},{"id":23,"prizeId":101,"start":23,"end":23,"awardId":1123},{"id":24,"prizeId":101,"start":24,"end":24,"awardId":1124},{"id":25,"prizeId":101,"start":25,"end":25,"awardId":1125},{"id":26,"prizeId":101,"start":26,"end":26,"awardId":1126},{"id":27,"prizeId":101,"start":27,"end":27,"awardId":1127},{"id":28,"prizeId":101,"start":28,"end":28,"awardId":1128},{"id":29,"prizeId":101,"start":29,"end":29,"awardId":1129},{"id":30,"prizeId":101,"start":30,"end":30,"awardId":1130},{"id":31,"prizeId":101,"start":31,"end":31,"awardId":1131},{"id":32,"prizeId":101,"start":32,"end":32,"awardId":1132},{"id":33,"prizeId":101,"start":33,"end":33,"awardId":1133},{"id":34,"prizeId":101,"start":34,"end":34,"awardId":1134},{"id":35,"prizeId":101,"start":35,"end":35,"awardId":1135},{"id":36,"prizeId":101,"start":36,"end":36,"awardId":1136},{"id":37,"prizeId":101,"start":37,"end":37,"awardId":1137},{"id":38,"prizeId":101,"start":38,"end":38,"awardId":1138},{"id":39,"prizeId":101,"start":39,"end":39,"awardId":1139},{"id":40,"prizeId":101,"start":40,"end":40,"awardId":1140},{"id":41,"prizeId":101,"start":41,"end":41,"awardId":1141},{"id":42,"prizeId":101,"start":42,"end":42,"awardId":1142},{"id":43,"prizeId":101,"start":43,"end":43,"awardId":1143},{"id":44,"prizeId":101,"start":44,"end":44,"awardId":1144},{"id":45,"prizeId":101,"start":45,"end":45,"awardId":1145},{"id":46,"prizeId":102,"start":1,"end":1,"awardId":1201},{"id":47,"prizeId":102,"start":2,"end":2,"awardId":1202},{"id":48,"prizeId":102,"start":3,"end":3,"awardId":1203},{"id":49,"prizeId":102,"start":4,"end":4,"awardId":1204},{"id":50,"prizeId":102,"start":5,"end":5,"awardId":1205},{"id":51,"prizeId":102,"start":6,"end":6,"awardId":1206},{"id":52,"prizeId":102,"start":7,"end":7,"awardId":1207},{"id":53,"prizeId":102,"start":8,"end":8,"awardId":1208},{"id":54,"prizeId":102,"start":9,"end":9,"awardId":1209},{"id":55,"prizeId":102,"start":10,"end":10,"awardId":1210},{"id":56,"prizeId":102,"start":11,"end":11,"awardId":1211},{"id":57,"prizeId":102,"start":12,"end":12,"awardId":1212},{"id":58,"prizeId":102,"start":13,"end":13,"awardId":1213},{"id":59,"prizeId":102,"start":14,"end":14,"awardId":1214},{"id":60,"prizeId":102,"start":15,"end":15,"awardId":1215},{"id":61,"prizeId":102,"start":16,"end":16,"awardId":1216},{"id":62,"prizeId":102,"start":17,"end":17,"awardId":1217},{"id":63,"prizeId":102,"start":18,"end":18,"awardId":1218},{"id":64,"prizeId":102,"start":19,"end":19,"awardId":1219},{"id":65,"prizeId":102,"start":20,"end":20,"awardId":1220},{"id":66,"prizeId":102,"start":21,"end":21,"awardId":1221},{"id":67,"prizeId":102,"start":22,"end":22,"awardId":1222},{"id":68,"prizeId":102,"start":23,"end":23,"awardId":1223},{"id":69,"prizeId":102,"start":24,"end":24,"awardId":1224},{"id":70,"prizeId":102,"start":25,"end":25,"awardId":1225},{"id":71,"prizeId":102,"start":26,"end":26,"awardId":1226},{"id":72,"prizeId":102,"start":27,"end":27,"awardId":1227},{"id":73,"prizeId":102,"start":28,"end":28,"awardId":1228},{"id":74,"prizeId":102,"start":29,"end":29,"awardId":1229},{"id":75,"prizeId":102,"start":30,"end":30,"awardId":1230},{"id":76,"prizeId":102,"start":31,"end":31,"awardId":1231},{"id":77,"prizeId":102,"start":32,"end":32,"awardId":1232},{"id":78,"prizeId":102,"start":33,"end":33,"awardId":1233},{"id":79,"prizeId":102,"start":34,"end":34,"awardId":1234},{"id":80,"prizeId":102,"start":35,"end":35,"awardId":1235},{"id":81,"prizeId":102,"start":36,"end":36,"awardId":1236},{"id":82,"prizeId":103,"start":1,"end":1,"awardId":1301},{"id":83,"prizeId":103,"start":2,"end":2,"awardId":1302},{"id":84,"prizeId":103,"start":3,"end":3,"awardId":1303},{"id":85,"prizeId":103,"start":4,"end":4,"awardId":1304},{"id":86,"prizeId":103,"start":5,"end":5,"awardId":1305},{"id":87,"prizeId":103,"start":6,"end":6,"awardId":1306},{"id":88,"prizeId":103,"start":7,"end":7,"awardId":1307},{"id":89,"prizeId":103,"start":8,"end":8,"awardId":1308},{"id":90,"prizeId":103,"start":9,"end":9,"awardId":1309},{"id":91,"prizeId":103,"start":10,"end":10,"awardId":1310},{"id":92,"prizeId":103,"start":11,"end":11,"awardId":1311},{"id":93,"prizeId":103,"start":12,"end":12,"awardId":1312},{"id":94,"prizeId":103,"start":13,"end":13,"awardId":1313},{"id":95,"prizeId":103,"start":14,"end":14,"awardId":1314},{"id":96,"prizeId":103,"start":15,"end":15,"awardId":1315},{"id":97,"prizeId":103,"start":16,"end":16,"awardId":1316},{"id":98,"prizeId":103,"start":17,"end":17,"awardId":1317},{"id":99,"prizeId":103,"start":18,"end":18,"awardId":1318},{"id":100,"prizeId":103,"start":19,"end":19,"awardId":1319},{"id":101,"prizeId":103,"start":20,"end":20,"awardId":1320},{"id":102,"prizeId":103,"start":21,"end":21,"awardId":1321},{"id":103,"prizeId":103,"start":22,"end":22,"awardId":1322},{"id":104,"prizeId":103,"start":23,"end":23,"awardId":1323},{"id":105,"prizeId":103,"start":24,"end":24,"awardId":1324},{"id":106,"prizeId":103,"start":25,"end":25,"awardId":1325},{"id":107,"prizeId":103,"start":26,"end":26,"awardId":1326},{"id":108,"prizeId":103,"start":27,"end":27,"awardId":1327},{"id":109,"prizeId":103,"start":28,"end":28,"awardId":1328},{"id":110,"prizeId":103,"start":29,"end":29,"awardId":1329},{"id":111,"prizeId":103,"start":30,"end":30,"awardId":1330},{"id":112,"prizeId":103,"start":31,"end":31,"awardId":1331},{"id":113,"prizeId":103,"start":32,"end":32,"awardId":1332},{"id":114,"prizeId":103,"start":33,"end":33,"awardId":1333},{"id":115,"prizeId":103,"start":34,"end":34,"awardId":1334},{"id":116,"prizeId":103,"start":35,"end":35,"awardId":1335},{"id":117,"prizeId":103,"start":36,"end":36,"awardId":1336},{"id":118,"prizeId":103,"start":37,"end":37,"awardId":1337},{"id":119,"prizeId":103,"start":38,"end":38,"awardId":1338},{"id":120,"prizeId":103,"start":39,"end":39,"awardId":1339},{"id":121,"prizeId":103,"start":40,"end":40,"awardId":1340},{"id":122,"prizeId":103,"start":41,"end":41,"awardId":1341},{"id":123,"prizeId":103,"start":42,"end":42,"awardId":1342},{"id":124,"prizeId":103,"start":43,"end":43,"awardId":1343},{"id":125,"prizeId":103,"start":44,"end":44,"awardId":1344},{"id":126,"prizeId":103,"start":45,"end":45,"awardId":1345},{"id":127,"prizeId":103,"start":46,"end":46,"awardId":1346},{"id":128,"prizeId":103,"start":47,"end":47,"awardId":1347},{"id":129,"prizeId":103,"start":48,"end":48,"awardId":1348},{"id":130,"prizeId":104,"start":1,"end":1,"awardId":1401},{"id":131,"prizeId":104,"start":2,"end":2,"awardId":1402},{"id":132,"prizeId":104,"start":3,"end":3,"awardId":1403},{"id":133,"prizeId":104,"start":4,"end":4,"awardId":1404},{"id":134,"prizeId":104,"start":5,"end":5,"awardId":1405},{"id":135,"prizeId":104,"start":6,"end":6,"awardId":1406},{"id":136,"prizeId":104,"start":7,"end":7,"awardId":1407},{"id":137,"prizeId":104,"start":8,"end":8,"awardId":1408},{"id":138,"prizeId":104,"start":9,"end":9,"awardId":1409},{"id":139,"prizeId":104,"start":10,"end":10,"awardId":1410},{"id":140,"prizeId":104,"start":11,"end":11,"awardId":1411},{"id":141,"prizeId":104,"start":12,"end":12,"awardId":1412},{"id":142,"prizeId":104,"start":13,"end":13,"awardId":1413},{"id":143,"prizeId":104,"start":14,"end":14,"awardId":1414},{"id":144,"prizeId":104,"start":15,"end":15,"awardId":1415},{"id":145,"prizeId":104,"start":16,"end":16,"awardId":1416},{"id":146,"prizeId":104,"start":17,"end":17,"awardId":1417},{"id":147,"prizeId":104,"start":18,"end":18,"awardId":1418},{"id":148,"prizeId":104,"start":19,"end":19,"awardId":1419},{"id":149,"prizeId":104,"start":20,"end":20,"awardId":1420},{"id":150,"prizeId":104,"start":21,"end":21,"awardId":1421},{"id":151,"prizeId":104,"start":22,"end":22,"awardId":1422},{"id":152,"prizeId":104,"start":23,"end":23,"awardId":1423},{"id":153,"prizeId":104,"start":24,"end":24,"awardId":1424},{"id":154,"prizeId":105,"start":1,"end":1,"awardId":1501},{"id":155,"prizeId":105,"start":2,"end":2,"awardId":1502},{"id":156,"prizeId":105,"start":3,"end":3,"awardId":1503},{"id":157,"prizeId":105,"start":4,"end":4,"awardId":1504},{"id":158,"prizeId":105,"start":5,"end":5,"awardId":1505},{"id":159,"prizeId":105,"start":6,"end":6,"awardId":1506},{"id":160,"prizeId":105,"start":7,"end":7,"awardId":1507},{"id":161,"prizeId":105,"start":8,"end":8,"awardId":1508},{"id":162,"prizeId":105,"start":9,"end":9,"awardId":1509},{"id":163,"prizeId":105,"start":10,"end":10,"awardId":1510},{"id":164,"prizeId":105,"start":11,"end":11,"awardId":1511},{"id":165,"prizeId":105,"start":12,"end":12,"awardId":1512},{"id":166,"prizeId":105,"start":13,"end":13,"awardId":1513},{"id":167,"prizeId":105,"start":14,"end":14,"awardId":1514},{"id":168,"prizeId":105,"start":15,"end":15,"awardId":1515},{"id":169,"prizeId":105,"start":16,"end":16,"awardId":1516},{"id":170,"prizeId":105,"start":17,"end":17,"awardId":1517},{"id":171,"prizeId":105,"start":18,"end":18,"awardId":1518},{"id":172,"prizeId":105,"start":19,"end":19,"awardId":1519},{"id":173,"prizeId":105,"start":20,"end":20,"awardId":1520},{"id":174,"prizeId":105,"start":21,"end":21,"awardId":1521},{"id":175,"prizeId":105,"start":22,"end":22,"awardId":1522},{"id":176,"prizeId":105,"start":23,"end":23,"awardId":1523},{"id":177,"prizeId":105,"start":24,"end":24,"awardId":1524},{"id":178,"prizeId":105,"start":25,"end":25,"awardId":1525},{"id":179,"prizeId":105,"start":26,"end":26,"awardId":1526},{"id":180,"prizeId":105,"start":27,"end":27,"awardId":1527},{"id":181,"prizeId":105,"start":28,"end":28,"awardId":1528},{"id":182,"prizeId":105,"start":29,"end":29,"awardId":1529},{"id":183,"prizeId":105,"start":30,"end":30,"awardId":1530},{"id":184,"prizeId":105,"start":31,"end":31,"awardId":1531},{"id":185,"prizeId":105,"start":32,"end":32,"awardId":1532},{"id":186,"prizeId":105,"start":33,"end":33,"awardId":1533},{"id":187,"prizeId":105,"start":34,"end":34,"awardId":1534},{"id":188,"prizeId":105,"start":35,"end":35,"awardId":1535},{"id":189,"prizeId":105,"start":36,"end":36,"awardId":1536},{"id":190,"prizeId":105,"start":37,"end":37,"awardId":1537},{"id":191,"prizeId":105,"start":38,"end":38,"awardId":1538},{"id":192,"prizeId":105,"start":39,"end":39,"awardId":1539},{"id":193,"prizeId":105,"start":40,"end":40,"awardId":1540},{"id":194,"prizeId":105,"start":41,"end":41,"awardId":1541},{"id":195,"prizeId":105,"start":42,"end":42,"awardId":1542},{"id":196,"prizeId":105,"start":43,"end":43,"awardId":1543},{"id":197,"prizeId":105,"start":44,"end":44,"awardId":1544},{"id":198,"prizeId":105,"start":45,"end":45,"awardId":1545},{"id":199,"prizeId":105,"start":46,"end":46,"awardId":1546},{"id":200,"prizeId":105,"start":47,"end":47,"awardId":1547},{"id":201,"prizeId":105,"start":48,"end":48,"awardId":1548},{"id":202,"prizeId":106,"start":1,"end":1,"awardId":1601},{"id":203,"prizeId":106,"start":2,"end":2,"awardId":1602},{"id":204,"prizeId":106,"start":3,"end":3,"awardId":1603},{"id":205,"prizeId":106,"start":4,"end":4,"awardId":1604},{"id":206,"prizeId":106,"start":5,"end":5,"awardId":1605},{"id":207,"prizeId":106,"start":6,"end":6,"awardId":1606},{"id":208,"prizeId":106,"start":7,"end":7,"awardId":1607},{"id":209,"prizeId":106,"start":8,"end":8,"awardId":1608},{"id":210,"prizeId":106,"start":9,"end":9,"awardId":1609},{"id":211,"prizeId":106,"start":10,"end":10,"awardId":1610},{"id":212,"prizeId":106,"start":11,"end":11,"awardId":1611},{"id":213,"prizeId":106,"start":12,"end":12,"awardId":1612},{"id":214,"prizeId":106,"start":13,"end":13,"awardId":1613},{"id":215,"prizeId":106,"start":14,"end":14,"awardId":1614},{"id":216,"prizeId":106,"start":15,"end":15,"awardId":1615},{"id":217,"prizeId":106,"start":16,"end":16,"awardId":1616},{"id":218,"prizeId":106,"start":17,"end":17,"awardId":1617},{"id":219,"prizeId":106,"start":18,"end":18,"awardId":1618},{"id":220,"prizeId":106,"start":19,"end":19,"awardId":1619},{"id":221,"prizeId":106,"start":20,"end":20,"awardId":1620},{"id":222,"prizeId":106,"start":21,"end":21,"awardId":1621},{"id":223,"prizeId":106,"start":22,"end":22,"awardId":1622},{"id":224,"prizeId":106,"start":23,"end":23,"awardId":1623},{"id":225,"prizeId":106,"start":24,"end":24,"awardId":1624},{"id":226,"prizeId":106,"start":25,"end":25,"awardId":1625},{"id":227,"prizeId":106,"start":26,"end":26,"awardId":1626},{"id":228,"prizeId":106,"start":27,"end":27,"awardId":1627},{"id":229,"prizeId":106,"start":28,"end":28,"awardId":1628},{"id":230,"prizeId":106,"start":29,"end":29,"awardId":1629},{"id":231,"prizeId":106,"start":30,"end":30,"awardId":1630},{"id":232,"prizeId":106,"start":31,"end":31,"awardId":1631},{"id":233,"prizeId":106,"start":32,"end":32,"awardId":1632},{"id":234,"prizeId":106,"start":33,"end":33,"awardId":1633},{"id":235,"prizeId":106,"start":34,"end":34,"awardId":1634},{"id":236,"prizeId":106,"start":35,"end":35,"awardId":1635},{"id":237,"prizeId":106,"start":36,"end":36,"awardId":1636},{"id":238,"prizeId":106,"start":37,"end":37,"awardId":1637},{"id":239,"prizeId":106,"start":38,"end":38,"awardId":1638},{"id":240,"prizeId":106,"start":39,"end":39,"awardId":1639},{"id":241,"prizeId":106,"start":40,"end":40,"awardId":1640},{"id":242,"prizeId":106,"start":41,"end":41,"awardId":1641},{"id":243,"prizeId":106,"start":42,"end":42,"awardId":1642},{"id":244,"prizeId":106,"start":43,"end":43,"awardId":1643},{"id":245,"prizeId":106,"start":44,"end":44,"awardId":1644},{"id":246,"prizeId":106,"start":45,"end":45,"awardId":1645},{"id":247,"prizeId":106,"start":46,"end":46,"awardId":1646},{"id":248,"prizeId":106,"start":47,"end":47,"awardId":1647},{"id":249,"prizeId":106,"start":48,"end":48,"awardId":1648},{"id":250,"prizeId":107,"start":1,"end":1,"awardId":1701},{"id":251,"prizeId":107,"start":2,"end":2,"awardId":1702},{"id":252,"prizeId":107,"start":3,"end":3,"awardId":1703},{"id":253,"prizeId":107,"start":4,"end":4,"awardId":1704},{"id":254,"prizeId":107,"start":5,"end":5,"awardId":1705},{"id":255,"prizeId":107,"start":6,"end":6,"awardId":1706},{"id":256,"prizeId":107,"start":7,"end":7,"awardId":1707},{"id":257,"prizeId":107,"start":8,"end":8,"awardId":1708},{"id":258,"prizeId":107,"start":9,"end":9,"awardId":1709},{"id":259,"prizeId":107,"start":10,"end":10,"awardId":1710},{"id":260,"prizeId":107,"start":11,"end":11,"awardId":1711},{"id":261,"prizeId":107,"start":12,"end":12,"awardId":1712},{"id":262,"prizeId":107,"start":13,"end":13,"awardId":1713},{"id":263,"prizeId":107,"start":14,"end":14,"awardId":1714},{"id":264,"prizeId":107,"start":15,"end":15,"awardId":1715},{"id":265,"prizeId":107,"start":16,"end":16,"awardId":1716},{"id":266,"prizeId":107,"start":17,"end":17,"awardId":1717},{"id":267,"prizeId":107,"start":18,"end":18,"awardId":1718},{"id":268,"prizeId":107,"start":19,"end":19,"awardId":1719},{"id":269,"prizeId":107,"start":20,"end":20,"awardId":1720},{"id":270,"prizeId":107,"start":21,"end":21,"awardId":1721},{"id":271,"prizeId":107,"start":22,"end":22,"awardId":1722},{"id":272,"prizeId":107,"start":23,"end":23,"awardId":1723},{"id":273,"prizeId":107,"start":24,"end":24,"awardId":1724},{"id":274,"prizeId":107,"start":25,"end":25,"awardId":1725},{"id":275,"prizeId":107,"start":26,"end":26,"awardId":1726},{"id":276,"prizeId":107,"start":27,"end":27,"awardId":1727},{"id":277,"prizeId":107,"start":28,"end":28,"awardId":1728},{"id":278,"prizeId":107,"start":29,"end":29,"awardId":1729},{"id":279,"prizeId":107,"start":30,"end":30,"awardId":1730},{"id":280,"prizeId":107,"start":31,"end":31,"awardId":1731},{"id":281,"prizeId":107,"start":32,"end":32,"awardId":1732},{"id":282,"prizeId":107,"start":33,"end":33,"awardId":1733},{"id":283,"prizeId":107,"start":34,"end":34,"awardId":1734},{"id":284,"prizeId":107,"start":35,"end":35,"awardId":1735},{"id":285,"prizeId":107,"start":36,"end":36,"awardId":1736},{"id":286,"prizeId":107,"start":37,"end":37,"awardId":1737},{"id":287,"prizeId":107,"start":38,"end":38,"awardId":1738},{"id":288,"prizeId":107,"start":39,"end":39,"awardId":1739},{"id":289,"prizeId":107,"start":40,"end":40,"awardId":1740},{"id":290,"prizeId":107,"start":41,"end":41,"awardId":1741},{"id":291,"prizeId":107,"start":42,"end":42,"awardId":1742},{"id":292,"prizeId":107,"start":43,"end":43,"awardId":1743},{"id":293,"prizeId":107,"start":44,"end":44,"awardId":1744},{"id":294,"prizeId":107,"start":45,"end":45,"awardId":1745},{"id":295,"prizeId":107,"start":46,"end":46,"awardId":1746},{"id":296,"prizeId":107,"start":47,"end":47,"awardId":1747},{"id":297,"prizeId":107,"start":48,"end":48,"awardId":1748},{"id":298,"prizeId":107,"start":49,"end":49,"awardId":1749},{"id":299,"prizeId":107,"start":50,"end":50,"awardId":1750},{"id":300,"prizeId":107,"start":51,"end":51,"awardId":1751},{"id":301,"prizeId":107,"start":52,"end":52,"awardId":1752},{"id":302,"prizeId":107,"start":53,"end":53,"awardId":1753},{"id":303,"prizeId":107,"start":54,"end":54,"awardId":1754},{"id":304,"prizeId":107,"start":55,"end":55,"awardId":1755},{"id":305,"prizeId":107,"start":56,"end":56,"awardId":1756},{"id":306,"prizeId":107,"start":57,"end":57,"awardId":1757},{"id":307,"prizeId":107,"start":58,"end":58,"awardId":1758},{"id":308,"prizeId":107,"start":59,"end":59,"awardId":1759},{"id":309,"prizeId":107,"start":60,"end":60,"awardId":1760},{"id":310,"prizeId":107,"start":61,"end":61,"awardId":1761},{"id":311,"prizeId":107,"start":62,"end":62,"awardId":1762},{"id":312,"prizeId":107,"start":63,"end":63,"awardId":1763},{"id":313,"prizeId":107,"start":64,"end":64,"awardId":1764},{"id":314,"prizeId":107,"start":65,"end":65,"awardId":1765},{"id":315,"prizeId":108,"start":1,"end":1,"awardId":1801},{"id":316,"prizeId":108,"start":2,"end":2,"awardId":1802},{"id":317,"prizeId":108,"start":3,"end":3,"awardId":1803},{"id":318,"prizeId":108,"start":4,"end":4,"awardId":1804},{"id":319,"prizeId":108,"start":5,"end":5,"awardId":1805},{"id":320,"prizeId":108,"start":6,"end":6,"awardId":1806},{"id":321,"prizeId":108,"start":7,"end":7,"awardId":1807},{"id":322,"prizeId":108,"start":8,"end":8,"awardId":1808},{"id":323,"prizeId":108,"start":9,"end":9,"awardId":1809},{"id":324,"prizeId":108,"start":10,"end":10,"awardId":1810},{"id":325,"prizeId":108,"start":11,"end":11,"awardId":1811},{"id":326,"prizeId":108,"start":12,"end":12,"awardId":1812},{"id":327,"prizeId":108,"start":13,"end":13,"awardId":1813},{"id":328,"prizeId":108,"start":14,"end":14,"awardId":1814},{"id":329,"prizeId":108,"start":15,"end":15,"awardId":1815},{"id":330,"prizeId":108,"start":16,"end":16,"awardId":1816},{"id":331,"prizeId":108,"start":17,"end":17,"awardId":1817},{"id":332,"prizeId":108,"start":18,"end":18,"awardId":1818},{"id":333,"prizeId":108,"start":19,"end":19,"awardId":1819},{"id":334,"prizeId":108,"start":20,"end":20,"awardId":1820},{"id":335,"prizeId":108,"start":21,"end":21,"awardId":1821},{"id":336,"prizeId":108,"start":22,"end":22,"awardId":1822},{"id":337,"prizeId":108,"start":23,"end":23,"awardId":1823},{"id":338,"prizeId":108,"start":24,"end":24,"awardId":1824},{"id":339,"prizeId":108,"start":25,"end":25,"awardId":1825},{"id":340,"prizeId":108,"start":26,"end":26,"awardId":1826},{"id":341,"prizeId":108,"start":27,"end":27,"awardId":1827},{"id":342,"prizeId":108,"start":28,"end":28,"awardId":1828},{"id":343,"prizeId":108,"start":29,"end":29,"awardId":1829},{"id":344,"prizeId":108,"start":30,"end":30,"awardId":1830},{"id":345,"prizeId":108,"start":31,"end":31,"awardId":1831},{"id":346,"prizeId":108,"start":32,"end":32,"awardId":1832},{"id":347,"prizeId":108,"start":33,"end":33,"awardId":1833},{"id":348,"prizeId":108,"start":34,"end":34,"awardId":1834},{"id":349,"prizeId":108,"start":35,"end":35,"awardId":1835},{"id":350,"prizeId":108,"start":36,"end":36,"awardId":1836},{"id":351,"prizeId":108,"start":37,"end":37,"awardId":1837},{"id":352,"prizeId":108,"start":38,"end":38,"awardId":1838},{"id":353,"prizeId":108,"start":39,"end":39,"awardId":1839},{"id":354,"prizeId":108,"start":40,"end":40,"awardId":1840},{"id":355,"prizeId":108,"start":41,"end":41,"awardId":1841},{"id":356,"prizeId":108,"start":42,"end":42,"awardId":1842},{"id":357,"prizeId":108,"start":43,"end":43,"awardId":1843},{"id":358,"prizeId":108,"start":44,"end":44,"awardId":1844},{"id":359,"prizeId":108,"start":45,"end":45,"awardId":1845},{"id":360,"prizeId":108,"start":46,"end":46,"awardId":1846},{"id":361,"prizeId":108,"start":47,"end":47,"awardId":1847},{"id":362,"prizeId":108,"start":48,"end":48,"awardId":1848},{"id":363,"prizeId":109,"start":1,"end":1,"awardId":1901},{"id":364,"prizeId":109,"start":2,"end":2,"awardId":1902},{"id":365,"prizeId":109,"start":3,"end":3,"awardId":1903},{"id":366,"prizeId":109,"start":4,"end":4,"awardId":1904},{"id":367,"prizeId":109,"start":5,"end":5,"awardId":1905},{"id":368,"prizeId":109,"start":6,"end":6,"awardId":1906},{"id":369,"prizeId":109,"start":7,"end":7,"awardId":1907},{"id":370,"prizeId":109,"start":8,"end":8,"awardId":1908},{"id":371,"prizeId":109,"start":9,"end":9,"awardId":1909},{"id":372,"prizeId":109,"start":10,"end":10,"awardId":1910},{"id":373,"prizeId":109,"start":11,"end":11,"awardId":1911},{"id":374,"prizeId":109,"start":12,"end":12,"awardId":1912},{"id":375,"prizeId":109,"start":13,"end":13,"awardId":1913},{"id":376,"prizeId":109,"start":14,"end":14,"awardId":1914},{"id":377,"prizeId":109,"start":15,"end":15,"awardId":1915},{"id":378,"prizeId":109,"start":16,"end":16,"awardId":1916},{"id":379,"prizeId":109,"start":17,"end":17,"awardId":1917},{"id":380,"prizeId":109,"start":18,"end":18,"awardId":1918},{"id":381,"prizeId":109,"start":19,"end":19,"awardId":1919},{"id":382,"prizeId":109,"start":20,"end":20,"awardId":1920},{"id":383,"prizeId":109,"start":21,"end":21,"awardId":1921},{"id":384,"prizeId":109,"start":22,"end":22,"awardId":1922},{"id":385,"prizeId":109,"start":23,"end":23,"awardId":1923},{"id":386,"prizeId":109,"start":24,"end":24,"awardId":1924},{"id":387,"prizeId":109,"start":25,"end":25,"awardId":1925},{"id":388,"prizeId":109,"start":26,"end":26,"awardId":1926},{"id":389,"prizeId":109,"start":27,"end":27,"awardId":1927},{"id":390,"prizeId":109,"start":28,"end":28,"awardId":1928},{"id":391,"prizeId":109,"start":29,"end":29,"awardId":1929},{"id":392,"prizeId":109,"start":30,"end":30,"awardId":1930},{"id":393,"prizeId":109,"start":31,"end":31,"awardId":1931},{"id":394,"prizeId":109,"start":32,"end":32,"awardId":1932},{"id":395,"prizeId":109,"start":33,"end":33,"awardId":1933},{"id":396,"prizeId":109,"start":34,"end":34,"awardId":1934},{"id":397,"prizeId":109,"start":35,"end":35,"awardId":1935},{"id":398,"prizeId":109,"start":36,"end":36,"awardId":1936},{"id":399,"prizeId":109,"start":37,"end":37,"awardId":1937},{"id":400,"prizeId":109,"start":38,"end":38,"awardId":1938},{"id":401,"prizeId":109,"start":39,"end":39,"awardId":1939},{"id":402,"prizeId":109,"start":40,"end":40,"awardId":1940},{"id":403,"prizeId":109,"start":41,"end":41,"awardId":1941},{"id":404,"prizeId":109,"start":42,"end":42,"awardId":1942},{"id":405,"prizeId":109,"start":43,"end":43,"awardId":1943},{"id":406,"prizeId":109,"start":44,"end":44,"awardId":1944},{"id":407,"prizeId":109,"start":45,"end":45,"awardId":1945},{"id":408,"prizeId":109,"start":46,"end":46,"awardId":1946},{"id":409,"prizeId":109,"start":47,"end":47,"awardId":1947},{"id":410,"prizeId":109,"start":48,"end":48,"awardId":1948},{"id":411,"prizeId":110,"start":1,"end":1,"awardId":2001},{"id":412,"prizeId":110,"start":2,"end":2,"awardId":2002},{"id":413,"prizeId":110,"start":3,"end":3,"awardId":2003},{"id":414,"prizeId":110,"start":4,"end":4,"awardId":2004},{"id":415,"prizeId":110,"start":5,"end":5,"awardId":2005},{"id":416,"prizeId":110,"start":6,"end":6,"awardId":2006},{"id":417,"prizeId":110,"start":7,"end":7,"awardId":2007},{"id":418,"prizeId":110,"start":8,"end":8,"awardId":2008},{"id":419,"prizeId":110,"start":9,"end":9,"awardId":2009},{"id":420,"prizeId":110,"start":10,"end":10,"awardId":2010},{"id":421,"prizeId":110,"start":11,"end":11,"awardId":2011},{"id":422,"prizeId":110,"start":12,"end":12,"awardId":2012},{"id":423,"prizeId":110,"start":13,"end":13,"awardId":2013},{"id":424,"prizeId":110,"start":14,"end":14,"awardId":2014},{"id":425,"prizeId":110,"start":15,"end":15,"awardId":2015},{"id":426,"prizeId":110,"start":16,"end":16,"awardId":2016},{"id":427,"prizeId":110,"start":17,"end":17,"awardId":2017},{"id":428,"prizeId":110,"start":18,"end":18,"awardId":2018},{"id":429,"prizeId":110,"start":19,"end":19,"awardId":2019},{"id":430,"prizeId":110,"start":20,"end":20,"awardId":2020},{"id":431,"prizeId":110,"start":21,"end":21,"awardId":2021},{"id":432,"prizeId":110,"start":22,"end":22,"awardId":2022},{"id":433,"prizeId":110,"start":23,"end":23,"awardId":2023},{"id":434,"prizeId":110,"start":24,"end":24,"awardId":2024},{"id":435,"prizeId":110,"start":25,"end":25,"awardId":2025},{"id":436,"prizeId":110,"start":26,"end":26,"awardId":2026},{"id":437,"prizeId":110,"start":27,"end":27,"awardId":2027},{"id":438,"prizeId":110,"start":28,"end":28,"awardId":2028},{"id":439,"prizeId":110,"start":29,"end":29,"awardId":2029},{"id":440,"prizeId":110,"start":30,"end":30,"awardId":2030},{"id":441,"prizeId":110,"start":31,"end":31,"awardId":2031},{"id":442,"prizeId":110,"start":32,"end":32,"awardId":2032},{"id":443,"prizeId":110,"start":33,"end":33,"awardId":2033},{"id":444,"prizeId":110,"start":34,"end":34,"awardId":2034},{"id":445,"prizeId":110,"start":35,"end":35,"awardId":2035},{"id":446,"prizeId":110,"start":36,"end":36,"awardId":2036},{"id":447,"prizeId":201,"start":1,"end":1,"awardId":3001},{"id":448,"prizeId":201,"start":2,"end":2,"awardId":3002},{"id":449,"prizeId":201,"start":3,"end":3,"awardId":3003},{"id":450,"prizeId":202,"start":1,"end":1,"awardId":3004},{"id":451,"prizeId":202,"start":2,"end":2,"awardId":3005},{"id":452,"prizeId":203,"start":1,"end":1,"awardId":3006},{"id":453,"prizeId":203,"start":2,"end":2,"awardId":3007},{"id":454,"prizeId":204,"start":1,"end":1,"awardId":3008} ]