[{"id":1,"des":"快点行动吧，时间宝贵！"},{"id":2,"des":"各位，让看看牌再加吧！"},{"id":3,"des":"ALL-IN！"},{"id":4,"des":"莫偷鸡，偷鸡必被抓"},{"id":5,"des":"你牌技这么好，地球人知道吗？"},{"id":6,"des":"冲动是魔鬼，冷静"},{"id":7,"des":"很高兴和大家一起打牌"},{"id":8,"des":"打诚信德州，不偷不抢"},{"id":9,"des":"这手牌打的不错，赢得漂亮"},{"id":10,"des":"青山不改绿水长流，改日再战"},{"id":11,"des":"嘿嘿，我又赢了，感谢大家"},{"id":12,"des":"你真是一个天生的演员"},{"id":13,"des":"有运气为什么要用技术"},{"id":14,"des":"自己造的池，含泪也要打完"},{"id":15,"des":"运气好，谢谢老板！"} ]