[{"id":1,"type":5,"des":"房间操作"},{"id":2,"type":2,"des":"发手牌"},{"id":3,"type":3,"des":"发公共牌"},{"id":4,"type":6,"data":"如果自己的牌不好，可点击弃\n牌按钮进行弃牌。","delay":1000,"showTime":2000,"panelName":"GamblingPanel","component":["actionGroup"],"xoffset":20,"yoffset":95,"ax":183,"orientation":2,"des":"tips"},{"id":5,"type":6,"data":"点击跟注","delay":6500,"panelName":"GamblingPanel","component":["actionGroup"],"xoffset":555,"yoffset":220,"orientation":3,"des":"tips"},{"id":6,"type":6,"data":"您的底牌为AJ，牌力较高，可\n进行跟注。","delay":3500,"showTime":2000,"panelName":"GamblingPanel","component":["actionGroup"],"xoffset":300,"yoffset":320,"ax":220,"orientation":1,"des":"tips"},{"id":7,"type":6,"data":"您当前的牌型是两对，可适当进行加注，\n点击“1倍底池”按钮进行快速加注！","delay":1000,"showTime":3000,"panelName":"GamblingPanel","component":["actionGroup"],"xoffset":85,"yoffset":-120,"ax":438,"orientation":2,"des":"tips"},{"id":8,"type":6,"data":"点击1倍\n底池","delay":4500,"panelName":"GamblingPanel","component":["actionGroup"],"xoffset":555,"yoffset":-10,"orientation":3,"des":"tips"},{"id":9,"type":6,"data":"牌型并没有变，可选择过牌来继续看牌","showTime":2000,"panelName":"GamblingPanel","component":["actionGroup"],"xoffset":140,"yoffset":120,"ax":380,"orientation":2,"des":"tips"},{"id":28,"type":6,"data":"点击过牌","delay":2500,"panelName":"GamblingPanel","component":["actionGroup"],"xoffset":555,"yoffset":220,"ax":380,"orientation":3,"des":"tips"},{"id":10,"type":6,"data":"同花为比较大的牌型，我们\n可以选择进行继续加注。","delay":1000,"showTime":3500,"panelName":"GamblingPanel","component":["actionGroup"],"xoffset":155,"yoffset":-30,"ax":202,"orientation":2,"des":"tips"},{"id":11,"type":6,"data":"点击加注\n按钮","delay":5000,"panelName":"GamblingPanel","component":["actionGroup"],"xoffset":400,"yoffset":80,"orientation":3,"des":"tips"},{"id":12,"type":6,"data":"向上滑动进行加注，\n滑动到最上方，进行\n全下。","delay":300,"showTime":3500,"panelName":"AddChipsPanel","component":["addChipsVs"],"xoffset":420,"yoffset":315,"orientation":3,"des":"tips"},{"id":13,"type":6,"data":"点击确定，确认进行\n加注。","showTime":2500,"panelName":"AddChipsPanel","component":["addChipsVs"],"xoffset":420,"yoffset":-30,"orientation":3,"des":"tips"},{"id":14,"type":7,"des":"打开面板"},{"id":15,"type":6,"data":"训练结束，返回大\n厅。","panelName":"GamblingPanel","component":["ordinaryRoomGroup"],"xoffset":70,"yoffset":-30,"orientation":3,"des":"tips"},{"id":16,"type":1,"des":"创建房间"},{"id":17,"type":8,"des":"结算"},{"id":19,"type":9,"panelName":"GamblingPanel","component":["actionGroup","callBtn"],"des":"点击按钮"},{"id":20,"type":9,"panelName":"GamblingPanel","component":["actionGroup","oneBtn"],"des":"一倍加注"},{"id":21,"type":9,"panelName":"GamblingPanel","component":["actionGroup","checkBtn"],"des":"点击过牌"},{"id":22,"type":9,"panelName":"GamblingPanel","component":["actionGroup","raiseBtn"],"des":"点击加注"},{"id":24,"type":9,"panelName":"GamblingPanel","component":["optionsBtn"],"des":"点击返回大厅"},{"id":25,"type":10,"panelName":"AddChipsPanel","component":["addChipsVs","thumb"],"des":"滑动allin"},{"id":26,"type":11,"des":"切换场景"},{"id":27,"type":12,"panelName":"AddChipsPanel","component":["addChipsVs"],"offsetV":0,"orientation":1,"des":"引导指示"},{"id":29,"type":13,"panelName":"GamblingPanel","component":["actionGroup"],"des":"关闭加注"},{"id":30,"type":6,"data":"每个玩家发两张牌作为[底牌]","delay":500,"num":1,"isNotClear":1,"panelName":"GamblingPanel","component":["panelState","component","guidePlayWayTipsPosGroup"],"xoffset":-216,"yoffset":-160,"ax":210,"orientation":2,"des":"tips"},{"id":31,"type":6,"data":"经过四轮下注依次发放五张[公共牌]","delay":2800,"num":2,"isNotClear":1,"panelName":"GamblingPanel","component":["panelState","component","guidePlayWayTipsPosGroup1"],"xoffset":-253,"yoffset":15,"ax":250,"orientation":2,"des":"tips"},{"id":32,"type":6,"data":"[底牌]+[公共牌]，七选五组成最大牌型\n和剩余玩家进行比牌，赢取奖池。","delay":7500,"num":3,"isNotClear":1,"panelName":"GamblingPanel","component":["panelState","component","guidePlayWayTipsPosGroup0"],"xoffset":-273,"yoffset":30,"ax":280,"orientation":2,"des":"tips"},{"id":33,"type":14,"panelName":"GamblingPanel","component":["sptCreater","guidePlayWaySupport","run"],"des":"函数调用"}]