[{"id":1,"action":"allin","des":"全下","boy":"boy_allin_mp3","girl":"girl_allin_mp3"},{"id":2,"action":"call","des":"跟注","boy":"boy_call_mp3","girl":"girl_call_mp3"},{"id":3,"action":"check","des":"过牌","boy":"boy_check_mp3","girl":"girl_check_mp3"},{"id":4,"action":"fold","des":"弃牌","boy":"boy_fold_mp3","girl":"girl_fold_mp3"},{"id":5,"action":"raise","des":"加注","boy":"boy_raise_mp3","girl":"girl_raise_mp3"},{"id":6,"action":"bet_allin","des":"全下下注","boy":"bet_allin_mp3"},{"id":7,"action":"bet_no_allin","des":"非全下下注","boy":"bet_no_allin_mp3"},{"id":8,"action":"bet_slider","des":"加注滑动","boy":"bet_slider_mp3"},{"id":9,"action":"bigWin","des":"大胜利（葫芦及以上）","boy":"bigWin_mp3"},{"id":10,"action":"blind","des":"下盲注","boy":"blind_mp3"},{"id":11,"action":"buttonClick","des":"按钮点击","boy":"buttonClick_mp3"},{"id":12,"action":"cardtype_huangjiatonghua","des":"皇家同花顺胜利","boy":"cardtype_huangjiatonghua_mp3"},{"id":13,"action":"cardtype_hulu","des":"葫芦胜利","boy":"cardtype_hulu_mp3"},{"id":14,"action":"cardtype_sitiao","des":"四条胜利","boy":"cardtype_sitiao_mp3"},{"id":15,"action":"cardtype_tonghuashun","des":"同花顺胜利","boy":"cardtype_tonghuashun_mp3"},{"id":16,"action":"chip_fall","des":"筹码落下（一轮下注结束）","boy":"chip_fall_mp3"},{"id":17,"action":"chipfly","des":"筹码结算飞行","boy":"chipfly_mp3"},{"id":18,"action":"chips_move_to_seat","des":"结束筹码","boy":"chips_move_to_seat_mp3"},{"id":19,"action":"close","des":"界面关闭","boy":"close_mp3"},{"id":20,"action":"fapai","des":"发牌1","boy":"fapai1_mp3;fapai2_mp3"},{"id":21,"action":"foldpai","des":"弃牌音效","boy":"foldpai_mp3"},{"id":22,"action":"gift_recv","des":"收取礼物","boy":"gift_recv_mp3"},{"id":23,"action":"gift_send","des":"发送礼物","boy":"gift_send_mp3"},{"id":24,"action":"gold_fall","des":"获得金币","boy":"gold_fall_mp3"},{"id":25,"action":"hallBgm","des":"大厅背景音乐","boy":"hallBgm_mp3"},{"id":26,"action":"levelup","des":"升级","boy":"levelup_mp3"},{"id":27,"action":"light_card","des":"亮牌1","boy":"light_card1_mp3;light_card2_mp3"},{"id":28,"action":"lose","des":"失败","boy":"lose_mp3"},{"id":29,"action":"notice","des":"有提示（加好友、邀请入座）","boy":"notice_mp3"},{"id":30,"action":"on_turn","des":"轮到自己出牌","boy":"on_turn_mp3"},{"id":31,"action":"playingBgm","des":"游戏中背景音乐","boy":"playingBgm_mp3"},{"id":32,"action":"popup","des":"界面打开","boy":"popup_mp3"},{"id":33,"action":"sentMessage","des":"发送信息","boy":"sentMessage_mp3"},{"id":34,"action":"sit","des":"入座","boy":"sit_mp3"},{"id":35,"action":"sit_out","des":"站起","boy":"sit_out_mp3"},{"id":36,"action":"sitClick","des":"点击座位","boy":"sitClick_mp3"},{"id":37,"action":"win","des":"胜利","boy":"win_mp3"},{"id":38,"action":"item_fall","des":"获得道具","boy":"item_fall_mp3"} ]